{
"type": "FeatureCollection",
"name": "potomac_nomainstem",
"crs": { "type": "name", "properties": { "name": "urn:ogc:def:crs:OGC:1.3:CRS84" } },
"features": [
{ "type": "Feature", "properties": { "OBJECTID": 1, "DM": 0, "Shape_Leng": 102670738.89300001, "Shape_Area": 1969778841970.0, "HUC2": 2, "Area": 14631.637021500001 }, "geometry": { "type": "MultiPolygon", "coordinates": [ [ [ [ -76.24505625553779, 37.890221389462823 ], [ -76.24306496044251, 37.895607717146071 ], [ -76.240130658542725, 37.892546459383702 ], [ -76.243247985839872, 37.891613006591776 ], [ -76.243299710685946, 37.888389905599951 ], [ -76.24505625553779, 37.890221389462823 ] ] ], [ [ [ -76.324385085706709, 38.050285799828927 ], [ -76.327825946419651, 38.054401854833706 ], [ -76.333631909757671, 38.056721194209416 ], [ -76.338873297260264, 38.058132636175294 ], [ -76.342390439325655, 38.057713025874882 ], [ -76.347113019067507, 38.054584985785354 ], [ -76.350607277878595, 38.055523404091218 ], [ -76.35346830170046, 38.059174065128566 ], [ -76.353964224515281, 38.065071578480172 ], [ -76.355024723928494, 38.071880800214188 ], [ -76.361944584515328, 38.078293303283075 ], [ -76.36889495805579, 38.082436065053699 ], [ -76.372351075092737, 38.08609435597532 ], [ -76.374029548654065, 38.091095416899726 ], [ -76.372236650061652, 38.093346081443919 ], [ -76.371618673526612, 38.095604377276594 ], [ -76.376280227729453, 38.096554240662577 ], [ -76.382711794074012, 38.096615283631834 ], [ -76.387380977063501, 38.097565146336407 ], [ -76.387312320533511, 38.101643049361769 ], [ -76.394224553291096, 38.108955816828455 ], [ -76.399481196614488, 38.109459362514748 ], [ -76.402967825129323, 38.110847911771863 ], [ -76.400000003718105, 38.113995028199419 ], [ -76.392950461672754, 38.115745961714552 ], [ -76.389387549152644, 38.119339395772805 ], [ -76.388128713327589, 38.125217831382635 ], [ -76.389212098124929, 38.131122971496147 ], [ -76.393248047535451, 38.134785078404704 ], [ -76.39501806079501, 38.13389244267934 ], [ -76.396231127125532, 38.131184014675235 ], [ -76.396322668523879, 38.125294133876949 ], [ -76.401045246468598, 38.12216227909888 ], [ -76.402777118514777, 38.123989518370514 ], [ -76.404440335727855, 38.129898472783012 ], [ -76.407896452241829, 38.133556762531697 ], [ -76.409079003318979, 38.132660313245282 ], [ -76.41089478692669, 38.128597670984817 ], [ -76.410368352970721, 38.124966086557862 ], [ -76.410421749534237, 38.12133831584562 ], [ -76.411672958207035, 38.115910013420958 ], [ -76.412390100644117, 38.106853943321759 ], [ -76.416517589874644, 38.104622355950227 ], [ -76.419927936519557, 38.111450652385017 ], [ -76.42217861480573, 38.117363425011028 ], [ -76.424391153599728, 38.125996067116617 ], [ -76.427816755383716, 38.131916468107462 ], [ -76.430708295230289, 38.134209098886991 ], [ -76.433576949907561, 38.138313707414582 ], [ -76.429975895679959, 38.144176880786787 ], [ -76.431700139508578, 38.146458066174326 ], [ -76.435743718380849, 38.150116356022345 ], [ -76.434523024058791, 38.153732680317127 ], [ -76.426306186497342, 38.155022038266708 ], [ -76.422819557646022, 38.153629673475649 ], [ -76.419935645675253, 38.150432960286494 ], [ -76.41932529970822, 38.15224112205717 ], [ -76.417524772666667, 38.155395867822847 ], [ -76.415113897660717, 38.159908643238616 ], [ -76.41216133194493, 38.161697730489877 ], [ -76.407499779597089, 38.160293918731988 ], [ -76.401617533362042, 38.162510248365194 ], [ -76.403296006945254, 38.167511308309059 ], [ -76.407370097291803, 38.168903672511561 ], [ -76.414976588694614, 38.169426292104873 ], [ -76.424925298425435, 38.169514038920951 ], [ -76.430235341155324, 38.16683994806894 ], [ -76.436102331065868, 38.165985461686638 ], [ -76.437208597816664, 38.170074810575741 ], [ -76.438902329475141, 38.174621920496179 ], [ -76.43649908401629, 38.178680746577136 ], [ -76.42999886276418, 38.183155370806439 ], [ -76.429930207633859, 38.18768722171891 ], [ -76.435095311104774, 38.194984726948952 ], [ -76.439756864781671, 38.196838666465105 ], [ -76.442045685350152, 38.200485511809383 ], [ -76.4419999155932, 38.20365933318832 ], [ -76.448355198803085, 38.209602622590751 ], [ -76.454184047350637, 38.211468010298404 ], [ -76.460592729249569, 38.213787345641464 ], [ -76.466978527284354, 38.218372606791817 ], [ -76.471029732709269, 38.221580760965949 ], [ -76.474577389182684, 38.21934535631037 ], [ -76.473463492061455, 38.215256009916651 ], [ -76.470007376526411, 38.21114758813016 ], [ -76.463598693474239, 38.208374305117253 ], [ -76.457197641929895, 38.20560102052292 ], [ -76.452566600338557, 38.201935102163027 ], [ -76.452055419833457, 38.196491541155929 ], [ -76.453886461456847, 38.19152100477487 ], [ -76.451017807570778, 38.186966262784729 ], [ -76.447485408262509, 38.18829377036684 ], [ -76.442182995451759, 38.190967863060877 ], [ -76.439268572554411, 38.190037077411972 ], [ -76.43990180156888, 38.186416938588422 ], [ -76.442282163002758, 38.183716141348015 ], [ -76.444670150795389, 38.18056521119567 ], [ -76.449995450333986, 38.17698322240993 ], [ -76.455282607257502, 38.175667158651066 ], [ -76.458280941406116, 38.1702541197767 ], [ -76.455999749329308, 38.1661571418676 ], [ -76.450765991360157, 38.163845435750368 ], [ -76.447302245779909, 38.160190961741776 ], [ -76.448492426414091, 38.158840561252717 ], [ -76.452009569950008, 38.158871083737985 ], [ -76.459661831192889, 38.155762118357877 ], [ -76.461996421171349, 38.156235143243627 ], [ -76.46486507519333, 38.160339750300508 ], [ -76.471235614971818, 38.16492501218687 ], [ -76.473585463366717, 38.164490139417723 ], [ -76.474806156926391, 38.16087763097002 ], [ -76.473104795708082, 38.15678065516024 ], [ -76.469633424592004, 38.15403407588002 ], [ -76.465582218167199, 38.150825918417041 ], [ -76.464437808419916, 38.149002495887053 ], [ -76.461569153384957, 38.144901704644596 ], [ -76.459898307436362, 38.138992749123297 ], [ -76.459394757298114, 38.133095241283733 ], [ -76.462927155814668, 38.131313783667089 ], [ -76.465223605079487, 38.134506681444975 ], [ -76.468099889828537, 38.138157341130423 ], [ -76.472196864877063, 38.138191677720208 ], [ -76.477468764798672, 38.137783511644209 ], [ -76.480390817424308, 38.138260350030649 ], [ -76.485021855337138, 38.14146850656568 ], [ -76.48673847279295, 38.145111536986676 ], [ -76.486707960724345, 38.147377461123284 ], [ -76.486639304489032, 38.151909311608406 ], [ -76.488966267790673, 38.153286416535082 ], [ -76.492460525866477, 38.154674965199945 ], [ -76.495931898220078, 38.15742535653942 ], [ -76.498289374952904, 38.156082591148568 ], [ -76.501219051956184, 38.15610547877607 ], [ -76.501196168051166, 38.157921270411073 ], [ -76.500547680654066, 38.162449305986833 ], [ -76.499304103313449, 38.1678776063846 ], [ -76.50337818622009, 38.169269963245185 ], [ -76.508070244031387, 38.168854158431017 ], [ -76.512182466806323, 38.167980591142928 ], [ -76.516248920261035, 38.1698268960997 ], [ -76.521482668585563, 38.172588725691391 ], [ -76.522680474661158, 38.170784374693319 ], [ -76.521558949555498, 38.16714897857139 ], [ -76.518087584473008, 38.163948458622826 ], [ -76.514616220036672, 38.160747937080401 ], [ -76.510549764603013, 38.158447686217897 ], [ -76.509405357425834, 38.156628080677883 ], [ -76.507704002683639, 38.152534922465392 ], [ -76.503050087382647, 38.150230857252737 ], [ -76.498991260458425, 38.147476655916705 ], [ -76.49668718408951, 38.145191655021613 ], [ -76.494993454113839, 38.140644545651888 ], [ -76.492712259321308, 38.136093620436291 ], [ -76.492742772523087, 38.133827696416539 ], [ -76.495680082667363, 38.132946506446807 ], [ -76.499174340625913, 38.13433505617428 ], [ -76.502073501816554, 38.136169919183502 ], [ -76.505537237664697, 38.139370435862993 ], [ -76.509634204479724, 38.139404761501538 ], [ -76.514928974702457, 38.137180790897702 ], [ -76.520803578664797, 38.135868528931169 ], [ -76.525472748709603, 38.1368107494593 ], [ -76.528349025173853, 38.140461402095056 ], [ -76.530027497333407, 38.145912591040513 ], [ -76.532880890119117, 38.15182917192304 ], [ -76.536291231600686, 38.159561544124912 ], [ -76.536825295295344, 38.163643262149776 ], [ -76.537923935618267, 38.169090638389534 ], [ -76.539571896659183, 38.177261702622523 ], [ -76.541257997982768, 38.182716709758566 ], [ -76.544134276209491, 38.1868174987967 ], [ -76.548185475507964, 38.190475785458155 ], [ -76.554006685121095, 38.192787483128598 ], [ -76.558660603241776, 38.195541689529222 ], [ -76.562727058848083, 38.197838128988614 ], [ -76.565603339071885, 38.201938921710436 ], [ -76.570249630050341, 38.205147074972942 ], [ -76.575498634485314, 38.206547064364358 ], [ -76.585409188958167, 38.210247312760657 ], [ -76.596464155913182, 38.216675068530101 ], [ -76.610433540941557, 38.223575846210963 ], [ -76.624441067758212, 38.228214514055182 ], [ -76.632055174924929, 38.228267919610552 ], [ -76.638501988502568, 38.227859746540965 ], [ -76.643750996254141, 38.230163823083359 ], [ -76.6478327148631, 38.232456455886016 ], [ -76.655988519682808, 38.23659158673955 ], [ -76.661245156402046, 38.237987767569827 ], [ -76.669461979472729, 38.236683140064464 ], [ -76.675924047674073, 38.235367070896814 ], [ -76.680005763507495, 38.236755622586671 ], [ -76.680577971130504, 38.238571418937362 ], [ -76.679357286847676, 38.242641702207614 ], [ -76.676381848347376, 38.246700540937574 ], [ -76.672261997407219, 38.248485819098939 ], [ -76.668134514272609, 38.250271096276677 ], [ -76.662252275901523, 38.252498874533124 ], [ -76.656400550496713, 38.252006777621453 ], [ -76.649953736191293, 38.251961000297882 ], [ -76.644079124743612, 38.253277066858701 ], [ -76.639356550135972, 38.255962609200928 ], [ -76.63696093259469, 38.260025254780643 ], [ -76.6357173528083, 38.265457376876519 ], [ -76.632764791306016, 38.267700414746585 ], [ -76.630422574532133, 38.267231206864025 ], [ -76.628675447500868, 38.266311866444291 ], [ -76.626890177844558, 38.268566348309953 ], [ -76.626867291431921, 38.270832274588251 ], [ -76.627988812645228, 38.274921626531466 ], [ -76.626783375677633, 38.277630057718767 ], [ -76.624410644287281, 38.279880722393884 ], [ -76.625570309812389, 38.281250199706129 ], [ -76.62730217930843, 38.283527570159492 ], [ -76.629621510197225, 38.285808756655769 ], [ -76.632543559469752, 38.28628177990214 ], [ -76.6360759572636, 38.284946637715322 ], [ -76.637235621764333, 38.285862165096077 ], [ -76.638387659921577, 38.288135721621387 ], [ -76.640119527727521, 38.290416909421012 ], [ -76.643613784259742, 38.292705725018493 ], [ -76.647146183059775, 38.291824532942712 ], [ -76.64777941434005, 38.287750441245237 ], [ -76.647817556572576, 38.284122669774732 ], [ -76.64607805949359, 38.282753194112352 ], [ -76.642545660295198, 38.283634386714127 ], [ -76.640806162239954, 38.282261097247918 ], [ -76.642026856451963, 38.278190821309046 ], [ -76.64557450872411, 38.275497648386747 ], [ -76.65325727738697, 38.270111306357606 ], [ -76.660955299992267, 38.263366932104788 ], [ -76.667402115340764, 38.263412711302706 ], [ -76.672094177570926, 38.263443230355868 ], [ -76.672651124505094, 38.265712971932331 ], [ -76.675512150187814, 38.272079696215933 ], [ -76.677854365163043, 38.272094954100822 ], [ -76.679059802023161, 38.269382708776284 ], [ -76.680860324212674, 38.265316246649498 ], [ -76.684972550943655, 38.264435053671242 ], [ -76.686696794762724, 38.267620323012586 ], [ -76.68604830836523, 38.273056259272238 ], [ -76.6889551018118, 38.275341260360918 ], [ -76.690145281792084, 38.273990860299492 ], [ -76.691350716403818, 38.270824665326927 ], [ -76.69196106197721, 38.269016500549114 ], [ -76.692571407521271, 38.266754389081598 ], [ -76.692601920719312, 38.264034513447186 ], [ -76.693799725652752, 38.26132226751421 ], [ -76.696164826306827, 38.259975681018545 ], [ -76.697934837071116, 38.258629095482071 ], [ -76.697957721416245, 38.256817116606165 ], [ -76.696798054439256, 38.2554476427159 ], [ -76.696225848921245, 38.254085796673557 ], [ -76.694493977495156, 38.251354476080735 ], [ -76.695150085026199, 38.245468396453894 ], [ -76.698110269843511, 38.242767589545025 ], [ -76.700467736872113, 38.240967051269166 ], [ -76.704610469677064, 38.237369789866584 ], [ -76.707570653024035, 38.23421503262842 ], [ -76.71169813244795, 38.232429751982373 ], [ -76.714612552009626, 38.233352910679614 ], [ -76.71456679202673, 38.237434640964835 ], [ -76.712781532698116, 38.240597027614555 ], [ -76.711576102872968, 38.243305464915736 ], [ -76.715673074335683, 38.24378611820007 ], [ -76.717404951168021, 38.246517444700608 ], [ -76.716199521820286, 38.249679831088713 ], [ -76.712659500773952, 38.251472735622691 ], [ -76.709119479465372, 38.253715774363826 ], [ -76.7055794582256, 38.256412761091781 ], [ -76.702611641940109, 38.260017645154996 ], [ -76.701993668114426, 38.262283572047139 ], [ -76.701963156819232, 38.265453581331862 ], [ -76.700742466124396, 38.269523858596664 ], [ -76.700132121927155, 38.272239919190703 ], [ -76.700093982001732, 38.275413743773228 ], [ -76.701230765517067, 38.279045330990314 ], [ -76.702955008344901, 38.281776651662071 ], [ -76.702932125550603, 38.284042578716409 ], [ -76.701719063488369, 38.287662721856847 ], [ -76.701688550741054, 38.290378782327636 ], [ -76.702253129107348, 38.292648524889991 ], [ -76.706342474911821, 38.29403325991489 ], [ -76.708089603278864, 38.29495260129643 ], [ -76.708654181899476, 38.297222343288489 ], [ -76.709813848378246, 38.298588003431242 ], [ -76.715062860880096, 38.300888266803028 ], [ -76.716214902259651, 38.303161823302716 ], [ -76.71674134127656, 38.308605389725443 ], [ -76.717275407746882, 38.313595007431559 ], [ -76.719007282312234, 38.316322513211105 ], [ -76.72016695082705, 38.317691988219067 ], [ -76.722524424025181, 38.31634540248475 ], [ -76.723714601624806, 38.314541053643765 ], [ -76.722600700485302, 38.3090936716534 ], [ -76.72088408247528, 38.305004321112307 ], [ -76.72151731122365, 38.300480095913379 ], [ -76.724492755623942, 38.29687139737382 ], [ -76.724515636284622, 38.294151521254165 ], [ -76.721021381472227, 38.292316653080086 ], [ -76.71810695738462, 38.290485599593936 ], [ -76.716375085046181, 38.288208227648568 ], [ -76.718755440824111, 38.284599529082541 ], [ -76.717626284586473, 38.280513991893422 ], [ -76.719411551322693, 38.278255696634162 ], [ -76.724111239957026, 38.27692818412195 ], [ -76.724141752282819, 38.274662256962444 ], [ -76.72298208318702, 38.272842647914956 ], [ -76.719480201441002, 38.271911861964014 ], [ -76.7171608662821, 38.269176726729441 ], [ -76.717794095002461, 38.265102634539545 ], [ -76.720182077230191, 38.260586039253276 ], [ -76.722539549802917, 38.259693401936609 ], [ -76.725446343593617, 38.261978403898276 ], [ -76.728353137305348, 38.263809456785552 ], [ -76.734174356006122, 38.267925511322879 ], [ -76.739430994752382, 38.269771824980154 ], [ -76.738889298288996, 38.265236155185178 ], [ -76.737180309507295, 38.261146804381994 ], [ -76.732518758918062, 38.258396408158731 ], [ -76.727834324587732, 38.25746180981141 ], [ -76.726697541128146, 38.25428035455036 ], [ -76.726743307957577, 38.250202449699209 ], [ -76.72678143998337, 38.246124531191484 ], [ -76.733815713724809, 38.245716360740403 ], [ -76.739682696826847, 38.245750694013779 ], [ -76.743810171811333, 38.242603565174882 ], [ -76.747930025512233, 38.241268418154291 ], [ -76.751431911507652, 38.242649341137302 ], [ -76.754910922163603, 38.246296194028965 ], [ -76.756680934229152, 38.244949601717053 ], [ -76.756711437820698, 38.241775768313083 ], [ -76.756162107076833, 38.238147986789258 ], [ -76.753262932870285, 38.235409031737255 ], [ -76.747998660051749, 38.234470618495003 ], [ -76.742742021821442, 38.232624300785226 ], [ -76.743359989921771, 38.229908233167357 ], [ -76.746892378204791, 38.228119138060904 ], [ -76.751607318390398, 38.225425955308815 ], [ -76.755689043758281, 38.227264637983339 ], [ -76.760358229671596, 38.229107136716195 ], [ -76.771466610997237, 38.231437909791076 ], [ -76.77261865352402, 38.232807387010659 ], [ -76.771428479093245, 38.235065692212785 ], [ -76.770215425383199, 38.239135981722924 ], [ -76.771932055739967, 38.243679290220349 ], [ -76.774243768039028, 38.246414430872257 ], [ -76.781804507231385, 38.2528040437127 ], [ -76.784726560762934, 38.253273247683744 ], [ -76.789411000148831, 38.253753893848511 ], [ -76.792317801717843, 38.256489027166779 ], [ -76.795239857892184, 38.257412180767432 ], [ -76.798169536964238, 38.256977302687098 ], [ -76.799893788977457, 38.261066652300414 ], [ -76.800427862939927, 38.266052456715208 ], [ -76.799809891963008, 38.269676417448508 ], [ -76.796819192256748, 38.27555104838622 ], [ -76.800809393357795, 38.28735752285229 ], [ -76.804875865893877, 38.291916079014577 ], [ -76.808324368526868, 38.29918688329262 ], [ -76.805936384434688, 38.30325334762594 ], [ -76.807088427254826, 38.305523091865076 ], [ -76.810010484341305, 38.306900193980624 ], [ -76.814122718799382, 38.306015181810395 ], [ -76.819417504795553, 38.304687664047798 ], [ -76.822904143057016, 38.307876746865261 ], [ -76.821698711546247, 38.311493078262799 ], [ -76.819898189775657, 38.315563358781027 ], [ -76.819867681394058, 38.318733368791207 ], [ -76.822171770283632, 38.323734431922254 ], [ -76.82387314046548, 38.329635763692757 ], [ -76.827336899423713, 38.335998672126586 ], [ -76.83142625565155, 38.338287486928955 ], [ -76.829045900818173, 38.341903818874307 ], [ -76.825482989790331, 38.345962655021573 ], [ -76.82078329318513, 38.346840035430972 ], [ -76.817281400914425, 38.345008985006025 ], [ -76.81258170296546, 38.345436232482776 ], [ -76.813146284225539, 38.347705975630156 ], [ -76.814290700100003, 38.350883615603074 ], [ -76.811315255410136, 38.355400214949753 ], [ -76.806043348416608, 38.354465616633561 ], [ -76.801343650756081, 38.354892863868876 ], [ -76.798970919667582, 38.357597482895024 ], [ -76.800710424373278, 38.359420905951389 ], [ -76.804219944653624, 38.360801825203652 ], [ -76.807157257773326, 38.360817081924559 ], [ -76.814199177673103, 38.360401277308114 ], [ -76.818891250258176, 38.361335875147489 ], [ -76.823590947967602, 38.360454680557915 ], [ -76.825963679004104, 38.358200194393312 ], [ -76.828336408423979, 38.35549557549777 ], [ -76.833615942336309, 38.355522275459158 ], [ -76.834165269089254, 38.359153865771212 ], [ -76.832372376273227, 38.363220330461388 ], [ -76.831746781272273, 38.367298239070948 ], [ -76.832303735893333, 38.370926013414461 ], [ -76.834035614285696, 38.373657334457505 ], [ -76.838124976172338, 38.377304181570764 ], [ -76.846288435288727, 38.38323984518432 ], [ -76.854467150304615, 38.387813661595835 ], [ -76.862119433223128, 38.391002746878854 ], [ -76.866170639651344, 38.391956419284753 ], [ -76.871473054074144, 38.390171141249297 ], [ -76.879689901131584, 38.390209286767934 ], [ -76.887304034901007, 38.392513362040972 ], [ -76.89494104771174, 38.392101372973158 ], [ -76.901426013224963, 38.389412010847145 ], [ -76.902028725124296, 38.386695947042689 ], [ -76.899717009886558, 38.382606593189522 ], [ -76.895642904076396, 38.37850579635333 ], [ -76.892720842632059, 38.376224608693633 ], [ -76.889226573684866, 38.373035523388772 ], [ -76.883962292401691, 38.370742893267746 ], [ -76.878698013042666, 38.369358161416798 ], [ -76.86990132656814, 38.36750040591572 ], [ -76.861714987676876, 38.364284620553548 ], [ -76.861158031188197, 38.360653030386807 ], [ -76.862371090115403, 38.356582748893601 ], [ -76.863584146708533, 38.352054707554942 ], [ -76.863637531990577, 38.345710867965401 ], [ -76.863103457119422, 38.339817164762792 ], [ -76.867230945083136, 38.337570306124817 ], [ -76.871335553611644, 38.338047142043386 ], [ -76.875440162171472, 38.338066212556257 ], [ -76.876050503020892, 38.33535014948162 ], [ -76.874303370238721, 38.3339806748101 ], [ -76.86845162663468, 38.33168423055772 ], [ -76.864934480943063, 38.331215025374526 ], [ -76.858502905148626, 38.328914767459032 ], [ -76.850926907495932, 38.322982920416315 ], [ -76.84803535635487, 38.318435805547225 ], [ -76.848660952453145, 38.313903947561833 ], [ -76.852780815173986, 38.313022751716439 ], [ -76.854550827573391, 38.311672348590605 ], [ -76.852811320425886, 38.308944841322408 ], [ -76.850484353622264, 38.307121418619658 ], [ -76.844663118875218, 38.302105099186193 ], [ -76.845281086981828, 38.298481138694022 ], [ -76.847653814738749, 38.295322569851898 ], [ -76.850026543615087, 38.292614133416173 ], [ -76.848882128207947, 38.28943649428264 ], [ -76.84653990369614, 38.288517154049075 ], [ -76.84183258180272, 38.290306249552373 ], [ -76.835973218641499, 38.290725870170824 ], [ -76.834813546906076, 38.288906262099204 ], [ -76.830151985561969, 38.285709551640764 ], [ -76.827252806725127, 38.281162439197942 ], [ -76.827290943362925, 38.277534663435766 ], [ -76.831990637912241, 38.276653465023713 ], [ -76.837842377669773, 38.278045823988464 ], [ -76.842526818297969, 38.278522657600547 ], [ -76.843709368813606, 38.277622388003962 ], [ -76.845487009180374, 38.275821850145924 ], [ -76.849599240630795, 38.274482888715596 ], [ -76.856625902753279, 38.275425113502912 ], [ -76.861897806429496, 38.275905759680207 ], [ -76.864812235305095, 38.277732996580625 ], [ -76.871259061793836, 38.278221271993644 ], [ -76.877133681392678, 38.276889938218986 ], [ -76.881818120830332, 38.276912822328455 ], [ -76.887059520884392, 38.281471379359964 ], [ -76.892880754888168, 38.286487700235945 ], [ -76.900464373775932, 38.290603750183983 ], [ -76.911000556442943, 38.292923078462614 ], [ -76.918034845152647, 38.292953591775188 ], [ -76.924481676626726, 38.294345950142699 ], [ -76.923863708638748, 38.297969911934587 ], [ -76.920903521013472, 38.301128483879076 ], [ -76.920880645374254, 38.304752445337009 ], [ -76.918492667030876, 38.310176945322823 ], [ -76.914380433007523, 38.310611823065202 ], [ -76.91147362942236, 38.307876688321024 ], [ -76.907971734212097, 38.305145367792896 ], [ -76.904485092345709, 38.301048386304494 ], [ -76.89981590074315, 38.298305624872114 ], [ -76.895718922026887, 38.297378654789654 ], [ -76.893941282525574, 38.29963695716156 ], [ -76.895093330964514, 38.302814596563756 ], [ -76.897412674381329, 38.305999867817604 ], [ -76.900899313300911, 38.309639085010346 ], [ -76.903798491951108, 38.313732252109936 ], [ -76.905530372224462, 38.316913706985297 ], [ -76.909612105139203, 38.320560555724725 ], [ -76.914891636165194, 38.320129490656285 ], [ -76.916661646908494, 38.318779087686622 ], [ -76.920781507411633, 38.316986177191708 ], [ -76.92429102592142, 38.317909331982911 ], [ -76.926625623936985, 38.320186705450624 ], [ -76.929532428280652, 38.322918025977806 ], [ -76.934781458593037, 38.327022635657443 ], [ -76.938863188633462, 38.330211720586625 ], [ -76.93884031209025, 38.332931601112762 ], [ -76.935857249385805, 38.340171894382991 ], [ -76.93758912952427, 38.343349538956694 ], [ -76.944058839936361, 38.341568071727437 ], [ -76.945844101847442, 38.337951737775541 ], [ -76.948804289447509, 38.334339217748379 ], [ -76.951169387557542, 38.331626966357774 ], [ -76.954091450144318, 38.333908152573613 ], [ -76.958165555086012, 38.338005137406611 ], [ -76.962247286163262, 38.341194223525349 ], [ -76.970456503412635, 38.341686314597176 ], [ -76.976331125657836, 38.341255251555346 ], [ -76.97807826194979, 38.343074861251331 ], [ -76.977452671108736, 38.348060671479701 ], [ -76.974500113187403, 38.351219242424463 ], [ -76.974469612064937, 38.355751104205204 ], [ -76.975606408796878, 38.360744543647776 ], [ -76.977933380928903, 38.363472049986584 ], [ -76.980840191290966, 38.367561406172108 ], [ -76.980222228580701, 38.372093266898105 ], [ -76.978993929052919, 38.379795142018757 ], [ -76.981877862699491, 38.387058326839146 ], [ -76.99232255590266, 38.404323649302881 ], [ -77.001615195704971, 38.419319228024719 ], [ -77.005651162447521, 38.431114277212558 ], [ -77.007947621822879, 38.438373649050142 ], [ -77.01027458376582, 38.442012873476756 ], [ -77.016118678861687, 38.447471709736398 ], [ -77.021978017677583, 38.449760531767417 ], [ -77.025479895843901, 38.45339975707914 ], [ -77.024861936364374, 38.458385567948881 ], [ -77.024243977015004, 38.463367564570774 ], [ -77.025388391542634, 38.467453108026625 ], [ -77.026540432642136, 38.471080887947103 ], [ -77.025937723369708, 38.473346818188304 ], [ -77.022985176375656, 38.475147353476267 ], [ -77.020032631982957, 38.477401839278073 ], [ -77.018255006759745, 38.480114088131479 ], [ -77.016462126749389, 38.483734237180002 ], [ -77.014669252098187, 38.489166367113107 ], [ -77.015806042740564, 38.494609942877595 ], [ -77.018132999627696, 38.497791403223637 ], [ -77.021657752066275, 38.498256799517499 ], [ -77.022863171355382, 38.494182701667278 ], [ -77.024076218171516, 38.489200706180668 ], [ -77.02586909676522, 38.484676475363685 ], [ -77.028829264661027, 38.480610007461252 ], [ -77.033559437821737, 38.476547356378681 ], [ -77.037099441750726, 38.474292871347757 ], [ -77.041234533392625, 38.471592067287894 ], [ -77.041242157893294, 38.470230218941104 ], [ -77.041287912604787, 38.462978476091536 ], [ -77.042478081069902, 38.459812275518836 ], [ -77.045430627779098, 38.458007924339363 ], [ -77.048383175909919, 38.456207388067703 ], [ -77.051915554135348, 38.454406851939758 ], [ -77.053693181864276, 38.451694600489915 ], [ -77.053113347592046, 38.450332753084275 ], [ -77.050771142224676, 38.449871172381251 ], [ -77.047826217421104, 38.450767626456653 ], [ -77.04547638338191, 38.451210130350439 ], [ -77.040776707054576, 38.449833021228983 ], [ -77.039624666050628, 38.446201427091744 ], [ -77.040235005317513, 38.443485362028646 ], [ -77.043179924704077, 38.44168482426403 ], [ -77.046719933630655, 38.439884288268914 ], [ -77.053204862063112, 38.436283213931517 ], [ -77.059109957398505, 38.430862527879427 ], [ -77.060895215319022, 38.427700141491023 ], [ -77.06148267263822, 38.427246193221805 ], [ -77.066182347627219, 38.426811319908559 ], [ -77.074414404113554, 38.425479992669047 ], [ -77.079129328484697, 38.422325236729804 ], [ -77.080334756245009, 38.417797187552125 ], [ -77.082722726934819, 38.411460970796064 ], [ -77.086842567921451, 38.408756349258951 ], [ -77.089779866224916, 38.408763978943675 ], [ -77.094479542957146, 38.40923318771771 ], [ -77.099171589901687, 38.409248447068769 ], [ -77.104473980281554, 38.406547640930349 ], [ -77.108593824965808, 38.406108950946383 ], [ -77.106808568017442, 38.411087136636624 ], [ -77.105015679971871, 38.416069135104777 ], [ -77.10262770744859, 38.423309437023242 ], [ -77.101407027298947, 38.431915401663311 ], [ -77.10315415233039, 38.435093049288156 ], [ -77.104329072279327, 38.435550812817894 ], [ -77.106083822673639, 38.436916476533952 ], [ -77.107235857870606, 38.440544258417816 ], [ -77.105450599814105, 38.444618356691613 ], [ -77.101338386578988, 38.445510996717864 ], [ -77.096623458427189, 38.446857584264698 ], [ -77.093075822216903, 38.450470104263111 ], [ -77.094815320889069, 38.455459733270629 ], [ -77.098935160896218, 38.454116960857228 ], [ -77.103062627235929, 38.451408526761796 ], [ -77.108365015146333, 38.450065754771458 ], [ -77.112477228959406, 38.450081014765146 ], [ -77.121273858845441, 38.452373654680528 ], [ -77.126560991464814, 38.45329681514805 ], [ -77.130680832278131, 38.452400362721342 ], [ -77.134793044864452, 38.451507725363953 ], [ -77.138912886827455, 38.451519170840157 ], [ -77.140667637016477, 38.453338784662328 ], [ -77.14004203700425, 38.460586718442002 ], [ -77.141216955341349, 38.460590533875497 ], [ -77.143574419667985, 38.45924013116931 ], [ -77.14651934164678, 38.456981829645848 ], [ -77.148304603663476, 38.45290772763893 ], [ -77.147152569926163, 38.448372046115757 ], [ -77.141293235237455, 38.445182952331535 ], [ -77.13541864203782, 38.443805842828681 ], [ -77.128964220449973, 38.442424916652342 ], [ -77.117794868293672, 38.443298478498058 ], [ -77.116047746195335, 38.440570966043545 ], [ -77.119587756631944, 38.437412393600461 ], [ -77.121968103360572, 38.432888159365753 ], [ -77.1231659033011, 38.427452209054522 ], [ -77.122006241612425, 38.425182462942423 ], [ -77.124951166141969, 38.423378109485739 ], [ -77.127896088261224, 38.421119808763827 ], [ -77.127926599075181, 38.415683856999983 ], [ -77.12736202247234, 38.411605940561131 ], [ -77.127987619591948, 38.403900243997334 ], [ -77.129780509603904, 38.396656126701714 ], [ -77.133328152167095, 38.393039786738328 ], [ -77.142750388261376, 38.386722642950453 ], [ -77.155109932005303, 38.379959176618271 ], [ -77.167469475497668, 38.374099793722536 ], [ -77.182751064314502, 38.369155940030147 ], [ -77.203899629060473, 38.36422352629075 ], [ -77.210956780714653, 38.361518900691081 ], [ -77.217403583550364, 38.363800093623254 ], [ -77.219738161630943, 38.36697774281275 ], [ -77.222652570777029, 38.371517239451514 ], [ -77.228504277261621, 38.376518316406973 ], [ -77.237293284378197, 38.380615309458456 ], [ -77.242572791462564, 38.382892687501894 ], [ -77.249019589549619, 38.384716118635446 ], [ -77.252529084663934, 38.388351532871702 ], [ -77.253696372356799, 38.390621282188967 ], [ -77.254268565619356, 38.39651500150898 ], [ -77.256000418122071, 38.403766755779564 ], [ -77.261264659014117, 38.411029955953246 ], [ -77.263599234442196, 38.415561825787762 ], [ -77.263583970841268, 38.419643559339768 ], [ -77.259448850561824, 38.427337818825826 ], [ -77.255321363671897, 38.432316007400729 ], [ -77.257663570628978, 38.435493655988964 ], [ -77.258830861086736, 38.436401555835793 ], [ -77.263522909153338, 38.438678936649843 ], [ -77.263522906240567, 38.440490921140601 ], [ -77.261745262984761, 38.443206990457988 ], [ -77.262325086867136, 38.447288724195005 ], [ -77.262904915657444, 38.450008608533032 ], [ -77.264644399506949, 38.455902328626145 ], [ -77.265224227371448, 38.458168262843813 ], [ -77.266399145868405, 38.459530113107014 ], [ -77.266978973669154, 38.461799862740747 ], [ -77.267551168720345, 38.466331731979523 ], [ -77.266948444348884, 38.47040965049068 ], [ -77.269290651814316, 38.472679401027726 ], [ -77.272227952437873, 38.473594928029847 ], [ -77.274570161009862, 38.475864678453107 ], [ -77.275157617083039, 38.478130613535527 ], [ -77.271617592655716, 38.481750767497161 ], [ -77.268665027133792, 38.486278821828904 ], [ -77.268642130939654, 38.49216872621686 ], [ -77.266856850578336, 38.499870615032265 ], [ -77.265063985265755, 38.50848038911198 ], [ -77.263873820825864, 38.512554486781013 ], [ -77.260928900835452, 38.515270552687241 ], [ -77.256213969049426, 38.517525039918432 ], [ -77.255023805791353, 38.521602951524201 ], [ -77.254421106542409, 38.526588762360916 ], [ -77.252643483343192, 38.530662860609183 ], [ -77.24792855668106, 38.532921161881788 ], [ -77.240863795510577, 38.533809979562214 ], [ -77.23615649903239, 38.534252481608171 ], [ -77.232616500533268, 38.537418676802808 ], [ -77.229663957982154, 38.540130926116142 ], [ -77.224949037536945, 38.542389222058212 ], [ -77.219051575299545, 38.545997922008667 ], [ -77.218464117325084, 38.546448056150851 ], [ -77.216091409872647, 38.550976100205155 ], [ -77.217853790919918, 38.552337949859513 ], [ -77.221378543634671, 38.552349397131415 ], [ -77.224918551590576, 38.550995181876502 ], [ -77.228450926699267, 38.549190832888954 ], [ -77.231411096375197, 38.546024636387259 ], [ -77.235546180112181, 38.541504222798139 ], [ -77.239666012922342, 38.539699873704407 ], [ -77.242008227466371, 38.541969621199826 ], [ -77.241413151750052, 38.545139635086038 ], [ -77.238460607474991, 38.547397933009421 ], [ -77.237278073051456, 38.550567946180109 ], [ -77.235492822285011, 38.554645859177668 ], [ -77.235485204886686, 38.557819687903155 ], [ -77.231952824965632, 38.558716136974859 ], [ -77.223705518415301, 38.560058904115337 ], [ -77.217235840336656, 38.559589690413524 ], [ -77.207828861817532, 38.557300863402922 ], [ -77.204296478377742, 38.557293231675075 ], [ -77.199001720820064, 38.557735730664035 ], [ -77.194874255926067, 38.559536264751493 ], [ -77.190746790282731, 38.560886662226153 ], [ -77.190159330837361, 38.560882847406411 ], [ -77.18661932461201, 38.562687197417951 ], [ -77.183079316442218, 38.564037597278109 ], [ -77.178959478559207, 38.565387996665244 ], [ -77.17895185474606, 38.567199978121387 ], [ -77.174816764530703, 38.570816308201223 ], [ -77.170101837004182, 38.571708943806627 ], [ -77.165379282926196, 38.573963427412174 ], [ -77.162426738914178, 38.57712962308171 ], [ -77.154759262803609, 38.580280556288606 ], [ -77.142964316506308, 38.584324125554602 ], [ -77.13116936865984, 38.588371509431788 ], [ -77.125264269503845, 38.591976393360191 ], [ -77.124058844250456, 38.59695838781446 ], [ -77.124631053109624, 38.6010401153519 ], [ -77.125210889053761, 38.602855912482546 ], [ -77.128155814127027, 38.602863544621776 ], [ -77.132870744383183, 38.601970908584057 ], [ -77.138760592347722, 38.60108209063327 ], [ -77.144665691494154, 38.597473392429812 ], [ -77.151753337698395, 38.592960609154751 ], [ -77.157650809155953, 38.590259809562838 ], [ -77.162373362467264, 38.587551378035855 ], [ -77.170643548296923, 38.581684380307777 ], [ -77.177723565897708, 38.578983580138136 ], [ -77.184200871831337, 38.578090948041044 ], [ -77.186573582962993, 38.57402066653102 ], [ -77.190708672241811, 38.570404336970874 ], [ -77.195431221916394, 38.567241956954696 ], [ -77.19955106103049, 38.566345506065893 ], [ -77.20366328145073, 38.568622883560188 ], [ -77.204243119873013, 38.57134276391848 ], [ -77.203052953549886, 38.574512777051787 ], [ -77.200680238700187, 38.577225026466714 ], [ -77.196552775037375, 38.579937272483832 ], [ -77.192425310534375, 38.582191754982652 ], [ -77.187695131338899, 38.585804271835229 ], [ -77.186497340625763, 38.590790079958197 ], [ -77.185894635432575, 38.594867991138116 ], [ -77.183506674348592, 38.602112101435047 ], [ -77.181713797154856, 38.607998179781511 ], [ -77.175808696193982, 38.611156744016277 ], [ -77.166394088077254, 38.610225948834511 ], [ -77.158741857702424, 38.610203053190595 ], [ -77.158146769751852, 38.610203052559832 ], [ -77.151082000590819, 38.610634106734459 ], [ -77.13930229896188, 38.610603578247947 ], [ -77.135174827373149, 38.611496212793789 ], [ -77.131039731227631, 38.614204645250346 ], [ -77.123364624088879, 38.618713609936854 ], [ -77.117444266447578, 38.624588239286574 ], [ -77.114461207099012, 38.630470501508341 ], [ -77.109715770507563, 38.637253029029736 ], [ -77.110265097964486, 38.644508586217754 ], [ -77.110226966297162, 38.651760326805622 ], [ -77.111394258921521, 38.653576124985371 ], [ -77.11075341612694, 38.66399787883136 ], [ -77.108342564713041, 38.674415817028375 ], [ -77.105946963539907, 38.681202161788548 ], [ -77.10178897964731, 38.686626658542821 ], [ -77.094693692032251, 38.690227725230734 ], [ -77.082898720253624, 38.691097465537872 ], [ -77.077008866361666, 38.692917069998828 ], [ -77.076784406297975, 38.692999087477865 ], [ -77.074628510589193, 38.693786818495042 ], [ -77.068715770982081, 38.697395517598181 ], [ -77.066343045579899, 38.699199866293043 ], [ -77.061620480808003, 38.7005426366092 ], [ -77.053960613454777, 38.699154076850228 ], [ -77.05041296535957, 38.700500661830532 ], [ -77.049230418460297, 38.70185487872098 ], [ -77.047429897977054, 38.707290822099878 ], [ -77.045652260735366, 38.707737138726038 ], [ -77.040952577557945, 38.704998180208072 ], [ -77.037443070591848, 38.7000009233588 ], [ -77.035673061633418, 38.699539342089359 ], [ -77.032133043677405, 38.700431978959884 ], [ -77.027425732642286, 38.698600920108767 ], [ -77.022703166389476, 38.699039605217784 ], [ -77.019758237228942, 38.698574208420467 ], [ -77.015638388409329, 38.69810499608824 ], [ -77.012701086735021, 38.69673170203999 ], [ -77.010343618053213, 38.69627012068829 ], [ -77.009756157383279, 38.695812356372755 ], [ -77.005041220387056, 38.695797092960476 ], [ -77.001493572837603, 38.697139863682011 ], [ -77.001478316746116, 38.699405793381949 ], [ -77.003828156445124, 38.700775272300646 ], [ -77.006757829171434, 38.703506598376393 ], [ -77.011457509276283, 38.705791607731186 ], [ -77.016180078178053, 38.705356736600876 ], [ -77.017950087808629, 38.705364367870871 ], [ -77.024427406776439, 38.706749110195872 ], [ -77.029729806561591, 38.707676087282159 ], [ -77.033842028627092, 38.709957280648055 ], [ -77.030271497287444, 38.714023744429646 ], [ -77.02258111532268, 38.718074946135381 ], [ -77.020208390320846, 38.720783379422343 ], [ -77.020200762289647, 38.72169127713979 ], [ -77.019598044032179, 38.723953392331282 ], [ -77.021940255106315, 38.725776820277503 ], [ -77.024297727033158, 38.725784452053851 ], [ -77.026662825996013, 38.725792084130433 ], [ -77.02782249021368, 38.728969727811652 ], [ -77.023618727633831, 38.739833983684164 ], [ -77.021810576232056, 38.745716245450389 ], [ -77.016485288869674, 38.747963096844309 ], [ -77.010587798555122, 38.747486252957763 ], [ -77.005270138763393, 38.748371257045193 ], [ -77.002897408984751, 38.750629555902968 ], [ -77.005239613740201, 38.752903115447417 ], [ -77.012312021032969, 38.754291670098056 ], [ -77.016431867424075, 38.756122728521298 ], [ -77.01876644053884, 38.759754319177333 ], [ -77.023458479906751, 38.765213149669577 ], [ -77.027570695489203, 38.767948288848949 ], [ -77.029310177276074, 38.772487776444095 ], [ -77.029272013764825, 38.778381476511925 ], [ -77.028654025686137, 38.782455568551548 ], [ -77.026853483274451, 38.787433742162257 ], [ -77.02329819811402, 38.788780325896127 ], [ -77.019735275843942, 38.792392836505648 ], [ -77.018529824949937, 38.796466928972428 ], [ -77.026166803498853, 38.801483258382618 ], [ -77.027334090424716, 38.803753000844907 ], [ -77.026128640214864, 38.807827092149424 ], [ -77.024350994496459, 38.80872735984137 ], [ -77.021383166287819, 38.81098184098844 ], [ -77.02018535008294, 38.813243951781068 ], [ -77.023107381794631, 38.818695151677282 ], [ -77.024854496038188, 38.822326740961152 ], [ -77.026006518953025, 38.826866226333628 ], [ -77.025380896394978, 38.831848215250211 ], [ -77.024152549910312, 38.838642183937303 ], [ -77.023511662508568, 38.846344048379336 ], [ -77.022298577081187, 38.851326037511193 ], [ -77.021688218905396, 38.854496047288883 ], [ -77.019887675837083, 38.858566324625158 ], [ -77.017507302308672, 38.861728704472064 ], [ -77.013936745639057, 38.864887267124232 ], [ -77.009183635003652, 38.868492151636403 ], [ -77.00504088348697, 38.869384787358278 ], [ -77.000898126909931, 38.870727557768653 ], [ -76.997342832546892, 38.871620189300472 ], [ -76.994382626915439, 38.872966770420753 ], [ -76.990827332151213, 38.873405452538229 ], [ -76.987874757631403, 38.8738441363476 ], [ -76.983144539127863, 38.87382505342552 ], [ -76.979001781094226, 38.874713868071638 ], [ -76.976629038294092, 38.87606426527509 ], [ -76.974248662996942, 38.877868611652296 ], [ -76.973638301498525, 38.881038621053939 ], [ -76.977170703604273, 38.882411917989337 ], [ -76.978353256873604, 38.882419549242513 ], [ -76.980130905704044, 38.881973234421785 ], [ -76.983091109388681, 38.88107678716883 ], [ -76.987828962066942, 38.879737838767056 ], [ -76.991384258277023, 38.878845207840406 ], [ -76.994344464110114, 38.877952576709376 ], [ -76.996122112891527, 38.877052310943753 ], [ -77.000272500895008, 38.87616349634304 ], [ -77.005597807414006, 38.875278489724813 ], [ -77.009137836227168, 38.875743884019528 ], [ -77.014463146928804, 38.87440874322494 ], [ -77.018018437994954, 38.873062159812633 ], [ -77.020383544115816, 38.873069789759732 ], [ -77.022168824060557, 38.870811491838666 ], [ -77.02160426052194, 38.867183718088413 ], [ -77.025754641462157, 38.866745030922736 ], [ -77.027509390232424, 38.869472538679339 ], [ -77.028081585487726, 38.872646362934155 ], [ -77.028653782275569, 38.874916105846367 ], [ -77.029813438642321, 38.878089930592061 ], [ -77.031568185138966, 38.881725334086951 ], [ -77.035092950079147, 38.884910605214245 ], [ -77.036855331973683, 38.886730214715961 ], [ -77.038030253492977, 38.888095875603121 ], [ -77.042737571469786, 38.891284960872326 ], [ -77.048039983558297, 38.89402391260078 ], [ -77.050984919876797, 38.895847338334974 ], [ -77.051572380416474, 38.896755234540016 ], [ -77.052747303427751, 38.897666947588824 ], [ -77.056279701001017, 38.900398268452655 ], [ -77.056867161923591, 38.900852216464052 ], [ -77.05863717680019, 38.901313795524032 ], [ -77.059232268400152, 38.90131761003223 ], [ -77.060407191001175, 38.902225507336873 ], [ -77.062177206146927, 38.903137219103733 ], [ -77.070447453904592, 38.903621690198705 ], [ -77.076390744161145, 38.901340505259007 ], [ -77.071294323548443, 38.898689291696641 ], [ -77.066655665636532, 38.895877861799114 ], [ -77.064366855289975, 38.893566156315941 ], [ -77.061513473999128, 38.89033510936261 ], [ -77.059194145929666, 38.88893130305167 ], [ -77.055776192150205, 38.88523486395458 ], [ -77.051740258199459, 38.88198474361819 ], [ -77.045957199101807, 38.878242526573239 ], [ -77.043096187853763, 38.875465428874158 ], [ -77.039685868280856, 38.871315040577905 ], [ -77.039144186251761, 38.869945563974866 ], [ -77.037488620479593, 38.866287274680232 ], [ -77.036946937995992, 38.864913984880062 ], [ -77.036405256119622, 38.86354450833214 ], [ -77.034749691680545, 38.859882402934659 ], [ -77.033071235647938, 38.857128193484037 ], [ -77.031980242575614, 38.8543930574386 ], [ -77.031514859925835, 38.850753840228911 ], [ -77.032186250594037, 38.848503171183346 ], [ -77.032247290109083, 38.846691191752157 ], [ -77.033529032733441, 38.843540256336112 ], [ -77.034154643250332, 38.842647617382113 ], [ -77.035382974849966, 38.841312477199139 ], [ -77.037770970684889, 38.840450356718129 ], [ -77.039556243610647, 38.840034557872741 ], [ -77.040754055766712, 38.839603497445943 ], [ -77.041967127875395, 38.838722304891071 ], [ -77.042623257594713, 38.836921769707807 ], [ -77.042134984411049, 38.833736500349303 ], [ -77.040532829560163, 38.828716364065329 ], [ -77.039502875612655, 38.824165433340781 ], [ -77.038038059404556, 38.815067389280152 ], [ -77.037710014671262, 38.807354079495184 ], [ -77.038617933389816, 38.797851678753474 ], [ -77.03953347983321, 38.788345465500711 ], [ -77.039609778601559, 38.786083352540892 ], [ -77.040700812310462, 38.771141200684809 ], [ -77.040838150724909, 38.767063292741298 ], [ -77.041021267718094, 38.761627356254522 ], [ -77.04028887542708, 38.748462847696153 ], [ -77.040014207906836, 38.738937546366301 ], [ -77.039808202138261, 38.727600264036923 ], [ -77.041807083542665, 38.720836806535573 ], [ -77.044347651746975, 38.715446642035907 ], [ -77.047399388070616, 38.712333851987296 ], [ -77.051618414904041, 38.709697900001174 ], [ -77.054624377125364, 38.707943143100884 ], [ -77.058782370625821, 38.707119170311181 ], [ -77.062894592842582, 38.707653233283871 ], [ -77.067594272981196, 38.708198740603855 ], [ -77.071706494160438, 38.708732802229221 ], [ -77.074063963282967, 38.708778581831147 ], [ -77.077619239960484, 38.708397115092332 ], [ -77.080594684767988, 38.707546440816508 ], [ -77.083600645760214, 38.705791682060983 ], [ -77.089325832458854, 38.70301717085222 ], [ -77.090795116244109, 38.702305057160778 ], [ -77.104413503577618, 38.700756302489268 ], [ -77.110837420139489, 38.702694175926325 ], [ -77.117764879569563, 38.707363373765276 ], [ -77.122975732877094, 38.710182440645646 ], [ -77.126027465449951, 38.707069650624909 ], [ -77.124966977072816, 38.703422797738952 ], [ -77.123319029596473, 38.699760685695665 ], [ -77.119298354504622, 38.696510558899853 ], [ -77.119428045582524, 38.69243264762882 ], [ -77.12127434328093, 38.690201050709085 ], [ -77.123730986256604, 38.687076816169863 ], [ -77.124455764357961, 38.683010348623775 ], [ -77.125661199766057, 38.682125339354563 ], [ -77.128728189582148, 38.678558599633199 ], [ -77.129346165034548, 38.677662146281932 ], [ -77.131703632644346, 38.6777079245241 ], [ -77.135899768351209, 38.675525922070349 ], [ -77.142438114963568, 38.67383601671056 ], [ -77.148877288384909, 38.67531994130492 ], [ -77.156346436162337, 38.681350986905549 ], [ -77.155552999320875, 38.687683385691372 ], [ -77.156010772524255, 38.691772743284609 ], [ -77.158253809575342, 38.695442482794718 ], [ -77.161732798355132, 38.697323133212194 ], [ -77.167035196384859, 38.697422321677202 ], [ -77.162495718738555, 38.691894818806944 ], [ -77.165692394825854, 38.684250166677273 ], [ -77.178723314524888, 38.682228390382711 ], [ -77.178212141881232, 38.67995101457354 ], [ -77.172360428401916, 38.678482349987547 ], [ -77.168309237576594, 38.6761363058854 ], [ -77.163754503898204, 38.671066567749683 ], [ -77.158505507161195, 38.669155398668742 ], [ -77.153927888999718, 38.664985928814147 ], [ -77.151097391773845, 38.661308557384444 ], [ -77.150639620137412, 38.657219200575312 ], [ -77.143056044501719, 38.654808302860893 ], [ -77.139004857290104, 38.652462260042441 ], [ -77.13496892707991, 38.64966608205625 ], [ -77.135014699554276, 38.648304233861055 ], [ -77.132786921475201, 38.64418435850385 ], [ -77.131695919564947, 38.641441590159452 ], [ -77.130620174001578, 38.638248686057167 ], [ -77.131283921502757, 38.635994199765399 ], [ -77.132504613118357, 38.634655242755116 ], [ -77.136632088179383, 38.634735355612015 ], [ -77.142506683760118, 38.635303751351195 ], [ -77.147229246138494, 38.63493754415925 ], [ -77.150189430075002, 38.634540819036175 ], [ -77.152516383630186, 38.635490681104145 ], [ -77.15427113250928, 38.635978964198912 ], [ -77.155957222395372, 38.638275413041583 ], [ -77.156506540612241, 38.639648706014974 ], [ -77.160626385999478, 38.639725002962763 ], [ -77.163601827836118, 38.638874329185846 ], [ -77.166623040915965, 38.636665621948737 ], [ -77.168606652294329, 38.629902163672284 ], [ -77.168171765536272, 38.624908723448534 ], [ -77.171147205785928, 38.624058048700391 ], [ -77.182446251762073, 38.620643904845359 ], [ -77.193737668133465, 38.617679895020274 ], [ -77.201435670146282, 38.616463014000011 ], [ -77.20487651099819, 38.619247746807545 ], [ -77.205326658792501, 38.623791052870452 ], [ -77.208187671469801, 38.626564340460803 ], [ -77.211590372825881, 38.630707107038056 ], [ -77.214451383118373, 38.63348039635008 ], [ -77.215527133189042, 38.636673299517781 ], [ -77.211292859712941, 38.640220965204911 ], [ -77.209454194625351, 38.642456376399302 ], [ -77.205319091756706, 38.642830212684828 ], [ -77.201206873323187, 38.64230377989891 ], [ -77.198239062865667, 38.643154454865133 ], [ -77.198094118879084, 38.647682501360435 ], [ -77.193928500431937, 38.648964236437592 ], [ -77.193814072174263, 38.652592014316852 ], [ -77.196072368884501, 38.655807808480553 ], [ -77.198971523337519, 38.657223062189068 ], [ -77.207806306497403, 38.657387104110128 ], [ -77.214306507184446, 38.657051416970937 ], [ -77.222607229750253, 38.655392030812337 ], [ -77.228382657761884, 38.659126629014033 ], [ -77.236004378749783, 38.66062581200552 ], [ -77.236057777838241, 38.658813828783622 ], [ -77.234371681945646, 38.656063430215085 ], [ -77.230335746834214, 38.653267252050405 ], [ -77.228039309330498, 38.651413306101531 ], [ -77.226887274664946, 38.650482518436348 ], [ -77.226391355662258, 38.647301059907704 ], [ -77.227154271090143, 38.641876559388407 ], [ -77.231373287236593, 38.638779028883995 ], [ -77.236675681348856, 38.63887821563911 ], [ -77.241398243822744, 38.638508194668788 ], [ -77.247455922666973, 38.633179065913978 ], [ -77.251140875910295, 38.628261922534953 ], [ -77.244945814164552, 38.619079939550744 ], [ -77.248142476721512, 38.610977522014302 ], [ -77.250538086334672, 38.609661452958726 ], [ -77.253452504237956, 38.610622757037213 ], [ -77.257534214080252, 38.612053266353499 ], [ -77.259426279061543, 38.608009683866953 ], [ -77.255428480812483, 38.603855479858503 ], [ -77.251934230291312, 38.60243259857188 ], [ -77.250187105559945, 38.601948133535828 ], [ -77.247944066086575, 38.598278390763809 ], [ -77.248134775292669, 38.591938362303964 ], [ -77.256023494603696, 38.584373815593878 ], [ -77.260143348493443, 38.584450108056735 ], [ -77.268329653537407, 38.586410857248708 ], [ -77.271259327957679, 38.586914397582355 ], [ -77.27367782365765, 38.584694243123138 ], [ -77.265003227362669, 38.579548216951238 ], [ -77.263843564761217, 38.579075195625357 ], [ -77.26269152678357, 38.57814822435229 ], [ -77.262256634557573, 38.573150969814293 ], [ -77.260601049278236, 38.569496488512982 ], [ -77.258945465736076, 38.565838194432615 ], [ -77.256748192718376, 38.560810422349007 ], [ -77.259815177864738, 38.55678591509033 ], [ -77.26341622511805, 38.554584833064546 ], [ -77.27064120395741, 38.549278585481765 ], [ -77.27488310801769, 38.545276966755473 ], [ -77.276164825753739, 38.541672076290439 ], [ -77.276798057764807, 38.540325486766825 ], [ -77.282665032741576, 38.540882432242874 ], [ -77.287257919038339, 38.544594132744955 ], [ -77.292461152250894, 38.547859512986236 ], [ -77.301105234802918, 38.553905806737021 ], [ -77.30569049273933, 38.558067640881859 ], [ -77.308620167656002, 38.558574994112512 ], [ -77.308726964880748, 38.554947216697336 ], [ -77.305370025112481, 38.548996289029141 ], [ -77.304263759080982, 38.546711286371931 ], [ -77.303180377628934, 38.543514569942097 ], [ -77.297382058047106, 38.540695508382129 ], [ -77.294536296326754, 38.537468275805153 ], [ -77.291721047633558, 38.53333695789027 ], [ -77.285457319758436, 38.526424726694628 ], [ -77.28438919567887, 38.522777875584069 ], [ -77.285014798087815, 38.521431287818039 ], [ -77.289912817886005, 38.515171367873769 ], [ -77.294833723778424, 38.508007364395191 ], [ -77.29849579781299, 38.503540354776277 ], [ -77.302775852708308, 38.49817307062321 ], [ -77.306437947175212, 38.493706051900396 ], [ -77.308902232720413, 38.490124044050951 ], [ -77.310801947920694, 38.485622692897543 ], [ -77.312686402965994, 38.48157529126896 ], [ -77.313350159497332, 38.478866852508069 ], [ -77.31457848731452, 38.477077756579043 ], [ -77.315303283255872, 38.472557331999347 ], [ -77.316646052961303, 38.467140451907284 ], [ -77.318591547143285, 38.460827115993268 ], [ -77.318797547149728, 38.454029314812395 ], [ -77.318934881938503, 38.449497445809392 ], [ -77.319758860567617, 38.441353052808985 ], [ -77.320003010121255, 38.433197216176531 ], [ -77.319606289689474, 38.426849549237225 ], [ -77.318042282151524, 38.420021227158308 ], [ -77.315883182862052, 38.413635412157269 ], [ -77.312060889792974, 38.40404524618512 ], [ -77.31271701716615, 38.401790755358036 ], [ -77.31341129178773, 38.398178230414509 ], [ -77.316394369780227, 38.396415839196884 ], [ -77.321506029259339, 38.402401110576712 ], [ -77.32785364434821, 38.406139521098737 ], [ -77.331218182067602, 38.411640325818389 ], [ -77.332324434804875, 38.41392533414308 ], [ -77.335757639229769, 38.417160203840581 ], [ -77.336779967408575, 38.42216509568712 ], [ -77.346141181636227, 38.423687164592188 ], [ -77.346553158292849, 38.429588511935144 ], [ -77.348887740023457, 38.430080607414048 ], [ -77.352328574244424, 38.432861526931063 ], [ -77.356936700242002, 38.436115470749428 ], [ -77.363322464931713, 38.438945981799428 ], [ -77.371447723708485, 38.442260961216292 ], [ -77.373240621048836, 38.441383577865999 ], [ -77.372172514894444, 38.43774053688724 ], [ -77.370486430423981, 38.434990135962849 ], [ -77.367640685588128, 38.431766710594061 ], [ -77.361209143232159, 38.430751998065666 ], [ -77.35770727117594, 38.429783062595924 ], [ -77.357791197311144, 38.427063179622017 ], [ -77.355571060056349, 38.422493164210429 ], [ -77.356295853036386, 38.417972740667523 ], [ -77.352313336444794, 38.41336839211165 ], [ -77.35061962295002, 38.411071940196756 ], [ -77.349528628058977, 38.408332982366595 ], [ -77.345416409147091, 38.40826050197122 ], [ -77.341403374080613, 38.405018003158446 ], [ -77.338649185030491, 38.398620743747159 ], [ -77.320720220835341, 38.38924038038455 ], [ -77.3154407096618, 38.389145012041539 ], [ -77.313838552415262, 38.383678541050379 ], [ -77.30405010464041, 38.377155391835068 ], [ -77.301204360333969, 38.374385916570084 ], [ -77.298320468071182, 38.372520524457677 ], [ -77.296039295273275, 38.370212627547453 ], [ -77.293201181573735, 38.366989200547152 ], [ -77.290927638944439, 38.364681304963824 ], [ -77.288127672107919, 38.360096028438555 ], [ -77.286479737387793, 38.356437726148002 ], [ -77.288318414047325, 38.353752175974115 ], [ -77.29188132233574, 38.35245517690992 ], [ -77.297160831933184, 38.35255054823422 ], [ -77.300449072006074, 38.360317286393958 ], [ -77.302798911423508, 38.360359249826153 ], [ -77.30469099640861, 38.355857899196756 ], [ -77.307735109637974, 38.352287338186173 ], [ -77.316569899107918, 38.351085710452324 ], [ -77.324809597540508, 38.350322772288429 ], [ -77.332278725423038, 38.355896057747529 ], [ -77.335772967418237, 38.356864994807253 ], [ -77.339328244381335, 38.355567997062082 ], [ -77.346507467104558, 38.351158202468568 ], [ -77.353518837976878, 38.352188175507742 ], [ -77.359332399878582, 38.354103157520385 ], [ -77.364650059036748, 38.352836679661195 ], [ -77.365313814440626, 38.350124425421008 ], [ -77.363025011975239, 38.348270478601066 ], [ -77.359561289416519, 38.346397457329672 ], [ -77.356036530203752, 38.346336420942578 ], [ -77.351413146619592, 38.343990376241742 ], [ -77.345561435643631, 38.34343342670374 ], [ -77.337253071271661, 38.346462297641935 ], [ -77.333789349246544, 38.344589276068788 ], [ -77.326884791989968, 38.339931520122413 ], [ -77.323360033157712, 38.33987048262766 ], [ -77.319270703347883, 38.339344051457942 ], [ -77.305667568186649, 38.342731503219539 ], [ -77.292194139039808, 38.342033405506605 ], [ -77.279300539479763, 38.341350566404827 ], [ -77.274745824025047, 38.336734771445883 ], [ -77.270694643500534, 38.33484649218326 ], [ -77.264301250417034, 38.332916247574026 ], [ -77.252010371327046, 38.331787088420427 ], [ -77.238491150744622, 38.332447034731715 ], [ -77.228450914339717, 38.334526051181626 ], [ -77.221912553211297, 38.337127681075074 ], [ -77.21420690082995, 38.339702609361844 ], [ -77.207699058899252, 38.34139633919176 ], [ -77.200031555671856, 38.342613230348505 ], [ -77.192974401280424, 38.34293366665689 ], [ -77.182987575181528, 38.343200697974382 ], [ -77.173565321040485, 38.344383258020393 ], [ -77.167637312339323, 38.346084616925502 ], [ -77.162861336800376, 38.348712947961843 ], [ -77.157452126717786, 38.352691684561627 ], [ -77.152615118319588, 38.357131997762792 ], [ -77.149532863428348, 38.361606643988189 ], [ -77.145298575225027, 38.365608267152311 ], [ -77.1399427719942, 38.367771202853802 ], [ -77.135204946368589, 38.369041499498685 ], [ -77.127545078324559, 38.369800624721044 ], [ -77.116970797856055, 38.370048581490011 ], [ -77.105816686103879, 38.369831143221305 ], [ -77.098774793868245, 38.369693814266071 ], [ -77.092907822325074, 38.369579373146863 ], [ -77.089367804671639, 38.369964657996256 ], [ -77.084012004272495, 38.372127592893122 ], [ -77.080433842395578, 38.373870911806279 ], [ -77.076840423795716, 38.376064363574571 ], [ -77.073239374759481, 38.37826163142585 ], [ -77.071408336645447, 38.38049323060104 ], [ -77.069539153331732, 38.383628915010789 ], [ -77.067044366977939, 38.388115003466297 ], [ -77.062138711921008, 38.394363479739006 ], [ -77.05669137257523, 38.399242480131122 ], [ -77.053105582915947, 38.40098579716625 ], [ -77.047780304703181, 38.402240832452584 ], [ -77.041920963277931, 38.401668626037406 ], [ -77.037877404544915, 38.39977653432647 ], [ -77.032727581904879, 38.395591808767847 ], [ -77.024754889682896, 38.388176032866603 ], [ -77.018468288354768, 38.38306433535687 ], [ -77.015057957301252, 38.379821840897527 ], [ -77.013387119680232, 38.377067628764742 ], [ -77.013509177375695, 38.373443663660154 ], [ -77.014775639038888, 38.370746671888874 ], [ -77.014897695706082, 38.367122708510344 ], [ -77.015019751888872, 38.3634987453934 ], [ -77.014569606358521, 38.359409387898282 ], [ -77.014745062809752, 38.354423576980537 ], [ -77.014928148836702, 38.348987631306407 ], [ -77.015111233379926, 38.343551685311738 ], [ -77.015202776223035, 38.34083180499389 ], [ -77.014767886405878, 38.336288499384537 ], [ -77.015507917805152, 38.331771895377308 ], [ -77.0179798169912, 38.328193707580709 ], [ -77.022206468314209, 38.324653663313043 ], [ -77.024068021126396, 38.321514167328189 ], [ -77.026921410134747, 38.323841133071404 ], [ -77.03107940742828, 38.322563207478019 ], [ -77.034070110081075, 38.320808444814567 ], [ -77.03818996300501, 38.320438416937996 ], [ -77.045117431282677, 38.323753387985981 ], [ -77.053837794612903, 38.326190978344208 ], [ -77.057415960500165, 38.324451475865494 ], [ -77.059254629004485, 38.322219874842425 ], [ -77.064541774914332, 38.321872733247552 ], [ -77.064618062066018, 38.319606802829028 ], [ -77.064663835008787, 38.318244954323539 ], [ -77.065434386644228, 38.312820450948095 ], [ -77.069157499875772, 38.30654526762553 ], [ -77.067448518702903, 38.305152903516991 ], [ -77.061459478736282, 38.308662429635575 ], [ -77.058911289776702, 38.314956686250277 ], [ -77.055943469568206, 38.315807364947091 ], [ -77.047314648217437, 38.310646081084485 ], [ -77.039738689290601, 38.30913546150849 ], [ -77.033803052818115, 38.311283140390145 ], [ -77.030301173934689, 38.310760527725058 ], [ -77.026288122139064, 38.30796054110494 ], [ -77.025761689062676, 38.306133300456821 ], [ -77.023511017568865, 38.303367644277039 ], [ -77.018941016066748, 38.299652130342395 ], [ -77.016644573777157, 38.298248321818768 ], [ -77.010899648888937, 38.294502291198803 ], [ -77.004101859181716, 38.287563358542513 ], [ -76.998501872708857, 38.279743228343989 ], [ -76.992734049995846, 38.27690509904852 ], [ -76.985730275431933, 38.275856063094949 ], [ -76.981076349847839, 38.27485280139399 ], [ -76.976483452579103, 38.272037558528723 ], [ -76.971890554863151, 38.269222315943928 ], [ -76.967320542579884, 38.265502989019858 ], [ -76.961163601025007, 38.257213657515379 ], [ -76.958447518846057, 38.250812599295458 ], [ -76.957486179689738, 38.244896000476494 ], [ -76.957081786266201, 38.23944860955168 ], [ -76.958416896150112, 38.234943449463117 ], [ -76.961514390194878, 38.230018670433381 ], [ -76.964222862195115, 38.236419732516175 ], [ -76.968472514744803, 38.249206598553478 ], [ -76.973202721590624, 38.247940113900725 ], [ -76.973347651788288, 38.243866016607384 ], [ -76.971882749482006, 38.235218095751428 ], [ -76.969174275220425, 38.228817032957714 ], [ -76.965306134657524, 38.221935318957328 ], [ -76.962521383966504, 38.217796372669156 ], [ -76.965679898621403, 38.21106342622145 ], [ -76.966839566476082, 38.211540262299145 ], [ -76.973110947646646, 38.216655768958539 ], [ -76.977192669056819, 38.217193638597436 ], [ -76.980732694167912, 38.216358215478955 ], [ -76.983189330219858, 38.213233974779051 ], [ -76.987377839199809, 38.210601830876477 ], [ -76.995007210751893, 38.210304277896022 ], [ -76.99973741538173, 38.209037795757716 ], [ -76.999226228759241, 38.206760420763146 ], [ -76.995144510328629, 38.206226364550282 ], [ -76.990490584340364, 38.20522310266427 ], [ -76.987621925901152, 38.203350086970964 ], [ -76.981106455206827, 38.205486324444557 ], [ -76.97982474155458, 38.208633451696961 ], [ -76.976917947540443, 38.20811847015316 ], [ -76.974034034414487, 38.20669940410906 ], [ -76.972370810038484, 38.203945191071739 ], [ -76.970013337010826, 38.204349553037801 ], [ -76.9594619130403, 38.204586072302071 ], [ -76.953465251851242, 38.208541919467308 ], [ -76.947583008953387, 38.209327752363706 ], [ -76.946438596953882, 38.208396966581283 ], [ -76.938374322555291, 38.204601346392955 ], [ -76.932545473142085, 38.203571382829708 ], [ -76.924969499659014, 38.202507087001379 ], [ -76.918011496423745, 38.200546336641374 ], [ -76.915699791220405, 38.199592663417029 ], [ -76.91460877603042, 38.197300028223793 ], [ -76.913563529491412, 38.193653176612351 ], [ -76.915447961317867, 38.190063542964296 ], [ -76.917851203269464, 38.18830114909867 ], [ -76.919148174505565, 38.184700071305002 ], [ -76.919796659204465, 38.182903348598444 ], [ -76.921093629394775, 38.179302270149378 ], [ -76.919392269987171, 38.177906090026475 ], [ -76.914120374565556, 38.177795467508737 ], [ -76.909313892588088, 38.18132025486964 ], [ -76.906780974303416, 38.18670661214464 ], [ -76.903630081130302, 38.192989425955673 ], [ -76.896748361757162, 38.188762742067247 ], [ -76.890469360352014, 38.184097367795104 ], [ -76.882481371566755, 38.178031999238065 ], [ -76.877911360186602, 38.174758988852695 ], [ -76.87270811738712, 38.172836382286889 ], [ -76.86804656829473, 38.172279438948159 ], [ -76.863934341204939, 38.172645652794458 ], [ -76.860440084540087, 38.172119226135116 ], [ -76.856976343308347, 38.170684900466604 ], [ -76.854100062434, 38.169262018929992 ], [ -76.847714271287444, 38.167762844835167 ], [ -76.837292532964341, 38.164363951154606 ], [ -76.828518757725334, 38.16417322239073 ], [ -76.820843617751649, 38.16582117633682 ], [ -76.81375594151892, 38.167476759561758 ], [ -76.80489825159691, 38.169551964448054 ], [ -76.795506498449114, 38.170250059331629 ], [ -76.78436761862811, 38.170459875624402 ], [ -76.769192794303422, 38.169216292817019 ], [ -76.772252156666568, 38.16565335847401 ], [ -76.772969301600753, 38.162044647830122 ], [ -76.773167643500514, 38.156608696050938 ], [ -76.767300659499583, 38.156929134159725 ], [ -76.764432011086782, 38.155506251844194 ], [ -76.762173708828243, 38.153186911344541 ], [ -76.763440171932785, 38.150497546865203 ], [ -76.761754072618075, 38.148647417128238 ], [ -76.754857111537802, 38.145317184274838 ], [ -76.753216784793835, 38.142105204114138 ], [ -76.752163919027652, 38.138908483257872 ], [ -76.750599878652707, 38.133884519586616 ], [ -76.742428832322958, 38.133247477392374 ], [ -76.730717766116982, 38.133438232156273 ], [ -76.727894893014977, 38.130653503725966 ], [ -76.724553216972183, 38.126045349465898 ], [ -76.724141213486178, 38.121502040371965 ], [ -76.720242589410503, 38.1159707304016 ], [ -76.722203314741904, 38.110572923449809 ], [ -76.731579795731022, 38.11033257867372 ], [ -76.740971532408963, 38.109638283941933 ], [ -76.748570373611003, 38.109809930161056 ], [ -76.753346343664802, 38.107196855435049 ], [ -76.752865683934985, 38.10446171308562 ], [ -76.747639566953481, 38.103439376780479 ], [ -76.739476153259972, 38.102802339538272 ], [ -76.734906155420504, 38.099525519906237 ], [ -76.738148598805154, 38.090984394161872 ], [ -76.737736596245142, 38.086441085269563 ], [ -76.737309336507877, 38.082347909240553 ], [ -76.733967661110455, 38.077739756148468 ], [ -76.727009682778856, 38.076221523257836 ], [ -76.720028818155996, 38.075157239697695 ], [ -76.715443565203003, 38.07278450605402 ], [ -76.710865943423244, 38.069961640212064 ], [ -76.704510682766795, 38.068000901460863 ], [ -76.699185398931988, 38.069694642562723 ], [ -76.702015897670151, 38.072025417150705 ], [ -76.706006061419686, 38.074836840572452 ], [ -76.718052836181414, 38.081005180684301 ], [ -76.725995020906367, 38.087535931909052 ], [ -76.728009203362689, 38.096195300420291 ], [ -76.726086622066745, 38.100689021727618 ], [ -76.714276387376287, 38.103592036496998 ], [ -76.707654122194768, 38.108429090800009 ], [ -76.705662883111884, 38.114734795023551 ], [ -76.706471628940477, 38.124275359602542 ], [ -76.709843818325993, 38.12797942614511 ], [ -76.714924990693589, 38.133079674631517 ], [ -76.717694463232675, 38.137226250791507 ], [ -76.716321199792617, 38.142635500860095 ], [ -76.712224231951254, 38.142540137518345 ], [ -76.703717469021186, 38.135093856112285 ], [ -76.699124586266876, 38.132721119167186 ], [ -76.692815095429737, 38.129402340780814 ], [ -76.686894718198502, 38.131080818597489 ], [ -76.686772659982807, 38.134250834245385 ], [ -76.690213507219383, 38.136146734009436 ], [ -76.696614542441438, 38.137199581262344 ], [ -76.700673366056279, 38.13819902626846 ], [ -76.70169571499531, 38.142303643317035 ], [ -76.702748577426718, 38.145500359540875 ], [ -76.705670621352496, 38.145565205780372 ], [ -76.709111470663103, 38.147457292017158 ], [ -76.706670085021372, 38.150123770991001 ], [ -76.705395991465764, 38.152816952121775 ], [ -76.702954605231142, 38.155479615718342 ], [ -76.702817290952652, 38.159103580840089 ], [ -76.702123026561082, 38.161808204463661 ], [ -76.699200983546916, 38.161743358323719 ], [ -76.689855011528266, 38.161075796848969 ], [ -76.684224523717276, 38.155052393007921 ], [ -76.666371794828137, 38.147384871769951 ], [ -76.658582185892968, 38.136776208796569 ], [ -76.651685233271252, 38.133442174539297 ], [ -76.644841683164771, 38.128750108913813 ], [ -76.64179753092705, 38.116890221831824 ], [ -76.638318541488957, 38.115902221010892 ], [ -76.636991046362539, 38.11994961748703 ], [ -76.636922432896739, 38.136726651837748 ], [ -76.64198071480233, 38.142284656900685 ], [ -76.643041204235445, 38.145031236655541 ], [ -76.64279708452861, 38.151375077571103 ], [ -76.639821639560168, 38.152664448440461 ], [ -76.638097398875999, 38.15171840686417 ], [ -76.634023320692592, 38.151169095770356 ], [ -76.622945484369055, 38.150001814139976 ], [ -76.618314458794728, 38.148533162792695 ], [ -76.613050200189505, 38.148411099803077 ], [ -76.612539028014353, 38.146583861798604 ], [ -76.614400583687413, 38.143905944812822 ], [ -76.613317208387528, 38.141613312449778 ], [ -76.612256719635539, 38.13887054904508 ], [ -76.609510136902898, 38.134270030977007 ], [ -76.606107434545763, 38.131470050926694 ], [ -76.604566289795144, 38.125992152285733 ], [ -76.602903084689828, 38.123684264649874 ], [ -76.603009886246298, 38.120968202759954 ], [ -76.617330172830634, 38.114048320165843 ], [ -76.618619524858246, 38.110905008402305 ], [ -76.609197272555662, 38.112495755182742 ], [ -76.605191852832789, 38.11013446709957 ], [ -76.598355935554636, 38.105438592543585 ], [ -76.590314582841557, 38.101620101528262 ], [ -76.583371861982272, 38.099644105290032 ], [ -76.577085262511702, 38.095863758229051 ], [ -76.568479337658033, 38.091579878797596 ], [ -76.557515942562034, 38.0876889182722 ], [ -76.547201039800854, 38.082451372765256 ], [ -76.537450713381304, 38.07768303315472 ], [ -76.534597329315432, 38.075798583189332 ], [ -76.534124303701304, 38.073067266911771 ], [ -76.534284511788229, 38.068989362504524 ], [ -76.531621852132844, 38.062576876743528 ], [ -76.528867647037259, 38.058430316579134 ], [ -76.525503093309823, 38.054718633516146 ], [ -76.520452449260162, 38.049606964620317 ], [ -76.519376705603491, 38.047314339712472 ], [ -76.520688947889951, 38.043720899261004 ], [ -76.528699776798589, 38.04799332613112 ], [ -76.534597266536537, 38.046776423978649 ], [ -76.537153088543022, 38.041397701853839 ], [ -76.542516549804091, 38.053318591886352 ], [ -76.544057692189384, 38.058796485580515 ], [ -76.546224437835875, 38.062927786512084 ], [ -76.551397147012793, 38.065319584682442 ], [ -76.553273959684006, 38.062191534654104 ], [ -76.55411317501671, 38.055862957757817 ], [ -76.555463560654402, 38.051361618560435 ], [ -76.561376305036958, 38.049690765877671 ], [ -76.56435174997867, 38.048401391331716 ], [ -76.558614469279533, 38.045544204591771 ], [ -76.552320244035059, 38.042217813283791 ], [ -76.548925175331789, 38.039414025682632 ], [ -76.549596553761234, 38.037163355895906 ], [ -76.553815579122329, 38.034088701679252 ], [ -76.557447143715109, 38.031002604884378 ], [ -76.55922477157668, 38.026520335675592 ], [ -76.555944145514232, 38.024620630554558 ], [ -76.549466828490907, 38.025822281612292 ], [ -76.546476126207921, 38.027565603158706 ], [ -76.544172059453686, 38.026604310382169 ], [ -76.543210750064546, 38.021591808785089 ], [ -76.547513691920017, 38.016255042518125 ], [ -76.554044411686149, 38.013691548961255 ], [ -76.559934269287169, 38.012470825670611 ], [ -76.565862269863729, 38.010346018712639 ], [ -76.570096551585848, 38.006821230064226 ], [ -76.573155912419878, 38.003265923825531 ], [ -76.569165754765052, 38.000900830732967 ], [ -76.56146774638033, 38.003437629860997 ], [ -76.553128873542818, 38.007321016168987 ], [ -76.547132213076836, 38.011257797897123 ], [ -76.544881549027806, 38.008934659765799 ], [ -76.546193789375067, 38.005337402775439 ], [ -76.545720763180483, 38.002606085392479 ], [ -76.542386711041274, 37.998444265481787 ], [ -76.539609581136631, 37.994751641517105 ], [ -76.534444480212642, 37.992356025996948 ], [ -76.532590580944643, 37.995033955955854 ], [ -76.533063635482335, 37.997765283114802 ], [ -76.533460395555437, 38.002308585966468 ], [ -76.535108340708604, 38.005070416383049 ], [ -76.534360673095321, 38.009133062906287 ], [ -76.530835914784561, 38.009503099319957 ], [ -76.524267049479789, 38.012970677520812 ], [ -76.532316022690722, 38.016339019817849 ], [ -76.533338363872701, 38.019993489173501 ], [ -76.535489850464998, 38.024578738659145 ], [ -76.533628295639687, 38.02725284312762 ], [ -76.529592364695631, 38.025795644886436 ], [ -76.524412030282434, 38.023857800398247 ], [ -76.51315111370559, 38.027664897496699 ], [ -76.512021968064772, 38.026730302636444 ], [ -76.508008922872776, 38.024819156151715 ], [ -76.502241128737168, 38.022862240717423 ], [ -76.4918422871812, 38.019886781223882 ], [ -76.480817828528004, 38.017800130919959 ], [ -76.474996611086794, 38.01720502981842 ], [ -76.471548127177059, 38.01575925771693 ], [ -76.469289826920559, 38.013890057612073 ], [ -76.467046784596391, 38.011566908735098 ], [ -76.464254425072966, 38.008324419861928 ], [ -76.463254969561476, 38.004215999368817 ], [ -76.462789571235476, 38.001484680241362 ], [ -76.465833670628498, 37.998387150800504 ], [ -76.471105568471913, 37.998062909378362 ], [ -76.476743711520371, 38.003189868024045 ], [ -76.483251568588088, 38.001084170557753 ], [ -76.490362137543087, 37.998989913622665 ], [ -76.497559761611825, 37.993746018550816 ], [ -76.498189803858452, 37.993286939782202 ], [ -76.50035223997665, 37.993480777798979 ], [ -76.505170676956212, 37.993912535649393 ], [ -76.50597248300646, 37.992946717597789 ], [ -76.507016950917503, 37.991688554516607 ], [ -76.50010472556859, 37.989254797055835 ], [ -76.500852348538388, 37.98519213408246 ], [ -76.50907677491513, 37.98403243324411 ], [ -76.506948119022397, 37.978989399819866 ], [ -76.499982505373396, 37.977913677286523 ], [ -76.494603834107195, 37.980957804454867 ], [ -76.492681283815159, 37.984989946359363 ], [ -76.49030855889373, 37.985840621237109 ], [ -76.483152246346549, 37.989289101775199 ], [ -76.47373761354774, 37.990872190787741 ], [ -76.472760994879351, 37.986313616532563 ], [ -76.471830135020184, 37.980393190631482 ], [ -76.466695528890881, 37.977547411029484 ], [ -76.470945040980709, 37.973572493539152 ], [ -76.478490508944404, 37.974663512264861 ], [ -76.482344552561898, 37.966140999439453 ], [ -76.483626289917467, 37.963455449261964 ], [ -76.487196837674745, 37.961727385641225 ], [ -76.490157034764934, 37.96089196206912 ], [ -76.487967408477147, 37.957210778444207 ], [ -76.485197952098758, 37.953514336925927 ], [ -76.484671527314291, 37.952141046429261 ], [ -76.486098225415617, 37.945827714283311 ], [ -76.485716762650682, 37.940834271779288 ], [ -76.4810704797775, 37.940265889578221 ], [ -76.476691212726237, 37.947410827874471 ], [ -76.476431806224767, 37.953754673649968 ], [ -76.476775119472862, 37.959656016310788 ], [ -76.474890660681908, 37.962784071609796 ], [ -76.468962636711424, 37.964905052401512 ], [ -76.458258620821454, 37.969627661134361 ], [ -76.453969691108455, 37.974510883615025 ], [ -76.454381727119838, 37.978600249053187 ], [ -76.462308725985665, 37.984692348922316 ], [ -76.463910941332017, 37.988362099309938 ], [ -76.454587832451054, 37.987675437155097 ], [ -76.447515417933403, 37.989315749448053 ], [ -76.441678941499859, 37.989166966825884 ], [ -76.439474012178081, 37.985939721992132 ], [ -76.439000959558655, 37.983204575405857 ], [ -76.440374187002476, 37.978253088142196 ], [ -76.443448783115485, 37.974701599715253 ], [ -76.447042192569882, 37.972523409197429 ], [ -76.445363708023748, 37.970669459521524 ], [ -76.441823686961172, 37.971485800289216 ], [ -76.437650443499109, 37.973648733338962 ], [ -76.433034654307619, 37.972172432531828 ], [ -76.434072287775038, 37.975372973797064 ], [ -76.432775330006393, 37.978516290166624 ], [ -76.425885969163957, 37.975620914812666 ], [ -76.423703925574159, 37.971939719707379 ], [ -76.420348272593415, 37.968223892876814 ], [ -76.416945578022492, 37.965874044324714 ], [ -76.411208297279089, 37.963459348998207 ], [ -76.405425237583771, 37.9619525507849 ], [ -76.399069975142666, 37.960434310387704 ], [ -76.390959957753836, 37.958866481630338 ], [ -76.388701669782719, 37.956993469218091 ], [ -76.388816118843408, 37.954277406914898 ], [ -76.390021561354388, 37.953400025043514 ], [ -76.391829726497747, 37.952087768472246 ], [ -76.397155030710323, 37.950409294308955 ], [ -76.400710319584675, 37.949138996245438 ], [ -76.401412230911575, 37.946434377351572 ], [ -76.400359384265144, 37.943687798145717 ], [ -76.397475486487394, 37.942707426065901 ], [ -76.392775793098721, 37.943493261206989 ], [ -76.388068470384695, 37.944279093420967 ], [ -76.386412903899824, 37.941971206982792 ], [ -76.38709192380567, 37.939720537024833 ], [ -76.387870132626318, 37.935207752708507 ], [ -76.389319732555492, 37.928440481626801 ], [ -76.386519764069718, 37.925648131980545 ], [ -76.382438053316122, 37.925545142574087 ], [ -76.378806464992664, 37.928627421670143 ], [ -76.375060427719632, 37.93442576195671 ], [ -76.374862048856897, 37.938957616984545 ], [ -76.37647946562268, 37.942173401618369 ], [ -76.378135031550272, 37.944481288519505 ], [ -76.380317019198401, 37.948166278677689 ], [ -76.38011864207752, 37.952694321119189 ], [ -76.378707189569667, 37.958553691116528 ], [ -76.374663626836252, 37.957546617180036 ], [ -76.361358015065093, 37.954483436897277 ], [ -76.354453443655203, 37.95203822860389 ], [ -76.358069774402111, 37.94940990018965 ], [ -76.360015277957245, 37.944923820568576 ], [ -76.359565158696313, 37.941738552778787 ], [ -76.356124318658686, 37.94028897409811 ], [ -76.352530876693976, 37.942463354449963 ], [ -76.349418079186123, 37.946918918798502 ], [ -76.346991931106487, 37.94912381548275 ], [ -76.335517377794389, 37.944294434769979 ], [ -76.33036756445766, 37.941891185749242 ], [ -76.331725610199584, 37.937393664149589 ], [ -76.328185579598397, 37.938210013267621 ], [ -76.324630289634328, 37.939476495846101 ], [ -76.322341483856462, 37.938511382266427 ], [ -76.309753053865762, 37.932285828966002 ], [ -76.296035482796427, 37.92557963389725 ], [ -76.284026889350471, 37.9198232917581 ], [ -76.273689119436852, 37.915920888361349 ], [ -76.266815076841027, 37.91301792665238 ], [ -76.259414616308689, 37.908741678834232 ], [ -76.257705644159643, 37.907788010997024 ], [ -76.256637545346237, 37.905491574201669 ], [ -76.254989615476575, 37.903183691825227 ], [ -76.255653379378046, 37.901386974835376 ], [ -76.256332403973005, 37.899136307544595 ], [ -76.256973278608598, 37.897793537237412 ], [ -76.261016835459358, 37.898808234667285 ], [ -76.269561696349385, 37.903568942630137 ], [ -76.277076612623773, 37.905125318922479 ], [ -76.274307169345889, 37.90187902738505 ], [ -76.270301762927716, 37.899960248236091 ], [ -76.268615681791118, 37.898552632472224 ], [ -76.265754678155432, 37.897118317182006 ], [ -76.268226607268318, 37.894009342728211 ], [ -76.271705594546432, 37.894554833436089 ], [ -76.273315373117029, 37.897770611258991 ], [ -76.276191637455497, 37.898754793849875 ], [ -76.278564374594168, 37.897907927709838 ], [ -76.284347424296726, 37.898968397363028 ], [ -76.285438413676872, 37.900810888622679 ], [ -76.287628025344674, 37.904041923424188 ], [ -76.289382779353772, 37.904091511045593 ], [ -76.294723343059161, 37.901962903497484 ], [ -76.295074268336876, 37.907414091936019 ], [ -76.293784893404904, 37.910099634804965 ], [ -76.296020285329519, 37.912426588868975 ], [ -76.303481790140125, 37.915344811006022 ], [ -76.311568907716932, 37.91737039468002 ], [ -76.319144866146218, 37.917564928517002 ], [ -76.323875078214627, 37.916328959887196 ], [ -76.319884930353538, 37.913956229577849 ], [ -76.311279022392995, 37.910557359212028 ], [ -76.309646349781403, 37.907795530288574 ], [ -76.310928095303737, 37.905106170496829 ], [ -76.312209840128489, 37.902420625591411 ], [ -76.308791895123377, 37.90051710403614 ], [ -76.301833920198803, 37.899426119557738 ], [ -76.298438865109517, 37.897072464560672 ], [ -76.293891778683061, 37.894230533415147 ], [ -76.293449291076215, 37.891045269728465 ], [ -76.296539200673905, 37.887043654849101 ], [ -76.294929421389341, 37.883827876877831 ], [ -76.290344184904413, 37.881893841217632 ], [ -76.286224326982889, 37.882691122703861 ], [ -76.283714247921182, 37.886707994839263 ], [ -76.281249949083261, 37.889816970557575 ], [ -76.278335533272397, 37.889740685269992 ], [ -76.276687602635661, 37.887428987613525 ], [ -76.276237486228638, 37.884243726076193 ], [ -76.279853816010473, 37.881615397036803 ], [ -76.282928465756726, 37.878071544723063 ], [ -76.28364564050699, 37.874912982570201 ], [ -76.277824440765784, 37.874760409977334 ], [ -76.270790167734319, 37.875481406627195 ], [ -76.266571116927196, 37.878544609491243 ], [ -76.265228328173492, 37.882591995685772 ], [ -76.266113300343378, 37.888962518329052 ], [ -76.261314416348398, 37.892010464903436 ], [ -76.253013655723848, 37.894966864977782 ], [ -76.250724852360477, 37.893997940609822 ], [ -76.249115074996709, 37.890782159289444 ], [ -76.250320518813666, 37.889904784665326 ], [ -76.250579949786967, 37.884018725063719 ], [ -76.248947280831203, 37.881253076802089 ], [ -76.245586010021796, 37.881165000492977 ], [ -76.245758056640682, 37.881034851074205 ], [ -76.249259948730497, 37.881069183349645 ], [ -76.250961303710952, 37.883808135986321 ], [ -76.250915527343807, 37.886528015136783 ], [ -76.251518249511719, 37.885623931884787 ], [ -76.252731323242259, 37.882915496826151 ], [ -76.252815246582088, 37.877929687500036 ], [ -76.252891540527386, 37.87339782714843 ], [ -76.254684448242202, 37.870697021484425 ], [ -76.26055145263679, 37.868492126464879 ], [ -76.282676696777429, 37.870525360107401 ], [ -76.286735534668011, 37.871925354003949 ], [ -76.29901885986331, 37.86932754516603 ], [ -76.302513122558679, 37.869815826416044 ], [ -76.310043334961009, 37.872608184814503 ], [ -76.325180053710994, 37.878677368164091 ], [ -76.325798034667969, 37.879226684570312 ], [ -76.327407836914148, 37.87956619262701 ], [ -76.337852478027401, 37.883754730224652 ], [ -76.343650817871136, 37.886074066162095 ], [ -76.356796264648466, 37.887863159179744 ], [ -76.357734680175867, 37.888587951660178 ], [ -76.359756469726591, 37.890018463134787 ], [ -76.361640930175881, 37.889583587646555 ], [ -76.364112854003992, 37.889114379882798 ], [ -76.364624023437528, 37.888931274414048 ], [ -76.368675231933665, 37.889480590820362 ], [ -76.39659881591804, 37.894271850585916 ], [ -76.403587341308679, 37.894786834716818 ], [ -76.412307739257855, 37.896678924560561 ], [ -76.424118041992216, 37.900840759277308 ], [ -76.42316436767581, 37.901882171630909 ], [ -76.420974731445341, 37.90295028686522 ], [ -76.420455932617273, 37.904067993164105 ], [ -76.421127319336023, 37.905204772949268 ], [ -76.422752380371179, 37.906284332275369 ], [ -76.424293518066506, 37.907218933105511 ], [ -76.425865173339915, 37.908248901367223 ], [ -76.427520751953224, 37.909343719482408 ], [ -76.429244995117301, 37.909801483154354 ], [ -76.43106842041027, 37.910831451416058 ], [ -76.43291473388679, 37.912559509277386 ], [ -76.434425354003963, 37.913749694824226 ], [ -76.43631744384777, 37.914573669433565 ], [ -76.438827514648494, 37.91485977172848 ], [ -76.439865112304744, 37.914810180664084 ], [ -76.440979003906364, 37.915435791015611 ], [ -76.442024230957145, 37.916828155517599 ], [ -76.443817138671974, 37.918140411376953 ], [ -76.445541381836023, 37.918552398681662 ], [ -76.448204040527443, 37.918743133544957 ], [ -76.450202941894617, 37.918422698974616 ], [ -76.452217102050867, 37.917331695556697 ], [ -76.453430175781321, 37.916522979736328 ], [ -76.455741882324304, 37.918361663818395 ], [ -76.481369018554759, 37.921749114990234 ], [ -76.482200622558636, 37.921756744384766 ], [ -76.482498168945369, 37.921894073486371 ], [ -76.484321594238367, 37.921844482421854 ], [ -76.484420776367259, 37.921775817871115 ], [ -76.487197875976648, 37.92179870605473 ], [ -76.491294860839957, 37.921379089355476 ], [ -76.498908996582131, 37.919174194335923 ], [ -76.500778198242315, 37.910125732421882 ], [ -76.500816345214929, 37.907405853271527 ], [ -76.50320434570321, 37.903347015380859 ], [ -76.507873535156335, 37.902931213378949 ], [ -76.512550354003992, 37.902515411376967 ], [ -76.522430419922031, 37.904861450195298 ], [ -76.5468368530275, 37.912303924560547 ], [ -76.546897888183722, 37.912357330322308 ], [ -76.546928405761889, 37.913070678710923 ], [ -76.547637939453224, 37.91413497924804 ], [ -76.54885864257821, 37.915000915527358 ], [ -76.549446105957131, 37.916130065917962 ], [ -76.549362182617301, 37.917411804199247 ], [ -76.549392700195455, 37.918815612792983 ], [ -76.550201416015724, 37.920219421386705 ], [ -76.551254272461037, 37.921360015869134 ], [ -76.552017211914176, 37.922241210937479 ], [ -76.553672790527472, 37.923309326171903 ], [ -76.554306030273537, 37.923774719238295 ], [ -76.554840087890781, 37.925060272216868 ], [ -76.555519104004063, 37.925430297851612 ], [ -76.555595397949375, 37.925746917724595 ], [ -76.555625915527429, 37.927143096923878 ], [ -76.555595397949375, 37.928497314453104 ], [ -76.555221557617344, 37.929767608642578 ], [ -76.555580139160284, 37.930694580078111 ], [ -76.556747436523594, 37.931606292724638 ], [ -76.558441162109503, 37.932422637939432 ], [ -76.559959411621222, 37.933250427246143 ], [ -76.562919616699361, 37.934410095214815 ], [ -76.564643859863423, 37.934612274169901 ], [ -76.566329956054801, 37.934337615966797 ], [ -76.567924499511903, 37.934261322021506 ], [ -76.570381164550938, 37.93420028686527 ], [ -76.572334289550895, 37.93486022949223 ], [ -76.573478698730582, 37.935703277587912 ], [ -76.574867248535327, 37.936935424804702 ], [ -76.576446533203253, 37.93775177001951 ], [ -76.577980041504034, 37.939147949218786 ], [ -76.57852935791027, 37.940689086914112 ], [ -76.579536437988438, 37.942378997802749 ], [ -76.580131530761918, 37.943370819091861 ], [ -76.581321716308736, 37.944347381591783 ], [ -76.583412170410284, 37.94542694091799 ], [ -76.585342407226733, 37.945953369140604 ], [ -76.587257385254077, 37.945861816406229 ], [ -76.588592529297046, 37.945602416992209 ], [ -76.589477539062699, 37.946075439453125 ], [ -76.591140747070455, 37.946945190429695 ], [ -76.593467712402528, 37.947635650634808 ], [ -76.595405578613409, 37.948257446289034 ], [ -76.596549987793097, 37.948944091796882 ], [ -76.605705261230611, 37.954124450683622 ], [ -76.606262207031463, 37.955028533935533 ], [ -76.608085632324347, 37.956581115722663 ], [ -76.609985351562628, 37.958511352539091 ], [ -76.611862182617372, 37.960388183593757 ], [ -76.61408996582044, 37.961837768554723 ], [ -76.616226196289233, 37.963832855224631 ], [ -76.616981506347798, 37.965057373046882 ], [ -76.617469787597827, 37.966781616210959 ], [ -76.618385314941534, 37.969249725341804 ], [ -76.619392395019716, 37.971000671386747 ], [ -76.620971679687656, 37.973033905029268 ], [ -76.622497558593906, 37.975025177002003 ], [ -76.62409973144544, 37.976146697998075 ], [ -76.625801086425994, 37.97660064697267 ], [ -76.627006530761903, 37.977024078369183 ], [ -76.628570556640838, 37.977092742919936 ], [ -76.62970733642598, 37.97657394409179 ], [ -76.630508422851719, 37.97553634643554 ], [ -76.631103515625185, 37.974685668945312 ], [ -76.631454467773594, 37.974231719970739 ], [ -76.632362365722855, 37.973762512207053 ], [ -76.633583068847841, 37.973545074462884 ], [ -76.634796142578267, 37.973728179931634 ], [ -76.635711669922074, 37.974170684814503 ], [ -76.636222839355625, 37.974861145019524 ], [ -76.636520385742344, 37.975757598876974 ], [ -76.637107849121264, 37.976955413818345 ], [ -76.637374877929844, 37.978195190429673 ], [ -76.638236999511889, 37.980293273925774 ], [ -76.639091491699389, 37.98085784912108 ], [ -76.639778137207216, 37.981414794921925 ], [ -76.640228271484546, 37.982105255126932 ], [ -76.640586853027571, 37.982864379882784 ], [ -76.640800476074375, 37.983833312988274 ], [ -76.640846252441619, 37.984817504882841 ], [ -76.641342163086165, 37.985855102539077 ], [ -76.642349243164247, 37.986534118652372 ], [ -76.643524169922088, 37.987140655517621 ], [ -76.64484405517598, 37.987590789794943 ], [ -76.646781921386946, 37.987728118896463 ], [ -76.64875030517598, 37.987617492675838 ], [ -76.650634765625156, 37.987636566162095 ], [ -76.651824951172074, 37.987350463867173 ], [ -76.653503417968935, 37.987369537353509 ], [ -76.65459442138696, 37.987705230712933 ], [ -76.655860900879063, 37.988292694091776 ], [ -76.656829833984546, 37.989082336425774 ], [ -76.657760620117443, 37.99028396606451 ], [ -76.658638000488452, 37.9915771484375 ], [ -76.659217834472827, 37.992931365966825 ], [ -76.659027099609546, 37.994171142578153 ], [ -76.659286499023693, 37.99559783935549 ], [ -76.659553527832259, 37.996791839599595 ], [ -76.660217285156463, 37.99845123291017 ], [ -76.660720825195469, 37.999687194824233 ], [ -76.662109375000199, 38.001171112060526 ], [ -76.663055419922074, 38.001735687255916 ], [ -76.664436340332273, 38.002231597900369 ], [ -76.666023254394744, 38.00236129760745 ], [ -76.667449951172088, 38.002033233642557 ], [ -76.669570922851818, 38.001506805419936 ], [ -76.671752929687727, 38.00127792358397 ], [ -76.674095153808778, 38.00102996826174 ], [ -76.675384521484631, 38.000244140625007 ], [ -76.676391601562699, 37.999111175537131 ], [ -76.677520751953324, 37.997745513915994 ], [ -76.678031921386932, 37.996288299560597 ], [ -76.678871154785355, 37.994689941406236 ], [ -76.679069519043182, 37.994495391845682 ], [ -76.679962158203381, 37.993598937988317 ], [ -76.681106567383068, 37.992794036865241 ], [ -76.682769775390838, 37.992210388183572 ], [ -76.684829711914333, 37.991920471191378 ], [ -76.687355041504134, 37.991485595703139 ], [ -76.689613342285426, 37.99150848388674 ], [ -76.690856933593935, 37.99166107177733 ], [ -76.691604614258083, 37.99182891845701 ], [ -76.691986083984631, 37.991310119628928 ], [ -76.692527770996335, 37.99048233032233 ], [ -76.693176269531463, 37.989776611328146 ], [ -76.694206237793168, 37.988761901855526 ], [ -76.695571899414304, 37.988250732421889 ], [ -76.698020935058807, 37.988899230957031 ], [ -76.699279785156492, 37.989826202392564 ], [ -76.700279235840128, 37.990848541259794 ], [ -76.701995849609645, 37.991920471191371 ], [ -76.70334625244169, 37.992580413818416 ], [ -76.705154418945597, 37.993400573730497 ], [ -76.707397460937756, 37.99409103393559 ], [ -76.710159301758054, 37.99494171142581 ], [ -76.71201324462919, 37.995193481445327 ], [ -76.713844299316634, 37.994705200195305 ], [ -76.715293884277571, 37.994361877441428 ], [ -76.717323303222912, 37.994449615478537 ], [ -76.719108581543196, 37.994853973388715 ], [ -76.720520019531477, 37.99540328979495 ], [ -76.722190856933864, 37.995872497558608 ], [ -76.723190307617415, 37.996662139892621 ], [ -76.724472045898708, 37.999336242675817 ], [ -76.724594116211236, 37.999794006347678 ], [ -76.724693298340142, 38.000164031982429 ], [ -76.724830627441648, 38.000953674316442 ], [ -76.724990844726875, 38.001754760742173 ], [ -76.72539520263696, 38.002983093261697 ], [ -76.725593566894773, 38.003765106201165 ], [ -76.725990295410412, 38.004604339599574 ], [ -76.726638793945554, 38.005416870117209 ], [ -76.727058410644815, 38.005912780761768 ], [ -76.728202819824503, 38.006698608398409 ], [ -76.729797363281506, 38.007907867431662 ], [ -76.730941772461193, 38.008712768554666 ], [ -76.732696533203409, 38.009651184082081 ], [ -76.733673095703452, 38.010341644287095 ], [ -76.73464202880885, 38.010868072509794 ], [ -76.73468780517608, 38.010910034179666 ], [ -76.734878540039361, 38.011062622070355 ], [ -76.735488891601804, 38.01134872436527 ], [ -76.735877990722898, 38.011981964111335 ], [ -76.736244201660483, 38.012683868408246 ], [ -76.736518859863594, 38.013229370117216 ], [ -76.736694335937798, 38.013504028320312 ], [ -76.736854553222926, 38.013889312744141 ], [ -76.737197875976889, 38.015045166015653 ], [ -76.737388610840171, 38.015827178955114 ], [ -76.737724304199503, 38.016437530517564 ], [ -76.737915039062784, 38.017120361328118 ], [ -76.738159179687742, 38.017692565917962 ], [ -76.738433837890938, 38.018146514892564 ], [ -76.738792419433892, 38.01866531372071 ], [ -76.73935699462919, 38.019477844238253 ], [ -76.739868164062827, 38.020107269287131 ], [ -76.740287780761989, 38.020812988281222 ], [ -76.7405624389651, 38.02128601074223 ], [ -76.740783691406534, 38.022178649902344 ], [ -76.741317749023693, 38.023818969726591 ], [ -76.74173736572294, 38.024494171142599 ], [ -76.742462158203381, 38.025829315185575 ], [ -76.742523193359688, 38.025955200195369 ], [ -76.743408203125242, 38.027698516845682 ], [ -76.744125366211236, 38.028785705566435 ], [ -76.744758605957287, 38.029804229736321 ], [ -76.745300292969077, 38.030670166015618 ], [ -76.745689392090185, 38.031188964843793 ], [ -76.746078491211179, 38.031776428222699 ], [ -76.746635437012046, 38.032001495361335 ], [ -76.747222900390881, 38.032310485839865 ], [ -76.747833251953423, 38.03255462646483 ], [ -76.749206542969077, 38.033012390136768 ], [ -76.750320434570611, 38.033477783203161 ], [ -76.751113891601889, 38.033966064453182 ], [ -76.752304077148722, 38.034362792968729 ], [ -76.75318145751983, 38.034645080566371 ], [ -76.753852844238565, 38.03486251831054 ], [ -76.754638671875327, 38.035037994384751 ], [ -76.75543212890652, 38.035476684570348 ], [ -76.756217956543253, 38.035881042480433 ], [ -76.757240295410426, 38.036296844482436 ], [ -76.758262634277685, 38.036472320556619 ], [ -76.759017944336264, 38.03668594360353 ], [ -76.759948730469063, 38.037055969238288 ], [ -76.760078430176108, 38.037097930908239 ], [ -76.763198852539375, 38.040843963623026 ], [ -76.763198852539375, 38.040992736816435 ], [ -76.763206481933921, 38.04222869873049 ], [ -76.762802124023722, 38.043422698974574 ], [ -76.762298583984659, 38.044086456298793 ], [ -76.761596679687841, 38.045017242431683 ], [ -76.761146545410426, 38.045574188232457 ], [ -76.760673522949489, 38.046340942382841 ], [ -76.759666442871392, 38.048851013183572 ], [ -76.759506225586279, 38.049331665039041 ], [ -76.759628295898722, 38.049652099609375 ], [ -76.759895324707387, 38.050056457519545 ], [ -76.760337829590156, 38.050415039062507 ], [ -76.760635375976875, 38.050800323486349 ], [ -76.760490417480753, 38.051769256591811 ], [ -76.760513305664361, 38.052612304687514 ], [ -76.760467529297216, 38.053165435791009 ], [ -76.760681152344034, 38.053771972656271 ], [ -76.761360168457315, 38.054386138915994 ], [ -76.76189422607456, 38.054782867431626 ], [ -76.762542724609702, 38.055187225341811 ], [ -76.763214111328452, 38.055492401123061 ], [ -76.763908386230739, 38.055671691894545 ], [ -76.764869689941676, 38.055866241455092 ], [ -76.765510559082372, 38.055946350097663 ], [ -76.766143798828438, 38.055816650390597 ], [ -76.766693115234673, 38.055828094482408 ], [ -76.767150878906534, 38.05573272705076 ], [ -76.767982482910497, 38.055377960205092 ], [ -76.768554687500327, 38.05500793457032 ], [ -76.769187927246406, 38.054718017578139 ], [ -76.769645690918253, 38.054576873779268 ], [ -76.770515441894844, 38.054626464843757 ], [ -76.771018981933921, 38.055080413818359 ], [ -76.771606445312841, 38.055458068847642 ], [ -76.772689819336222, 38.056034088134759 ], [ -76.773429870605824, 38.056598663330071 ], [ -76.774047851562813, 38.057071685791009 ], [ -76.774490356445682, 38.057403564453161 ], [ -76.775161743164347, 38.057666778564467 ], [ -76.77609252929723, 38.057903289794972 ], [ -76.776763916015994, 38.058082580566456 ], [ -76.777992248535512, 38.058631896972663 ], [ -76.778579711914432, 38.059009552001974 ], [ -76.778961181640994, 38.059391021728544 ], [ -76.779289245605781, 38.05975723266603 ], [ -76.779594421387046, 38.060211181640611 ], [ -76.779632568359744, 38.060760498046925 ], [ -76.779342651367543, 38.061763763427741 ], [ -76.778419494629219, 38.06317901611326 ], [ -76.777587890625327, 38.06452178955076 ], [ -76.776779174805057, 38.065814971923857 ], [ -76.7764129638675, 38.066253662109389 ], [ -76.77613067626983, 38.066577911377003 ], [ -76.77609252929723, 38.067356109619119 ], [ -76.776115417480739, 38.068202972412166 ], [ -76.775985717773793, 38.069808959960987 ], [ -76.775802612305029, 38.07063293457032 ], [ -76.775848388672188, 38.071388244628913 ], [ -76.775901794433949, 38.072189331054723 ], [ -76.775978088379233, 38.073036193847685 ], [ -76.776100158691762, 38.073421478271513 ], [ -76.776283264160512, 38.073806762695348 ], [ -76.77658081054723, 38.074146270751939 ], [ -76.77716827392608, 38.074359893798835 ], [ -76.777610778808935, 38.074588775634808 ], [ -76.77851104736358, 38.074783325195369 ], [ -76.779678344726875, 38.075172424316371 ], [ -76.780349731445639, 38.075504302978544 ], [ -76.781265258789347, 38.07629013061527 ], [ -76.782676696777699, 38.077117919921875 ], [ -76.783790588379233, 38.077468872070298 ], [ -76.78507232666054, 38.077854156494126 ], [ -76.786476135254262, 38.078430175781236 ], [ -76.787620544433949, 38.079238891601584 ], [ -76.788215637207415, 38.079933166503956 ], [ -76.788764953613637, 38.080909729003892 ], [ -76.789070129394901, 38.082599639892614 ], [ -76.789352416992571, 38.083557128906293 ], [ -76.789512634277685, 38.08415222167968 ], [ -76.789985656738622, 38.085601806640639 ], [ -76.790542602539389, 38.087017059326158 ], [ -76.791633605957401, 38.087985992431648 ], [ -76.792732238769844, 38.089019775390625 ], [ -76.793884277344091, 38.089870452880838 ], [ -76.794441223144858, 38.090183258056655 ], [ -76.795295715332344, 38.09072113037108 ], [ -76.795730590820682, 38.091011047363253 ], [ -76.796440124512046, 38.091541290283232 ], [ -76.797348022461307, 38.091896057128906 ], [ -76.79922485351598, 38.092788696289098 ], [ -76.800552368164389, 38.093929290771527 ], [ -76.801017761230796, 38.094978332519567 ], [ -76.801277160644929, 38.096092224121087 ], [ -76.80132293701206, 38.096427917480504 ], [ -76.797134399414404, 38.110733032226605 ], [ -76.796623229980781, 38.111267089843764 ], [ -76.795623779297216, 38.11201095581054 ], [ -76.794334411621406, 38.112312316894553 ], [ -76.79369354248081, 38.112411499023466 ], [ -76.792663574219105, 38.112678527832024 ], [ -76.792228698730852, 38.112758636474602 ], [ -76.791664123535469, 38.11322402954098 ], [ -76.79113006591831, 38.113918304443345 ], [ -76.79060363769571, 38.114883422851555 ], [ -76.789543151855838, 38.115474700927756 ], [ -76.788742065430029, 38.115711212158175 ], [ -76.787963867187813, 38.115959167480511 ], [ -76.786926269531577, 38.116020202636719 ], [ -76.785652160644815, 38.116127014160178 ], [ -76.784851074219105, 38.116439819335966 ], [ -76.784141540527656, 38.117134094238253 ], [ -76.783638000488637, 38.117855072021506 ], [ -76.783775329590171, 38.118743896484432 ], [ -76.784179687500341, 38.119701385498097 ], [ -76.784637451172202, 38.120750427246143 ], [ -76.785392761230796, 38.121856689453146 ], [ -76.785949707031563, 38.122100830078104 ], [ -76.786849975586279, 38.122402191162095 ], [ -76.787696838379262, 38.122638702392614 ], [ -76.788688659668352, 38.122924804687521 ], [ -76.789474487305, 38.123119354248082 ], [ -76.79064178466831, 38.12321853637701 ], [ -76.791801452637074, 38.123516082763715 ], [ -76.792594909668338, 38.12384414672853 ], [ -76.793190002441705, 38.124385833740213 ], [ -76.793434143066762, 38.124931335449261 ], [ -76.793540954590199, 38.125751495361321 ], [ -76.793785095215185, 38.126323699951179 ], [ -76.794174194336264, 38.126819610595717 ], [ -76.795051574707387, 38.127017974853551 ], [ -76.795974731445639, 38.126949310302791 ], [ -76.796875000000369, 38.126987457275391 ], [ -76.797851562500398, 38.126873016357415 ], [ -76.798721313476875, 38.12684249877934 ], [ -76.799278259277742, 38.126968383789041 ], [ -76.799530029297244, 38.127017974853544 ], [ -76.803329467773779, 38.129196166992202 ], [ -76.803337097168338, 38.129627227783168 ], [ -76.80320739746125, 38.130226135253892 ], [ -76.803161621094119, 38.13068389892576 ], [ -76.802841186523779, 38.131671905517592 ], [ -76.802909851074617, 38.132175445556676 ], [ -76.802795410156634, 38.133132934570355 ], [ -76.802574157715199, 38.133579254150405 ], [ -76.801765441894929, 38.13386154174804 ], [ -76.801101684570625, 38.13378143310549 ], [ -76.800292968750355, 38.133792877197287 ], [ -76.799766540527656, 38.13378524780277 ], [ -76.799247741699588, 38.133811950683643 ], [ -76.799003601074546, 38.134433746337876 ], [ -76.798728942871435, 38.135078430175767 ], [ -76.798286437988637, 38.135997772216847 ], [ -76.797981262207387, 38.136352539062507 ], [ -76.797317504883154, 38.136657714843778 ], [ -76.796546936035469, 38.137077331542962 ], [ -76.79589080810581, 38.137321472167997 ], [ -76.795028686523779, 38.137542724609347 ], [ -76.794342041015952, 38.137912750244176 ], [ -76.793716430664418, 38.138500213623026 ], [ -76.793029785156591, 38.138969421386783 ], [ -76.792495727539446, 38.139427185058629 ], [ -76.792190551758168, 38.139877319335945 ], [ -76.79208374023473, 38.140441894531264 ], [ -76.792304992676165, 38.140945434570348 ], [ -76.792602539062884, 38.141326904296903 ], [ -76.793045043945654, 38.14166259765625 ], [ -76.793365478515994, 38.141891479492216 ], [ -76.793716430664418, 38.142066955566413 ], [ -76.794418334961335, 38.142173767089858 ], [ -76.795196533203438, 38.142108917236378 ], [ -76.795860290527656, 38.142097473144567 ], [ -76.796554565430043, 38.141906738281293 ], [ -76.797012329101889, 38.141826629638729 ], [ -76.798004150390994, 38.141841888427713 ], [ -76.798965454101932, 38.142169952392599 ], [ -76.799957275390938, 38.142314910888651 ], [ -76.800712585449617, 38.142410278320291 ], [ -76.801673889160483, 38.142765045166065 ], [ -76.802230834961321, 38.142894744873033 ], [ -76.802963256836293, 38.143180847167976 ], [ -76.803756713867571, 38.143760681152351 ], [ -76.803810119629262, 38.144680023193402 ], [ -76.804023742676151, 38.145065307617244 ], [ -76.804153442383125, 38.145629882812543 ], [ -76.804054260254318, 38.146343231201172 ], [ -76.803985595703452, 38.147029876709006 ], [ -76.80411529541054, 38.147621154785192 ], [ -76.804595947265994, 38.148162841796875 ], [ -76.804946899414418, 38.1484375 ], [ -76.805656433105852, 38.148967742919965 ], [ -76.806388854980838, 38.149353027343786 ], [ -76.807067871094119, 38.149684906005852 ], [ -76.807243347168324, 38.14987945556642 ], [ -76.808044433594148, 38.150714874267564 ], [ -76.808525085449617, 38.151302337646477 ], [ -76.808738708496421, 38.151535034179723 ], [ -76.808975219726946, 38.151916503906286 ], [ -76.809600830078466, 38.152458190917976 ], [ -76.810386657715199, 38.152744293212912 ], [ -76.811088562012117, 38.152912139892557 ], [ -76.811729431152727, 38.152992248535135 ], [ -76.81233215332071, 38.152938842773445 ], [ -76.812789916992557, 38.152706146240199 ], [ -76.813255310058963, 38.152580261230497 ], [ -76.813911437988637, 38.15229034423831 ], [ -76.814369201660497, 38.15204238891598 ], [ -76.814941406250355, 38.151782989501953 ], [ -76.815399169922301, 38.151477813720696 ], [ -76.816223144531634, 38.150932312011726 ], [ -76.816627502441818, 38.150745391845717 ], [ -76.817138671875355, 38.150531768798821 ], [ -76.817832946777727, 38.150314331054737 ], [ -76.818695068359759, 38.15027236938478 ], [ -76.818992614746492, 38.15034103393554 ], [ -76.82018280029331, 38.150436401367166 ], [ -76.821113586426193, 38.150531768798821 ], [ -76.82180786132848, 38.150547027587898 ], [ -76.822700500488665, 38.150508880615291 ], [ -76.823165893555057, 38.150436401367173 ], [ -76.823768615723068, 38.150382995605497 ], [ -76.824348449707458, 38.150390625000036 ], [ -76.824958801269901, 38.150356292724609 ], [ -76.82571411132848, 38.150279998779311 ], [ -76.826080322266066, 38.150066375732415 ], [ -76.826332092285554, 38.149921417236364 ], [ -76.829345703125369, 38.150329589843729 ], [ -76.840705871582443, 38.1476440429688 ], [ -76.841400146484801, 38.147647857666065 ], [ -76.842468261719205, 38.147361755371136 ], [ -76.842834472656691, 38.147144317626996 ], [ -76.848114013672358, 38.145896911621129 ], [ -76.852081298828551, 38.146064758300781 ], [ -76.852104187012173, 38.146064758300781 ], [ -76.852989196777742, 38.146385192871122 ], [ -76.85378265380902, 38.146846771240249 ], [ -76.854614257812898, 38.147590637207031 ], [ -76.855812072754361, 38.148105621337926 ], [ -76.85665893554733, 38.148334503173814 ], [ -76.857788085937941, 38.148414611816385 ], [ -76.858680725098139, 38.148166656494162 ], [ -76.859855651855881, 38.14748382568358 ], [ -76.861022949219191, 38.146915435791023 ], [ -76.862052917480895, 38.14648437500005 ], [ -76.872680664062969, 38.146930694580085 ], [ -76.877944946289588, 38.147411346435547 ], [ -76.879425048828594, 38.147418975830092 ], [ -76.879821777344233, 38.147762298583963 ], [ -76.880554199219205, 38.148151397705071 ], [ -76.881111145020071, 38.148422241210909 ], [ -76.882301330566889, 38.149551391601612 ], [ -76.882858276367656, 38.149883270263679 ], [ -76.883247375488764, 38.150131225585909 ], [ -76.883918762207514, 38.150463104248061 ], [ -76.884483337402813, 38.150810241699205 ], [ -76.885009765625526, 38.151081085205135 ], [ -76.885566711426293, 38.151325225830107 ], [ -76.886146545410682, 38.151363372802784 ], [ -76.88674926757858, 38.151073455810604 ], [ -76.887191772461449, 38.150352478027344 ], [ -76.887626647949702, 38.149181365966768 ], [ -76.887756347656762, 38.148704528808565 ], [ -76.888313293457529, 38.147865295410142 ], [ -76.888526916504432, 38.147312164306641 ], [ -76.889038085937955, 38.146709442138651 ], [ -76.889511108398892, 38.146060943603509 ], [ -76.889709472656719, 38.145763397216783 ], [ -76.910720825195853, 38.147121429443388 ], [ -76.914566040039645, 38.147735595703168 ], [ -76.914642333984929, 38.147800445556662 ], [ -76.915184020996605, 38.148288726806676 ], [ -76.915618896484958, 38.148532867431641 ], [ -76.915977478027898, 38.148849487304702 ], [ -76.91684722900446, 38.148925781250007 ], [ -76.91789245605527, 38.149002075195291 ], [ -76.918212890625512, 38.149021148681648 ], [ -76.919197082520085, 38.148887634277393 ], [ -76.919540405274034, 38.148761749267599 ], [ -76.919708251953693, 38.148700714111293 ], [ -76.920387268067003, 38.148113250732479 ], [ -76.920890808105995, 38.147346496582074 ], [ -76.921279907227103, 38.146789550781314 ], [ -76.921531677246691, 38.146308898925838 ], [ -76.921707153320895, 38.145503997802749 ], [ -76.921722412109972, 38.144889831542955 ], [ -76.921913146973253, 38.14423751831054 ], [ -76.922592163086549, 38.143661499023423 ], [ -76.923309326172443, 38.143558502197251 ], [ -76.923835754395142, 38.143596649169936 ], [ -76.924583435059205, 38.14350891113282 ], [ -76.925399780274006, 38.143775939941399 ], [ -76.92584228515679, 38.143878936767592 ], [ -76.926803588867713, 38.144096374511747 ], [ -76.927528381348253, 38.144172668457045 ], [ -76.927963256836478, 38.144165039062507 ], [ -76.928565979004489, 38.144157409667976 ], [ -76.929229736328708, 38.143981933593764 ], [ -76.929489135742742, 38.143863677978523 ], [ -76.930206298828736, 38.143508911132827 ], [ -76.930374145508395, 38.143390655517578 ], [ -76.930885314942017, 38.143108367919929 ], [ -76.931289672852131, 38.142848968505874 ], [ -76.931831359863892, 38.142543792724602 ], [ -76.932167053223225, 38.142288208007848 ], [ -76.932540893555256, 38.142002105712919 ], [ -76.933166503906861, 38.141693115234396 ], [ -76.933746337891236, 38.141662597656236 ], [ -76.93450164794983, 38.14178848266603 ], [ -76.934944152832614, 38.141960144042976 ], [ -76.935379028320867, 38.142162322998068 ], [ -76.936088562012301, 38.142608642578111 ], [ -76.936386108399034, 38.142875671386776 ], [ -76.936485290527969, 38.14324188232424 ], [ -76.936920166016193, 38.143417358398473 ], [ -76.937538146973282, 38.143657684326151 ], [ -76.938369750977145, 38.143482208251946 ], [ -76.938888549805313, 38.143337249755895 ], [ -76.939727783203736, 38.143142700195341 ], [ -76.940307617188111, 38.143180847167955 ], [ -76.941314697266193, 38.143161773681697 ], [ -76.941978454590412, 38.143035888671903 ], [ -76.942848205567003, 38.1430473327637 ], [ -76.943275451660796, 38.143089294433558 ], [ -76.943664550781889, 38.143123626709006 ], [ -76.944503784180313, 38.143108367919929 ], [ -76.945198059082685, 38.143054962158246 ], [ -76.945861816406904, 38.142852783203153 ], [ -76.946289062500597, 38.142711639404283 ], [ -76.946823120117756, 38.142269134521513 ], [ -76.946937561035753, 38.141975402832038 ], [ -76.957595825195995, 38.138725280761726 ], [ -76.961700439453736, 38.137382507324226 ], [ -76.978248596192103, 38.137119293212912 ], [ -76.978645324707728, 38.13743972778326 ], [ -76.979087829590526, 38.137828826904261 ], [ -76.979507446289759, 38.138343811035163 ], [ -76.979843139649091, 38.138885498046839 ], [ -76.980407714844418, 38.139492034912124 ], [ -76.980728149414745, 38.139556884765604 ], [ -76.981315612793679, 38.139774322509773 ], [ -76.982238769531932, 38.139694213867202 ], [ -76.98294067382885, 38.139774322509766 ], [ -76.983810424805412, 38.139865875244148 ], [ -76.984451293946009, 38.140090942382841 ], [ -76.985420227051492, 38.140460968017599 ], [ -76.986305236817088, 38.140968322753956 ], [ -76.987182617188182, 38.141441345214886 ], [ -76.988044738770213, 38.142036437988267 ], [ -76.989440917969503, 38.143249511718793 ], [ -76.990478515625753, 38.144149780273438 ], [ -76.991279602051478, 38.14477539062505 ], [ -76.992156982422586, 38.145107269287102 ], [ -76.993003845215554, 38.145496368408224 ], [ -76.993965148926492, 38.145713806152365 ], [ -76.9948425292976, 38.145835876464901 ], [ -76.995506286621833, 38.145793914794943 ], [ -76.995971679688211, 38.145889282226577 ], [ -76.996780395508594, 38.145889282226584 ], [ -76.997749328613978, 38.146217346191463 ], [ -76.998474121094503, 38.146385192871115 ], [ -76.998916625977273, 38.146656036376967 ], [ -76.999565124512429, 38.146915435791016 ], [ -77.000007629395299, 38.147163391113331 ], [ -77.0004577636726, 38.147701263427749 ], [ -77.001068115235157, 38.147972106933594 ], [ -77.005775451660881, 38.151695251464844 ], [ -77.005859375000725, 38.152034759521541 ], [ -77.005653381348438, 38.15269851684576 ], [ -77.005271911621875, 38.153175354003949 ], [ -77.005065917969517, 38.153545379638715 ], [ -77.00477600097733, 38.154182434082045 ], [ -77.004478454590597, 38.154590606689474 ], [ -77.004074096680426, 38.15496063232424 ], [ -77.003898620606222, 38.155162811279332 ], [ -77.003517150879659, 38.155735015869169 ], [ -77.003311157227301, 38.156352996826151 ], [ -77.00325012207108, 38.156711578369105 ], [ -77.003334045410909, 38.157306671142571 ], [ -77.003448486328907, 38.157791137695305 ], [ -77.003883361817145, 38.158313751220753 ], [ -77.004455566406989, 38.158775329589879 ], [ -77.005058288574986, 38.159305572509759 ], [ -77.005844116211733, 38.15965270996098 ], [ -77.006736755371833, 38.159889221191406 ], [ -77.007545471192188, 38.160118103027372 ], [ -77.008094787598424, 38.160251617431634 ], [ -77.008789062500796, 38.16039276123049 ], [ -77.009368896485171, 38.160446166992173 ], [ -77.010063171387458, 38.160427093505909 ], [ -77.010734558106222, 38.160449981689439 ], [ -77.011077880860185, 38.160472869873047 ], [ -77.011543273926577, 38.160312652587919 ], [ -77.01215362548902, 38.160083770751953 ], [ -77.012588500977358, 38.160041809082081 ], [ -77.013198852539801, 38.160064697265611 ], [ -77.014060974121833, 38.160274505615249 ], [ -77.014816284180512, 38.160739898681626 ], [ -77.015533447266421, 38.161224365234382 ], [ -77.015853881836762, 38.161499023437486 ], [ -77.016174316407017, 38.161861419677706 ], [ -77.016571044922657, 38.162441253662074 ], [ -77.017036437989049, 38.16303634643554 ], [ -77.017463684082841, 38.163536071777365 ], [ -77.017784118653097, 38.164157867431619 ], [ -77.018096923828907, 38.16466140747071 ], [ -77.018638610840597, 38.165485382080043 ], [ -77.018928527832784, 38.165878295898409 ], [ -77.019363403321123, 38.166332244873082 ], [ -77.019737243653125, 38.16656875610353 ], [ -77.020401000977373, 38.166770935058601 ], [ -77.021179199219574, 38.166866302490249 ], [ -77.022048950196137, 38.167007446289105 ], [ -77.022888183594574, 38.167396545410121 ], [ -77.023788452149205, 38.16797637939451 ], [ -77.024215698242983, 38.168689727783232 ], [ -77.024650573731236, 38.1691703796387 ], [ -77.025131225586733, 38.170314788818381 ], [ -77.025245666504702, 38.171276092529332 ], [ -77.025413513184361, 38.171848297119155 ], [ -77.025703430176577, 38.172348022460987 ], [ -77.025962829590682, 38.172786712646491 ], [ -77.026596069336762, 38.173107147216847 ], [ -77.027168273926591, 38.173660278320348 ], [ -77.027572631836762, 38.173912048339844 ], [ -77.028503417969574, 38.174148559570348 ], [ -77.029342651368012, 38.174152374267614 ], [ -77.02980804443439, 38.17412567138674 ], [ -77.030403137207855, 38.17381286621093 ], [ -77.030509948731307, 38.173923492431648 ], [ -77.037513732911052, 38.177574157714886 ], [ -77.038291931153168, 38.177864074707074 ], [ -77.038330078125853, 38.178089141845675 ], [ -77.038879394532088, 38.178825378418018 ], [ -77.039596557618069, 38.179515838623026 ], [ -77.040374755860284, 38.180015563964851 ], [ -77.04087066650473, 38.180385589599609 ], [ -77.041534423828949, 38.180934906005824 ], [ -77.041992187500909, 38.181423187255824 ], [ -77.042457580567287, 38.182033538818381 ], [ -77.042945861817316, 38.182640075683629 ], [ -77.043373107911009, 38.182983398437528 ], [ -77.04441833496179, 38.183624267578111 ], [ -77.046035766602415, 38.184108734130852 ], [ -77.046905517579006, 38.184364318847706 ], [ -77.047309875489177, 38.184528350830107 ], [ -77.049079895020384, 38.184669494628885 ], [ -77.050521850586804, 38.184726715087926 ], [ -77.051681518555583, 38.184749603271463 ], [ -77.052871704102415, 38.184700012207038 ], [ -77.054000854493111, 38.184963226318345 ], [ -77.055244445801719, 38.184967041015625 ], [ -77.056144714356364, 38.185039520263651 ], [ -77.057304382325128, 38.185173034667983 ], [ -77.058090209961861, 38.185214996337933 ], [ -77.059715270997046, 38.185817718505845 ], [ -77.083068847657245, 38.196323394775391 ], [ -77.08895874023537, 38.199771881103537 ], [ -77.089080810547898, 38.200237274169922 ], [ -77.089195251465881, 38.200786590576158 ], [ -77.089157104493196, 38.201839447021463 ], [ -77.088638305665029, 38.202335357666023 ], [ -77.088310241700242, 38.202774047851534 ], [ -77.087844848633836, 38.203475952148438 ], [ -77.087699890137699, 38.203758239746087 ], [ -77.087783813477529, 38.20430755615233 ], [ -77.088066101075185, 38.205219268798849 ], [ -77.088584899903353, 38.20618438720706 ], [ -77.08910369873152, 38.207077026367173 ], [ -77.089736938477571, 38.207904815673871 ], [ -77.090431213379944, 38.20892715454103 ], [ -77.090827941895498, 38.209777832031264 ], [ -77.091148376465839, 38.210418701171861 ], [ -77.091262817383821, 38.210670471191442 ], [ -77.092185974122089, 38.210815429687486 ], [ -77.092765808106478, 38.211040496826193 ], [ -77.09323120117287, 38.211112976074233 ], [ -77.093811035157259, 38.211299896240234 ], [ -77.094245910645583, 38.211391448974609 ], [ -77.094825744629972, 38.211688995361328 ], [ -77.095199584962003, 38.212120056152315 ], [ -77.09597778320412, 38.2125854492188 ], [ -77.096847534180696, 38.213138580322294 ], [ -77.098579406739304, 38.214080810546875 ], [ -77.100456237794049, 38.215347290039105 ], [ -77.101264953614319, 38.215869903564446 ], [ -77.102218627930739, 38.21646881103517 ], [ -77.102943420411165, 38.216884613037152 ], [ -77.103324890137728, 38.217021942138679 ], [ -77.103813171387756, 38.217247009277379 ], [ -77.104301452637756, 38.217411041259787 ], [ -77.104438781739347, 38.21747970581054 ], [ -77.104713439942472, 38.217620849609396 ], [ -77.105117797852657, 38.217845916748026 ], [ -77.105491638184674, 38.218074798583999 ], [ -77.105842590333097, 38.218311309814489 ], [ -77.106330871583097, 38.218906402587876 ], [ -77.107192993165143, 38.219459533691463 ], [ -77.108322143555753, 38.220123291015682 ], [ -77.108871459961989, 38.220539093017578 ], [ -77.109741210938566, 38.220970153808643 ], [ -77.11063385009875, 38.221405029296882 ], [ -77.111183166505, 38.221710205078132 ], [ -77.111618041993225, 38.222072601318366 ], [ -77.112136840821393, 38.222560882568366 ], [ -77.112457275391748, 38.223014831542962 ], [ -77.11273956298939, 38.223838806152379 ], [ -77.11279296875108, 38.224800109863338 ], [ -77.112823486329219, 38.224990844726612 ], [ -77.11296844482527, 38.225925445556683 ], [ -77.113197326661236, 38.226604461669972 ], [ -77.113426208497245, 38.227321624755852 ], [ -77.113822937012799, 38.227981567382805 ], [ -77.114234924317515, 38.228324890136761 ], [ -77.115066528321378, 38.228805541992251 ], [ -77.115791320801918, 38.229225158691413 ], [ -77.116401672364347, 38.229637145996115 ], [ -77.116889953614361, 38.229938507080121 ], [ -77.11729431152456, 38.230190277099616 ], [ -77.117698669434731, 38.230369567871101 ], [ -77.118225097657344, 38.230670928955085 ], [ -77.118568420411307, 38.23080825805669 ], [ -77.119499206544091, 38.231159210205099 ], [ -77.12024688720814, 38.231315612792976 ], [ -77.121063232422955, 38.23131942749022 ], [ -77.12187194824331, 38.231281280517628 ], [ -77.122833251954262, 38.231235504150405 ], [ -77.123382568360483, 38.231262207031286 ], [ -77.123931884766733, 38.231212615966783 ], [ -77.124511718751108, 38.231105804443331 ], [ -77.125152587891805, 38.230964660644538 ], [ -77.125732421876094, 38.230895996093807 ], [ -77.12645721435662, 38.230781555175795 ], [ -77.126831054688637, 38.230766296386726 ], [ -77.12735748291125, 38.230693817138707 ], [ -77.127906799317586, 38.230701446533239 ], [ -77.128601074219858, 38.231082916259822 ], [ -77.128944396973822, 38.231410980224588 ], [ -77.129753112794091, 38.231983184814446 ], [ -77.130424499512841, 38.232646942138665 ], [ -77.130767822266819, 38.233036041259759 ], [ -77.13122558593868, 38.233657836914105 ], [ -77.13162994384885, 38.234298706054716 ], [ -77.131950378419106, 38.234870910644553 ], [ -77.132759094239461, 38.235530853271499 ], [ -77.134323120118324, 38.236385345458984 ], [ -77.135620117188694, 38.237194061279332 ], [ -77.136291503907444, 38.237422943115213 ], [ -77.136718750001151, 38.237651824951207 ], [ -77.137245178223836, 38.237812042236328 ], [ -77.13805389404412, 38.237976074218714 ], [ -77.138984680177018, 38.238113403320327 ], [ -77.139533996583239, 38.238094329833999 ], [ -77.140373229981662, 38.23786544799809 ], [ -77.141510009766819, 38.237781524658168 ], [ -77.142547607423069, 38.237731933593764 ], [ -77.143302917481648, 38.237648010253928 ], [ -77.144172668458225, 38.237579345703182 ], [ -77.144706726075469, 38.237594604492166 ], [ -77.149040222169177, 38.2391357421875 ], [ -77.158988952637998, 38.241882324218722 ], [ -77.159919738770782, 38.242321014404325 ], [ -77.160217285157543, 38.242557525634744 ], [ -77.160682678223935, 38.243106842041058 ], [ -77.160942077637969, 38.243839263916044 ], [ -77.161781311036393, 38.244869232177727 ], [ -77.162445068360682, 38.245738983154311 ], [ -77.163078308106762, 38.246799468994162 ], [ -77.16342163086064, 38.248054504394574 ], [ -77.163879394532501, 38.249290466308629 ], [ -77.164108276368466, 38.250591278076172 ], [ -77.163902282716109, 38.252101898193345 ], [ -77.163719177247373, 38.253341674804666 ], [ -77.163574218751322, 38.254386901855455 ], [ -77.163711547852827, 38.255439758300767 ], [ -77.163879394532501, 38.256561279296839 ], [ -77.16413879394662, 38.257431030273416 ], [ -77.164924621583353, 38.258102416992166 ], [ -77.165870666505228, 38.259204864501982 ], [ -77.166969299317699, 38.260299682617188 ], [ -77.168067932130242, 38.261241912841768 ], [ -77.168792724610668, 38.262157440185575 ], [ -77.170295715333324, 38.262912750244155 ], [ -77.171630859376293, 38.26379013061527 ], [ -77.172386169434887, 38.264228820800781 ], [ -77.173660278321634, 38.264888763427713 ], [ -77.174697875977898, 38.265392303466811 ], [ -77.175369262696634, 38.265579223632827 ], [ -77.17597198486466, 38.266178131103565 ], [ -77.176582336427089, 38.266563415527379 ], [ -77.176986694337273, 38.266746520996122 ], [ -77.177391052247458, 38.266937255859411 ], [ -77.178642272950611, 38.266868591308565 ], [ -77.179855346681038, 38.267097473144538 ], [ -77.18104553222787, 38.267192840576186 ], [ -77.182815551759177, 38.267658233642571 ], [ -77.184928894044361, 38.268508911132805 ], [ -77.186172485352969, 38.269149780273402 ], [ -77.187217712403736, 38.269313812255888 ], [ -77.189071655274788, 38.269268035888658 ], [ -77.18968200683733, 38.269313812255888 ], [ -77.190757751466279, 38.269634246826151 ], [ -77.192001342774873, 38.270080566406278 ], [ -77.192550659181109, 38.270492553710902 ], [ -77.196662902833481, 38.272830963134773 ], [ -77.196952819825682, 38.273330688476591 ], [ -77.197242736817856, 38.274299621581996 ], [ -77.197586059571748, 38.274658203125028 ], [ -77.197906494142075, 38.275024414062528 ], [ -77.198310852052174, 38.27532196044924 ], [ -77.198600769044347, 38.275920867919886 ], [ -77.199638366700711, 38.276630401611335 ], [ -77.200653076173339, 38.276702880859361 ], [ -77.202049255372515, 38.276775360107472 ], [ -77.203147888185086, 38.276798248290994 ], [ -77.204513549806123, 38.277008056640625 ], [ -77.205528259278822, 38.277099609375007 ], [ -77.206626892091293, 38.277149200439503 ], [ -77.206893920899873, 38.277133941650426 ], [ -77.209228515626478, 38.278724670410142 ], [ -77.213912963868708, 38.281452178955035 ], [ -77.224708557130498, 38.282814025878913 ], [ -77.224716186525029, 38.282897949218729 ], [ -77.224891662599234, 38.283409118652358 ], [ -77.224830627442941, 38.283843994140582 ], [ -77.224655151368736, 38.284343719482408 ], [ -77.224800109864859, 38.284889221191378 ], [ -77.225151062013282, 38.285369873046861 ], [ -77.226043701173481, 38.28627014160157 ], [ -77.226913452150043, 38.286842346191413 ], [ -77.227546691896123, 38.287250518798849 ], [ -77.228332519532856, 38.287822723388693 ], [ -77.229202270509433, 38.28840255737309 ], [ -77.229866027833651, 38.288856506347685 ], [ -77.23070526123206, 38.289451599121143 ], [ -77.231346130372685, 38.290073394775391 ], [ -77.231346130372685, 38.290550231933587 ], [ -77.231834411622685, 38.291332244873068 ], [ -77.232124328614887, 38.291770935058587 ], [ -77.232582092286734, 38.292366027832031 ], [ -77.232788085939092, 38.293003082275369 ], [ -77.233512878419532, 38.293781280517578 ], [ -77.233886718751577, 38.294105529785178 ], [ -77.234375000001577, 38.294628143310526 ], [ -77.235160827638325, 38.295272827148487 ], [ -77.235626220704717, 38.295749664306697 ], [ -77.236228942872728, 38.296051025390597 ], [ -77.237098693849305, 38.296306610107465 ], [ -77.237884521485952, 38.29650878906255 ], [ -77.238639831544631, 38.29655838012696 ], [ -77.239334106446904, 38.296470642089858 ], [ -77.240409851075853, 38.296352386474595 ], [ -77.241020202638381, 38.29619598388674 ], [ -77.241775512696975, 38.295856475830035 ], [ -77.242736816407927, 38.295219421386712 ], [ -77.244010925294603, 38.29437255859375 ], [ -77.244331359864958, 38.294212341308629 ], [ -77.244743347169674, 38.293914794921903 ], [ -77.245521545411776, 38.293918609619162 ], [ -77.246223449708708, 38.293708801269553 ], [ -77.247093200685256, 38.293945312499957 ], [ -77.247642517091492, 38.2943305969238 ], [ -77.248222351075881, 38.294723510742166 ], [ -77.24871063232591, 38.29511260986326 ], [ -77.249526977540711, 38.295528411865249 ], [ -77.249992370607202, 38.29511260986326 ], [ -77.250686645509475, 38.294792175293018 ], [ -77.253128051759532, 38.292808532714822 ], [ -77.253387451173595, 38.292606353759808 ], [ -77.254295349122756, 38.291896820068366 ], [ -77.254730224611095, 38.292011260986357 ], [ -77.255973815919702, 38.291763305664034 ], [ -77.256935119630654, 38.291603088378906 ], [ -77.258300781251691, 38.291423797607436 ], [ -77.259338378908026, 38.291625976562536 ], [ -77.26058959961108, 38.291584014892564 ], [ -77.26157379150564, 38.291610717773452 ], [ -77.263229370118964, 38.292228698730433 ], [ -77.264038085939234, 38.292407989501989 ], [ -77.26458740234547, 38.292568206787102 ], [ -77.265083312990029, 38.292182922363288 ], [ -77.265464782716592, 38.29163360595706 ], [ -77.265724182130725, 38.291179656982372 ], [ -77.265739440919702, 38.291080474853572 ], [ -77.266647338868964, 38.291080474853572 ], [ -77.270652770997899, 38.290763854980497 ], [ -77.270690917970498, 38.290851593017592 ], [ -77.2709808349627, 38.291553497314503 ], [ -77.271209716798666, 38.29212570190434 ], [ -77.271469116212714, 38.292610168456989 ], [ -77.272079467775256, 38.293380737304652 ], [ -77.272483825685427, 38.293426513671889 ], [ -77.27309417724787, 38.293659210205043 ], [ -77.273239135744006, 38.293888092041016 ], [ -77.273643493654205, 38.295009613037088 ], [ -77.273925781251847, 38.29553604125978 ], [ -77.274192810060441, 38.296249389648402 ], [ -77.274856567384646, 38.296661376953125 ], [ -77.275321960451038, 38.297023773193352 ], [ -77.275924682619035, 38.297279357910206 ], [ -77.276596069337799, 38.297275543212933 ], [ -77.277610778810427, 38.297077178955107 ], [ -77.278770446779191, 38.296413421630895 ], [ -77.279380798341663, 38.296070098876939 ], [ -77.280052185060413, 38.295837402343786 ], [ -77.281127929689362, 38.295116424560547 ], [ -77.282028198244078, 38.294433593749979 ], [ -77.282608032228467, 38.294044494628878 ], [ -77.283447265626904, 38.293495178222635 ], [ -77.284057617189347, 38.293148040771499 ], [ -77.285255432130796, 38.292350769042962 ], [ -77.285888671876876, 38.291851043701136 ], [ -77.286819458009674, 38.291229248046889 ], [ -77.287742614748026, 38.290828704833977 ], [ -77.289512634279234, 38.291122436523445 ], [ -77.291114807130796, 38.291606903076165 ], [ -77.291198730470626, 38.291854858398395 ], [ -77.292068481447217, 38.292316436767635 ], [ -77.292243957521407, 38.292728424072237 ], [ -77.292762756349589, 38.293159484863317 ], [ -77.293289184572274, 38.293319702148438 ], [ -77.293640136720697, 38.29345703125005 ], [ -77.294242858888694, 38.293670654296854 ], [ -77.295089721681663, 38.293365478515668 ], [ -77.295578002931663, 38.293075561523473 ], [ -77.295715332033168, 38.292991638183558 ], [ -77.301712036134774, 38.294792175293011 ], [ -77.302047729494191, 38.29523086547853 ], [ -77.302566528322259, 38.295669555664034 ], [ -77.302833557130853, 38.296009063720717 ], [ -77.303146362306663, 38.296379089355483 ], [ -77.30370330810743, 38.296558380126953 ], [ -77.3041076660176, 38.296676635742195 ], [ -77.304946899416038, 38.296585083007848 ], [ -77.305473327638737, 38.29655838012696 ], [ -77.306167602541024, 38.296474456787116 ], [ -77.306663513185569, 38.296337127685518 ], [ -77.306755065919944, 38.296306610107465 ], [ -77.307273864748112, 38.296127319335973 ], [ -77.307388305666109, 38.296062469482401 ], [ -77.30802154541216, 38.296218872070369 ], [ -77.308662414552757, 38.296497344970732 ], [ -77.309066772462955, 38.296630859374979 ], [ -77.309623718263722, 38.296703338623082 ], [ -77.31022644043172, 38.29663467407223 ], [ -77.310691833498112, 38.296546936035142 ], [ -77.311271667482501, 38.296245574951158 ], [ -77.311622619630924, 38.296043395996044 ], [ -77.312294006349674, 38.296089172363281 ], [ -77.312751770021521, 38.296272277832031 ], [ -77.313308715822387, 38.296592712402365 ], [ -77.314117431642657, 38.296894073486371 ], [ -77.314926147463026, 38.297164916992216 ], [ -77.315917968752032, 38.297508239746087 ], [ -77.3164367675802, 38.29796600341794 ], [ -77.317367553713012, 38.298217773437543 ], [ -77.318122863771592, 38.298515319824268 ], [ -77.318756103517657, 38.298748016357422 ], [ -77.319541931154404, 38.299156188964851 ], [ -77.320617675783339, 38.299278259277401 ], [ -77.321952819826322, 38.299297332763643 ], [ -77.322586059572387, 38.299320220947266 ], [ -77.323143005373154, 38.299301147460916 ], [ -77.323745727541166, 38.299251556396513 ], [ -77.324531555177899, 38.299282073974652 ], [ -77.32467651367395, 38.299278259277401 ], [ -77.325080871584134, 38.298713684081996 ], [ -77.325317382814646, 38.298274993896477 ], [ -77.325637817384901, 38.297744750976605 ], [ -77.326156616213083, 38.296924591064446 ], [ -77.326309204103666, 38.296653747558594 ], [ -77.326507568361492, 38.296035766601591 ], [ -77.326828002931833, 38.295623779296896 ], [ -77.327323913576393, 38.295326232910149 ], [ -77.32801818847868, 38.295097351074183 ], [ -77.329154968263822, 38.295009613037074 ], [ -77.330284118654532, 38.29512023925782 ], [ -77.331359863283396, 38.295352935791051 ], [ -77.332168579103737, 38.295352935791037 ], [ -77.333038330080328, 38.295356750488324 ], [ -77.333877563478751, 38.29571914672853 ], [ -77.334579467775669, 38.296180725097656 ], [ -77.334953308107671, 38.296867370605476 ], [ -77.335098266603723, 38.297622680664077 ], [ -77.334892272951365, 38.298507690429716 ], [ -77.334686279299021, 38.299404144287088 ], [ -77.334701538088083, 38.299987792968743 ], [ -77.334716796877174, 38.300415039062536 ], [ -77.335327148439731, 38.301231384277337 ], [ -77.335762023927956, 38.30164718627934 ], [ -77.337005615236549, 38.302658081054688 ], [ -77.337844848634987, 38.303108215331996 ], [ -77.33854675293189, 38.303321838378892 ], [ -77.339790344240498, 38.303707122802734 ], [ -77.340721130373296, 38.304004669189467 ], [ -77.341354370119461, 38.304256439208963 ], [ -77.341995239260058, 38.304439544677713 ], [ -77.342895507814703, 38.304695129394553 ], [ -77.343154907228836, 38.304714202880895 ], [ -77.343940734865484, 38.304897308349652 ], [ -77.344520568849873, 38.304992675781278 ], [ -77.345474243166294, 38.305423736572273 ], [ -77.346054077150669, 38.305881500244119 ], [ -77.346488952639007, 38.306388854980469 ], [ -77.346488952639007, 38.307216644287081 ], [ -77.346435546877231, 38.30805587768559 ], [ -77.346488952639007, 38.308494567871094 ], [ -77.346549987795228, 38.308925628662067 ], [ -77.346572875978836, 38.309268951416023 ], [ -77.347328186037444, 38.309406280517543 ], [ -77.348197937013992, 38.30943679809571 ], [ -77.348808288576478, 38.309223175048807 ], [ -77.349388122560853, 38.308834075927692 ], [ -77.349830627443723, 38.308338165283246 ], [ -77.350288391115569, 38.307968139648409 ], [ -77.350585937502331, 38.307735443115249 ], [ -77.351020812990555, 38.307559967041051 ], [ -77.351570129396777, 38.307331085205071 ], [ -77.352180480959319, 38.307445526123061 ], [ -77.352813720705399, 38.308017730712905 ], [ -77.353080749514078, 38.308544158935504 ], [ -77.353424072267927, 38.309066772460945 ], [ -77.353828430178112, 38.309368133544943 ], [ -77.353919982912473, 38.309318542480447 ], [ -77.35475921631091, 38.30961990356446 ], [ -77.355514526369504, 38.309711456298807 ], [ -77.356498718264078, 38.309989929199197 ], [ -77.357170104982842, 38.310146331787138 ], [ -77.357749938967217, 38.310394287109375 ], [ -77.358039855959419, 38.310417175292983 ], [ -77.35818481445547, 38.309486389160199 ], [ -77.358215332033623, 38.308639526367145 ], [ -77.358390808107828, 38.308067321777315 ], [ -77.358680725100015, 38.307819366455085 ], [ -77.359031677248424, 38.30761337280272 ], [ -77.359611511232799, 38.307476043701215 ], [ -77.360275268557032, 38.307704925537102 ], [ -77.361030578615626, 38.308139801025426 ], [ -77.361640930178169, 38.308406829834006 ], [ -77.362220764162558, 38.308620452880881 ], [ -77.362800598146933, 38.308689117431648 ], [ -77.363006591799206, 38.308181762695291 ], [ -77.363090515139106, 38.307685852050753 ], [ -77.363441467287544, 38.306991577148473 ], [ -77.363967895510157, 38.306556701660128 ], [ -77.364570617678154, 38.306358337402308 ], [ -77.365325927736748, 38.306262969970675 ], [ -77.366516113283666, 38.306175231933572 ], [ -77.367385864260271, 38.306293487548828 ], [ -77.368431091311024, 38.306423187255895 ], [ -77.369506835939902, 38.306564331054666 ], [ -77.370750427248495, 38.306980133056662 ], [ -77.371505737307089, 38.307163238525398 ], [ -77.372436523439973, 38.307521820068359 ], [ -77.373390197756379, 38.308097839355462 ], [ -77.373771667482941, 38.308578491210952 ], [ -77.374061584475157, 38.308994293212919 ], [ -77.374114990236819, 38.309558868408224 ], [ -77.373916625978993, 38.310268402099574 ], [ -77.373390197756379, 38.311298370361378 ], [ -77.373016357424362, 38.311847686767592 ], [ -77.372520446779816, 38.312854766845689 ], [ -77.371879577639106, 38.313858032226591 ], [ -77.371414184572714, 38.31488800048831 ], [ -77.371360778811038, 38.31573486328125 ], [ -77.372230529787601, 38.31667327880858 ], [ -77.373474121096223, 38.317565917968778 ], [ -77.374633789065001, 38.318256378173864 ], [ -77.376205444338396, 38.31896209716794 ], [ -77.377014160158751, 38.319213867187543 ], [ -77.378379821779802, 38.319305419921918 ], [ -77.379478454592345, 38.319461822509773 ], [ -77.380264282229092, 38.319419860839815 ], [ -77.381278991701748, 38.319446563720696 ], [ -77.382209777834518, 38.319698333740206 ], [ -77.383193969729106, 38.320289611816399 ], [ -77.384010314943907, 38.320678710937486 ], [ -77.384735107424433, 38.32130050659184 ], [ -77.385055541994689, 38.32164001464843 ], [ -77.385688781740839, 38.322509765625014 ], [ -77.385955810549433, 38.323268890380852 ], [ -77.386589050295498, 38.323860168457045 ], [ -77.387229919436095, 38.324710845947273 ], [ -77.387580871584589, 38.324913024902365 ], [ -77.388130187990825, 38.325622558593729 ], [ -77.388854980471265, 38.326103210449197 ], [ -77.389465332033808, 38.32651519775392 ], [ -77.390975952150995, 38.326881408691399 ], [ -77.392166137697927, 38.327182769775384 ], [ -77.39308929443618, 38.327522277831982 ], [ -77.394050598147132, 38.327842712402344 ], [ -77.395065307619774, 38.328300476074205 ], [ -77.396636962893268, 38.328872680664041 ], [ -77.397560119631521, 38.329303741455099 ], [ -77.398262023928424, 38.329425811767535 ], [ -77.399360656740882, 38.329269409179688 ], [ -77.400177001955811, 38.329151153564439 ], [ -77.400909423830768, 38.328952789306598 ], [ -77.404968261721379, 38.33069992065429 ], [ -77.417289733889461, 38.329803466796825 ], [ -77.418472290041862, 38.329254150390611 ], [ -77.418869018557501, 38.329452514648416 ], [ -77.420150756838709, 38.329929351806619 ], [ -77.421218872073112, 38.330204010009737 ], [ -77.421714782717672, 38.330204010009744 ], [ -77.422355651858268, 38.330135345458991 ], [ -77.422843933108297, 38.330017089843714 ], [ -77.423515319827047, 38.329723358154254 ], [ -77.424591064455996, 38.329063415527315 ], [ -77.42520904541297, 38.328445434570327 ], [ -77.427261352541962, 38.328449249267607 ], [ -77.430442810061464, 38.329151153564432 ], [ -77.430625915530186, 38.329227447509808 ], [ -77.43202209472949, 38.330253601074226 ], [ -77.432861328127913, 38.331161499023402 ], [ -77.433792114260697, 38.331943511962891 ], [ -77.434516906741223, 38.332695007324205 ], [ -77.435241699221677, 38.333679199218771 ], [ -77.435562133792018, 38.334667205810504 ], [ -77.435913085940427, 38.335514068603558 ], [ -77.436721801760797, 38.336635589599624 ], [ -77.436958312991223, 38.337223052978537 ], [ -77.43724822998341, 38.337802886962933 ], [ -77.437744140627956, 38.338623046875 ], [ -77.437942504885797, 38.339031219482436 ], [ -77.437797546389632, 38.339305877685561 ], [ -77.437889099124007, 38.34033966064451 ], [ -77.437858581545939, 38.341232299804723 ], [ -77.437973022463837, 38.342029571533182 ], [ -77.438583374026393, 38.342857360839872 ], [ -77.439544677737345, 38.343288421630852 ], [ -77.440673828127956, 38.343860626220696 ], [ -77.441490173342871, 38.344337463378892 ], [ -77.442359924319348, 38.345092773437493 ], [ -77.443229675295925, 38.345600128173849 ], [ -77.443786621096692, 38.346282958984396 ], [ -77.444160461428837, 38.346740722656264 ], [ -77.44477081299128, 38.347270965576151 ], [ -77.445556640628027, 38.347839355468722 ], [ -77.446426391604589, 38.348224639892543 ], [ -77.447555541995229, 38.348274230957053 ], [ -77.448631286624163, 38.348480224609403 ], [ -77.449478149417118, 38.348640441894545 ], [ -77.450668334963964, 38.349029541015639 ], [ -77.451622009280385, 38.34918975830076 ], [ -77.452293395999135, 38.349319458007827 ], [ -77.453399658206237, 38.349891662597678 ], [ -77.454299926760882, 38.350738525390632 ], [ -77.455024719241408, 38.35174942016598 ], [ -77.455604553225797, 38.352729797363267 ], [ -77.455955505374206, 38.353576660156243 ], [ -77.456390380862459, 38.35446929931642 ], [ -77.456764221194476, 38.355129241943366 ], [ -77.457206726077345, 38.355911254882827 ], [ -77.457580566409391, 38.356689453125036 ], [ -77.458045959475783, 38.357326507568381 ], [ -77.458366394046138, 38.357761383056591 ], [ -77.458740234378155, 38.358627319335902 ], [ -77.4587478637727, 38.35920333862304 ], [ -77.458717346194547, 38.359699249267585 ], [ -77.458717346194547, 38.360782623291051 ], [ -77.4587478637727, 38.361141204833991 ], [ -77.458862304690598, 38.361850738525355 ], [ -77.459068298342956, 38.362243652343722 ], [ -77.45955657959297, 38.362628936767557 ], [ -77.460113525393737, 38.362995147705043 ], [ -77.460807800296124, 38.363388061523395 ], [ -77.461502075198496, 38.363704681396484 ], [ -77.462257385257075, 38.364185333251953 ], [ -77.462844848635996, 38.364433288574183 ], [ -77.463424682620399, 38.36499023437505 ], [ -77.463890075686791, 38.365467071533239 ], [ -77.464378356936805, 38.366149902343729 ], [ -77.464729309085229, 38.366764068603516 ], [ -77.465019226077416, 38.367527008056634 ], [ -77.465400695803979, 38.368003845214844 ], [ -77.466125488284419, 38.36841201782228 ], [ -77.467086791995371, 38.368804931640661 ], [ -77.467811584475911, 38.368801116943395 ], [ -77.468627929690712, 38.368782043457045 ], [ -77.469726562503183, 38.368759155273445 ], [ -77.470542907718084, 38.368824005126932 ], [ -77.47176361084307, 38.368762969970703 ], [ -77.472717285159476, 38.368732452392557 ], [ -77.474258422854831, 38.369094848632777 ], [ -77.475189208987629, 38.369556427001974 ], [ -77.475715637210328, 38.369693756103501 ], [ -77.476036071780612, 38.369762420654261 ], [ -77.476638793948595, 38.370010375976584 ], [ -77.477050781253311, 38.370155334472614 ], [ -77.478210449222018, 38.370445251464822 ], [ -77.47875976562834, 38.370693206787124 ], [ -77.479049682620527, 38.370769500732422 ], [ -77.479690551761124, 38.370746612548807 ], [ -77.48015594482753, 38.370807647705114 ], [ -77.480621337893936, 38.370716094970646 ], [ -77.481292724612686, 38.370380401611321 ], [ -77.481666564944717, 38.370147705078082 ], [ -77.482307434085413, 38.369781494140597 ], [ -77.482536315921294, 38.369625091552749 ], [ -77.483032226565854, 38.369342803955092 ], [ -77.48358154297209, 38.368934631347642 ], [ -77.484046936038467, 38.368618011474553 ], [ -77.48439788818699, 38.368431091308558 ], [ -77.485237121585399, 38.368179321289027 ], [ -77.486076354983837, 38.368206024169936 ], [ -77.487274169925215, 38.368316650390639 ], [ -77.488143920901805, 38.368476867675774 ], [ -77.48904418945655, 38.368637084960923 ], [ -77.490005493167487, 38.368862152099609 ], [ -77.491020202640129, 38.369018554687457 ], [ -77.491661071780726, 38.36920547485348 ], [ -77.492271423343283, 38.369480133056612 ], [ -77.493255615237842, 38.369773864746058 ], [ -77.494651794437047, 38.369979858398423 ], [ -77.495376586917487, 38.370071411132777 ], [ -77.496101379398027, 38.370300292968757 ], [ -77.497406005862857, 38.370532989501903 ], [ -77.497573852542516, 38.370563507080071 ], [ -77.501174926761365, 38.371524810791009 ], [ -77.501625061038695, 38.371562957763715 ], [ -77.502090454105073, 38.37178421020505 ], [ -77.502578735355101, 38.372108459472678 ], [ -77.503746032718425, 38.372741699218722 ], [ -77.504035949710612, 38.372879028320334 ], [ -77.504791259769192, 38.372970581054695 ], [ -77.505722045902004, 38.373115539550746 ], [ -77.506973266605158, 38.373561859130895 ], [ -77.507781982425428, 38.374069213867159 ], [ -77.508453369144192, 38.374595642089858 ], [ -77.509063720706735, 38.375228881835916 ], [ -77.50955963135128, 38.375804901123033 ], [ -77.510108947757516, 38.376216888427749 ], [ -77.510749816898112, 38.376537322998004 ], [ -77.511421203616862, 38.376918792724567 ], [ -77.512084960941095, 38.377353668212905 ], [ -77.512695312503652, 38.377677917480419 ], [ -77.513511657718453, 38.377792358398402 ], [ -77.514411926273212, 38.377792358398395 ], [ -77.515197753909931, 38.377792358398409 ], [ -77.516128540042743, 38.377655029296889 ], [ -77.516471862796621, 38.377559661865249 ], [ -77.527595520023354, 38.383758544921896 ], [ -77.530532836917899, 38.386028289794908 ], [ -77.537048339847686, 38.394725799560568 ], [ -77.536575317386649, 38.395633697509744 ], [ -77.535560607914007, 38.397052764892528 ], [ -77.535095214847601, 38.39806365966799 ], [ -77.534606933597601, 38.399433135986293 ], [ -77.534751892093723, 38.40016174316407 ], [ -77.534843444828098, 38.401077270507791 ], [ -77.534988403324164, 38.401515960693402 ], [ -77.535247802738212, 38.402355194091818 ], [ -77.53562927246476, 38.402969360351527 ], [ -77.535568237308553, 38.403907775878857 ], [ -77.536331176761692, 38.404502868652315 ], [ -77.537200927738255, 38.405124664306662 ], [ -77.538070678714845, 38.405853271484368 ], [ -77.538566589359391, 38.407131195068388 ], [ -77.538482666019476, 38.408321380615227 ], [ -77.538688659671834, 38.409416198730483 ], [ -77.539474487308595, 38.409969329834006 ], [ -77.540435791019547, 38.410263061523452 ], [ -77.541481018070343, 38.410511016845675 ], [ -77.542381286625059, 38.410491943359325 ], [ -77.543251037601564, 38.410221099853487 ], [ -77.54438781738682, 38.409484863281236 ], [ -77.545310974125087, 38.408752441406286 ], [ -77.546447753910243, 38.40838241577152 ], [ -77.548019409183638, 38.408153533935547 ], [ -77.549499511722772, 38.408355712890653 ], [ -77.550338745121209, 38.408161163330078 ], [ -77.552085876468908, 38.407756805419901 ], [ -77.55318450928138, 38.40743637084956 ], [ -77.554206848148638, 38.407123565673849 ], [ -77.555656433109505, 38.406677246093693 ], [ -77.556991577152488, 38.406631469726562 ], [ -77.55856323242601, 38.405902862548871 ], [ -77.559898376468979, 38.405261993408175 ], [ -77.5608520507854, 38.405212402343764 ], [ -77.561927795414348, 38.405055999755817 ], [ -77.562652587894789, 38.404392242431605 ], [ -77.56387329101976, 38.403591156005859 ], [ -77.56491851807057, 38.402961730956989 ], [ -77.566192626957346, 38.402420043945312 ], [ -77.567619323734704, 38.402462005615263 ], [ -77.5682601928753, 38.403034210205092 ], [ -77.568611145023823, 38.403808593749943 ], [ -77.569190979008098, 38.404979705810518 ], [ -77.569747924808965, 38.405796051025419 ], [ -77.57056427002378, 38.40638732910152 ], [ -77.57154846191834, 38.406799316406243 ], [ -77.572280883793326, 38.407161712646442 ], [ -77.573501586918326, 38.407695770263693 ], [ -77.574256896976934, 38.407894134521506 ], [ -77.574813842777786, 38.408466339111357 ], [ -77.574989318851991, 38.409290313720696 ], [ -77.574523925785599, 38.409492492675795 ], [ -77.573623657230854, 38.409835815429652 ], [ -77.572486877445684, 38.410095214843793 ], [ -77.571357727055059, 38.410415649414034 ], [ -77.570808410648837, 38.410823822021491 ], [ -77.570167541508127, 38.412021636962848 ], [ -77.569824218754263, 38.412750244140639 ], [ -77.569732666019902, 38.413986206054702 ], [ -77.569938659672246, 38.414619445800767 ], [ -77.570671081547218, 38.41560363769532 ], [ -77.571105957035471, 38.416065216064446 ], [ -77.572189331058965, 38.418048858642557 ], [ -77.572975158695698, 38.419670104980447 ], [ -77.573471069340258, 38.421184539794879 ], [ -77.573966979984718, 38.422893524169879 ], [ -77.574493408207445, 38.42443084716794 ], [ -77.575225830082417, 38.426097869873054 ], [ -77.575813293461351, 38.427242279052749 ], [ -77.576713562016067, 38.42787933349608 ], [ -77.57697296143013, 38.428241729736293 ], [ -77.577529907230897, 38.428977966308622 ], [ -77.578430175785613, 38.429527282714858 ], [ -77.578956604008255, 38.429660797119084 ], [ -77.579391479496593, 38.429821014404304 ], [ -77.580062866215258, 38.43009185791017 ], [ -77.580528259281735, 38.430137634277301 ], [ -77.581336975102019, 38.430183410644531 ], [ -77.581802368168411, 38.430183410644531 ], [ -77.582298278812985, 38.430179595947273 ], [ -77.583023071293411, 38.43017959594728 ], [ -77.583633422855968, 38.430221557617216 ], [ -77.584449768070783, 38.430248260498018 ], [ -77.585090637211465, 38.430126190185561 ], [ -77.58581542969192, 38.430065155029261 ], [ -77.586509704594306, 38.429897308349602 ], [ -77.58735656738726, 38.42974472045902 ], [ -77.588111877445854, 38.429851531982379 ], [ -77.588783264164618, 38.429847717285114 ], [ -77.588798522953695, 38.429851531982379 ], [ -77.590263366703752, 38.431972503662081 ], [ -77.590179443363823, 38.432662963867188 ], [ -77.590034484867772, 38.433189392089787 ], [ -77.5894622802779, 38.434654235839844 ], [ -77.588851928715385, 38.435523986816406 ], [ -77.588302612309121, 38.436668395996094 ], [ -77.588218688969292, 38.437149047851562 ], [ -77.588218688969292, 38.437763214111278 ], [ -77.58847808838334, 38.438404083251982 ], [ -77.588775634770073, 38.438838958740199 ], [ -77.589210510258425, 38.439659118652379 ], [ -77.59005737305138, 38.440670013427727 ], [ -77.590492248539618, 38.441440582275398 ], [ -77.591133117680229, 38.442192077636705 ], [ -77.591453552250584, 38.442520141601584 ], [ -77.591575622563099, 38.443065643310547 ], [ -77.591606140141167, 38.443336486816406 ], [ -77.591606140141167, 38.443450927734375 ], [ -77.59172058105915, 38.444370269775369 ], [ -77.591812133793525, 38.444690704345703 ], [ -77.591896057133368, 38.445213317871058 ], [ -77.59195709228969, 38.445556640625028 ], [ -77.591987609867743, 38.446609497070312 ], [ -77.591552734379491, 38.447021484374972 ], [ -77.590972900395101, 38.447341918945298 ], [ -77.590248107914661, 38.447593688964808 ], [ -77.589866638188099, 38.447708129882784 ], [ -77.589172363285726, 38.447803497314418 ], [ -77.588180541996621, 38.447753906250036 ], [ -77.587165832523979, 38.44777679443353 ], [ -77.586730957035741, 38.448013305664055 ], [ -77.586235046391167, 38.448535919189403 ], [ -77.586067199711508, 38.448970794677727 ], [ -77.585655212406778, 38.449386596679723 ], [ -77.584991455082559, 38.449684143066357 ], [ -77.584465026859846, 38.450115203857422 ], [ -77.584091186527814, 38.45050430297853 ], [ -77.583625793461422, 38.451900482177706 ], [ -77.583656311039576, 38.452178955078104 ], [ -77.583656311039562, 38.452747344970668 ], [ -77.583343505863752, 38.453456878662102 ], [ -77.58287811279736, 38.453708648681612 ], [ -77.58139038086378, 38.453987121581996 ], [ -77.580200195316863, 38.454284667968722 ], [ -77.579681396488695, 38.454654693603473 ], [ -77.578956604008241, 38.45542907714843 ], [ -77.578201293949647, 38.456733703613324 ], [ -77.577880859379292, 38.457191467285163 ], [ -77.577476501469206, 38.458290100097621 ], [ -77.577133178715229, 38.45936203002929 ], [ -77.577018737797232, 38.459869384765653 ], [ -77.577163696293397, 38.460693359374986 ], [ -77.577133178715229, 38.460945129394474 ], [ -77.577369689945755, 38.461311340332067 ], [ -77.577804565434008, 38.462059020996115 ], [ -77.578330993656706, 38.462764739990192 ], [ -77.579032897953539, 38.463779449462919 ], [ -77.579292297367658, 38.464855194091768 ], [ -77.579475402836408, 38.465969085693381 ], [ -77.579414367680087, 38.466796874999986 ], [ -77.579216003422275, 38.467666625976555 ], [ -77.579338073734803, 38.469211578369162 ], [ -77.579391479496579, 38.469879150390646 ], [ -77.578964233402772, 38.471546173095675 ], [ -77.578125000004334, 38.47267150878902 ], [ -77.578063964848042, 38.473197937011726 ], [ -77.578125000004334, 38.47365570068358 ], [ -77.578269958500385, 38.474113464355447 ], [ -77.578826904301167, 38.474838256835966 ], [ -77.579467773441863, 38.475753784179673 ], [ -77.580398559574675, 38.477100372314446 ], [ -77.580459594730897, 38.477306365966818 ], [ -77.580345153812999, 38.479141235351577 ], [ -77.580001831059022, 38.480327606201158 ], [ -77.5794525146528, 38.481178283691378 ], [ -77.579360961918425, 38.482177734375028 ], [ -77.579277038578596, 38.483009338378899 ], [ -77.579193115238752, 38.484516143798814 ], [ -77.579399108891025, 38.485450744628871 ], [ -77.579605102543368, 38.486461639404311 ], [ -77.580307006840286, 38.487213134765632 ], [ -77.581298828129391, 38.487941741943331 ], [ -77.582115173344206, 38.48853302001951 ], [ -77.582756042484817, 38.489177703857379 ], [ -77.583251953129377, 38.489788055419915 ], [ -77.584594726566905, 38.491119384765611 ], [ -77.585494995121635, 38.491874694824212 ], [ -77.586082458500485, 38.492374420166023 ], [ -77.586631774906792, 38.492641448974588 ], [ -77.587478637699775, 38.49284744262696 ], [ -77.58837890625442, 38.49273681640625 ], [ -77.589279174809164, 38.492801666259723 ], [ -77.589950561527928, 38.492683410644567 ], [ -77.590530395512303, 38.492752075195312 ], [ -77.591552734379476, 38.493343353271513 ], [ -77.592277526859917, 38.4936714172363 ], [ -77.59280395508263, 38.493919372558629 ], [ -77.593383789067019, 38.494304656982465 ], [ -77.594291687016209, 38.494239807128878 ], [ -77.595069885258411, 38.494186401367195 ], [ -77.595947265629533, 38.494167327880852 ], [ -77.596847534184192, 38.49402999877924 ], [ -77.598098754887346, 38.494091033935554 ], [ -77.599143981938127, 38.494113922119183 ], [ -77.599929809574888, 38.494159698486307 ], [ -77.600952148442047, 38.494686126709006 ], [ -77.601364135746763, 38.495071411132848 ], [ -77.601882934574945, 38.495410919189446 ], [ -77.602348327641351, 38.495960235595675 ], [ -77.602615356449931, 38.49639511108402 ], [ -77.602676391606153, 38.496917724609339 ], [ -77.603080749516323, 38.497764587402308 ], [ -77.603286743168681, 38.498176574707031 ], [ -77.603729248051479, 38.498661041259759 ], [ -77.603988647465613, 38.498950958251953 ], [ -77.6042785644578, 38.499431610107429 ], [ -77.604431152348383, 38.499797821044929 ], [ -77.60111999512182, 38.503791809082017 ], [ -77.601058959965499, 38.504478454589858 ], [ -77.601058959965499, 38.505367279052763 ], [ -77.601295471196025, 38.506381988525398 ], [ -77.601791381840584, 38.507091522216733 ], [ -77.602455139164789, 38.507797241210916 ], [ -77.603271484379619, 38.50843811035152 ], [ -77.603881835942175, 38.508831024169886 ], [ -77.604492187504604, 38.509311676025369 ], [ -77.605224609379675, 38.509952545165959 ], [ -77.606040954594491, 38.510700225830107 ], [ -77.606681823735101, 38.511371612548842 ], [ -77.607261657719491, 38.511962890624943 ], [ -77.60784149170388, 38.512695312500021 ], [ -77.608161926274235, 38.512920379638636 ], [ -77.608718872075002, 38.513336181640604 ], [ -77.609237670903184, 38.513629913330078 ], [ -77.609764099125798, 38.513950347900426 ], [ -77.610321044926579, 38.514228820800803 ], [ -77.610839843754718, 38.514385223388658 ], [ -77.612770080571195, 38.514984130859382 ], [ -77.614341735844604, 38.515625 ], [ -77.614585876469562, 38.51570510864255 ], [ -77.615150451664974, 38.515895843505817 ], [ -77.615737915043795, 38.516151428222607 ], [ -77.616409301762573, 38.516380310058572 ], [ -77.617279052739136, 38.5166015625 ], [ -77.618095397954065, 38.516883850097663 ], [ -77.618850708012644, 38.517108917236278 ], [ -77.619461059575116, 38.517337799072251 ], [ -77.620277404790002, 38.517681121826108 ], [ -77.621040344243141, 38.518573760986307 ], [ -77.621589660649377, 38.51976013183598 ], [ -77.622177124028312, 38.520565032958956 ], [ -77.622642517094704, 38.521133422851527 ], [ -77.623161315922886, 38.522212982177727 ], [ -77.623832702641636, 38.522972106933601 ], [ -77.624420166020485, 38.523605346679638 ], [ -77.625061035161181, 38.524158477783232 ], [ -77.625701904301778, 38.524684906005838 ], [ -77.626022338872147, 38.524932861328082 ], [ -77.626777648930712, 38.525466918945327 ], [ -77.627502441411181, 38.525897979736293 ], [ -77.628379821782303, 38.526195526123018 ], [ -77.629486083989292, 38.526393890380838 ], [ -77.630302429204221, 38.526447296142607 ], [ -77.630943298344832, 38.526306152343736 ], [ -77.632110595708156, 38.526622772216818 ], [ -77.633171081547999, 38.52717208862304 ], [ -77.633537292485485, 38.527355194091776 ], [ -77.634521484379974, 38.528182983398395 ], [ -77.635574340825301, 38.528781890869126 ], [ -77.636619567876082, 38.52932357788081 ], [ -77.637115478520656, 38.529647827148423 ], [ -77.638076782231622, 38.530082702636669 ], [ -77.638809204106607, 38.530372619628864 ], [ -77.639709472661337, 38.53069686889647 ], [ -77.640296936040258, 38.53089904785157 ], [ -77.640937805180869, 38.530994415283189 ], [ -77.641838073735627, 38.531154632568338 ], [ -77.64244842529807, 38.5316352844238 ], [ -77.642593383794207, 38.532070159912138 ], [ -77.642768859868411, 38.532436370849609 ], [ -77.642944335942616, 38.532802581787109 ], [ -77.643211364751195, 38.533191680908217 ], [ -77.644340515141835, 38.533348083496058 ], [ -77.645187377934874, 38.533393859863288 ], [ -77.645942687993482, 38.533439636230426 ], [ -77.646644592290315, 38.533485412597678 ], [ -77.64736938477084, 38.533649444580064 ], [ -77.648040771489605, 38.533939361572259 ], [ -77.648712158208355, 38.53435897827152 ], [ -77.649414062505187, 38.534809112548835 ], [ -77.649589538579406, 38.53493881225581 ], [ -77.649879455571593, 38.535152435302699 ], [ -77.650138854985727, 38.535388946533217 ], [ -77.650726318364676, 38.535564422607415 ], [ -77.651512146001309, 38.535610198974553 ], [ -77.651885986333355, 38.535545349121058 ], [ -77.652206420903696, 38.535358428955057 ], [ -77.652473449712275, 38.534919738769538 ], [ -77.652488708501352, 38.534881591796847 ], [ -77.654724121099079, 38.534591674804652 ], [ -77.661186218267119, 38.532772064208956 ], [ -77.664131164556196, 38.531406402587912 ], [ -77.66765594482969, 38.530494689941371 ], [ -77.669425964360926, 38.531398773193374 ], [ -77.669448852544548, 38.532085418701122 ], [ -77.669593811040698, 38.532676696777301 ], [ -77.669799804693056, 38.533222198486271 ], [ -77.6704101562555, 38.534278869628864 ], [ -77.670967102056281, 38.534870147705028 ], [ -77.671173095708639, 38.53501129150392 ], [ -77.67204284668523, 38.535530090332003 ], [ -77.672660827642304, 38.53594970703125 ], [ -77.672805786138369, 38.536125183105455 ], [ -77.674057006841522, 38.536861419677692 ], [ -77.675224304204832, 38.537296295166016 ], [ -77.676506042486054, 38.537727355956989 ], [ -77.677993774419718, 38.538368225097685 ], [ -77.679122924810343, 38.539031982421889 ], [ -77.679153442388412, 38.539054870605419 ], [ -77.680175781255699, 38.539669036865234 ], [ -77.681167602544704, 38.540195465087848 ], [ -77.681892395025244, 38.540718078613281 ], [ -77.682189941411963, 38.540904998779276 ], [ -77.682510375982233, 38.541084289550767 ], [ -77.683212280279164, 38.541618347167919 ], [ -77.684753417974505, 38.542160034179688 ], [ -77.685600280767474, 38.542457580566435 ], [ -77.686996459966679, 38.542938232421896 ], [ -77.688133239751835, 38.543415069580092 ], [ -77.688835144048767, 38.54377746582032 ], [ -77.689064025884747, 38.543899536132841 ], [ -77.690490722662119, 38.544651031494162 ], [ -77.691314697271451, 38.545196533203118 ], [ -77.692329406744093, 38.546047210693338 ], [ -77.692855834966792, 38.546669006347585 ], [ -77.693496704107417, 38.547740936279254 ], [ -77.693939208990201, 38.548633575439446 ], [ -77.694198608404335, 38.54936981201169 ], [ -77.694580078130898, 38.550457000732422 ], [ -77.694847106939491, 38.551441192626896 ], [ -77.694931030279321, 38.552314758300739 ], [ -77.694908142095699, 38.553775787353501 ], [ -77.694152832037105, 38.556819915771456 ], [ -77.693717956548852, 38.558288574218757 ], [ -77.693023681646466, 38.560188293457045 ], [ -77.692352294927716, 38.561698913574219 ], [ -77.691741943365159, 38.56307220458978 ], [ -77.691307067876906, 38.56423568725581 ], [ -77.690811157232346, 38.565650939941349 ], [ -77.69075775147067, 38.566978454589865 ], [ -77.690902709966721, 38.568126678466733 ], [ -77.69107818604094, 38.568492889404311 ], [ -77.691314697271451, 38.568931579589822 ], [ -77.691604614263653, 38.569427490234368 ], [ -77.691894531255826, 38.569862365722628 ], [ -77.692451477056608, 38.570716857910114 ], [ -77.69265747070898, 38.57098007202152 ], [ -77.693473815923781, 38.571628570556634 ], [ -77.693763732915983, 38.571830749511747 ], [ -77.694351196294903, 38.572311401367195 ], [ -77.694694519048795, 38.572540283203089 ], [ -77.694992065435528, 38.572700500488317 ], [ -77.695632934576224, 38.572994232177685 ], [ -77.696243286138682, 38.573562622070249 ], [ -77.696769714361395, 38.574066162109347 ], [ -77.697235107427801, 38.574714660644482 ], [ -77.697700500494193, 38.57509994506831 ], [ -77.698432922369179, 38.575714111328111 ], [ -77.698844909673909, 38.57612609863282 ], [ -77.699340820318454, 38.576702117919936 ], [ -77.699600219732517, 38.57719802856441 ], [ -77.700012207037219, 38.578117370605469 ], [ -77.700157165533284, 38.578529357910099 ], [ -77.700187683111437, 38.57889938354495 ], [ -77.700218200689577, 38.579330444335923 ], [ -77.700393676763781, 38.57994842529299 ], [ -77.700424194341835, 38.5802001953125 ], [ -77.700279235845784, 38.580814361572223 ], [ -77.700279235845784, 38.580978393554688 ], [ -77.700218200689577, 38.581321716308565 ], [ -77.699928283697389, 38.582057952880803 ], [ -77.699783325201238, 38.582603454589851 ], [ -77.699699401861395, 38.583152770996094 ], [ -77.69957733154888, 38.583839416503913 ], [ -77.699432373052829, 38.584320068359382 ], [ -77.699462890630898, 38.584663391113246 ], [ -77.699584960943412, 38.585029602050753 ], [ -77.699790954595784, 38.585437774658182 ], [ -77.700111389166125, 38.585903167724581 ], [ -77.700950622564562, 38.586288452148423 ], [ -77.701828002935684, 38.586673736572237 ], [ -77.702415466314619, 38.586830139160107 ], [ -77.703460693365415, 38.587039947509737 ], [ -77.703956604009875, 38.587219238281193 ], [ -77.704742431646636, 38.587497711181584 ], [ -77.705795288091963, 38.587814331054666 ], [ -77.706436157232588, 38.587970733642521 ], [ -77.707458496099846, 38.588451385498011 ], [ -77.707893371588071, 38.58868408203125 ], [ -77.70920562744746, 38.589572906494162 ], [ -77.709678649908398, 38.589958190917997 ], [ -77.710548400884988, 38.590805053710952 ], [ -77.711196899420131, 38.591564178466804 ], [ -77.711456298834278, 38.59204483032228 ], [ -77.712509155279605, 38.593181610107408 ], [ -77.712944030767844, 38.593803405761669 ], [ -77.713119506842048, 38.593990325927699 ], [ -77.713706970220983, 38.594512939453125 ], [ -77.714462280279591, 38.595039367675739 ], [ -77.715103149420202, 38.59532928466794 ], [ -77.71644592285773, 38.595676422119155 ], [ -77.717002868658582, 38.595745086669908 ], [ -77.717758178717176, 38.595924377441392 ], [ -77.718841552740585, 38.595970153808615 ], [ -77.719680786139023, 38.596035003662124 ], [ -77.720672607428114, 38.596172332763608 ], [ -77.721611022955472, 38.596359252929624 ], [ -77.722137451178199, 38.596534729003906 ], [ -77.722862243658639, 38.597263336181619 ], [ -77.723243713385202, 38.597770690917997 ], [ -77.723594665533611, 38.598247528076186 ], [ -77.723945617682105, 38.598800659179673 ], [ -77.724700927740713, 38.599437713623011 ], [ -77.725379943854023, 38.600055694580085 ], [ -77.72599029541648, 38.600517272949219 ], [ -77.726516723639179, 38.600948333740185 ], [ -77.727272033697787, 38.601886749267514 ], [ -77.727767944342347, 38.602592468261697 ], [ -77.72806549072908, 38.60351562499995 ], [ -77.728271484381352, 38.60433197021483 ], [ -77.728530883795472, 38.605045318603459 ], [ -77.728767395025912, 38.605842590332003 ], [ -77.729118347174392, 38.606895446777322 ], [ -77.729499816900983, 38.607742309570291 ], [ -77.729766845709563, 38.608196258544865 ], [ -77.730117797857972, 38.608791351318317 ], [ -77.730468750006395, 38.609207153320312 ], [ -77.730987548834548, 38.60948562622071 ], [ -77.731811523443923, 38.609844207763643 ], [ -77.7326812744205, 38.610324859619126 ], [ -77.733474731451793, 38.610733032226555 ], [ -77.73426055908854, 38.611103057861307 ], [ -77.735336303717418, 38.611671447753885 ], [ -77.735893249518185, 38.611946105957003 ], [ -77.73621368408854, 38.612262725830071 ], [ -77.736946105963526, 38.612785339355433 ], [ -77.737236022955699, 38.61327362060544 ], [ -77.737823486334634, 38.614070892333991 ], [ -77.738609313971395, 38.615142822265547 ], [ -77.739372253424534, 38.615711212158232 ], [ -77.740158081061281, 38.616062164306626 ], [ -77.740890502936267, 38.616352081298828 ], [ -77.741706848151182, 38.616394042968686 ], [ -77.742462158209776, 38.616466522216804 ], [ -77.743576049811324, 38.616325378417933 ], [ -77.744445800787915, 38.616050720214844 ], [ -77.745727539069151, 38.615734100341747 ], [ -77.746780395514477, 38.615547180175732 ], [ -77.747711181647375, 38.615318298339858 ], [ -77.74820709229185, 38.615295410156243 ], [ -77.749313354498923, 38.615108489990234 ], [ -77.749923706061409, 38.615112304687486 ], [ -77.7516479492255, 38.615612030029311 ], [ -77.752555847174776, 38.615791320800781 ], [ -77.753425598151352, 38.616020202636669 ], [ -77.754302978522404, 38.616245269775376 ], [ -77.755233764655301, 38.616516113281207 ], [ -77.755996704108441, 38.616680145263622 ], [ -77.756958007819392, 38.61670303344723 ], [ -77.758148193366253, 38.616424560546854 ], [ -77.758766174323327, 38.616176605224624 ], [ -77.760040283210031, 38.615188598632784 ], [ -77.76042175293658, 38.614749908447273 ], [ -77.760772705085088, 38.614246368408189 ], [ -77.761207580573355, 38.613838195800732 ], [ -77.761878967292105, 38.613334655761655 ], [ -77.762687683112489, 38.61284637451174 ], [ -77.763183593756949, 38.612548828125007 ], [ -77.764442443854648, 38.612022399902301 ], [ -77.764648437507006, 38.612003326415952 ], [ -77.766189575202347, 38.612358093261733 ], [ -77.77093505860087, 38.612434387207031 ], [ -77.771377563483654, 38.612812042236307 ], [ -77.772254943854776, 38.613594055175781 ], [ -77.772926330573554, 38.61438751220696 ], [ -77.773689270026679, 38.61526107788081 ], [ -77.774040222175088, 38.616085052490241 ], [ -77.774452209479819, 38.616676330566349 ], [ -77.77523803711658, 38.617065429687443 ], [ -77.775856018073569, 38.6173095703125 ], [ -77.777015686042361, 38.617382049560526 ], [ -77.780021667487759, 38.616077423095689 ], [ -77.78334045410891, 38.615104675292947 ], [ -77.78447723389408, 38.614738464355469 ], [ -77.78520965576908, 38.614734649658189 ], [ -77.786140441901949, 38.614181518554688 ], [ -77.789108276374591, 38.613246917724553 ], [ -77.79055023194104, 38.612739562988288 ], [ -77.790565490730131, 38.612739562988281 ], [ -77.791519165046552, 38.612754821777372 ], [ -77.795448303230231, 38.613075256347614 ], [ -77.795410156257532, 38.613395690917962 ], [ -77.79512023926533, 38.614356994628906 ], [ -77.795089721687262, 38.614906311035135 ], [ -77.795471191413839, 38.615726470947209 ], [ -77.796142578132617, 38.616458892822259 ], [ -77.796646118171608, 38.617076873779261 ], [ -77.797050476081807, 38.61768722534179 ], [ -77.797401428230302, 38.618083953857422 ], [ -77.798164367683441, 38.618923187255845 ], [ -77.799125671394307, 38.619495391845682 ], [ -77.80000305176543, 38.61972427368157 ], [ -77.801460266120969, 38.620502471923771 ], [ -77.802459716804535, 38.621070861816349 ], [ -77.803627014167859, 38.621593475341776 ], [ -77.80458831787881, 38.621681213378885 ], [ -77.805961608894506, 38.621932983398388 ], [ -77.8074493408281, 38.622089385986321 ], [ -77.808235168464847, 38.622383117675795 ], [ -77.808998107917986, 38.623439788818281 ], [ -77.80885314942185, 38.624145507812472 ], [ -77.808593750007802, 38.624835968017557 ], [ -77.808242797859393, 38.625545501708913 ], [ -77.807922363289038, 38.626228332519474 ], [ -77.808280944831992, 38.626914978027301 ], [ -77.808860778816396, 38.627441406250014 ], [ -77.809417724617248, 38.627716064453139 ], [ -77.810379028328128, 38.628215789794858 ], [ -77.811172485359407, 38.628738403320291 ], [ -77.811874389656325, 38.629245758056641 ], [ -77.812721252449322, 38.630386352539055 ], [ -77.813659667976665, 38.63141632080076 ], [ -77.81433105469543, 38.632194519042962 ], [ -77.814796447761836, 38.63278579711907 ], [ -77.815299987800927, 38.633602142333963 ], [ -77.81573486328918, 38.634311676025312 ], [ -77.815620422371182, 38.634937286376925 ], [ -77.815269470222773, 38.635299682617152 ], [ -77.814956665046964, 38.635799407958963 ], [ -77.814430236824336, 38.635875701904254 ], [ -77.813613891609521, 38.635986328124979 ], [ -77.812271118171978, 38.636154174804631 ], [ -77.811630249031282, 38.63634109497066 ], [ -77.810760498054677, 38.636882781982429 ], [ -77.810264587410217, 38.637714385986328 ], [ -77.810058593757844, 38.638332366943295 ], [ -77.809509277351623, 38.639202117919872 ], [ -77.80916595459766, 38.639816284179673 ], [ -77.8086700439531, 38.640617370605405 ], [ -77.808113098152319, 38.641399383544872 ], [ -77.807563781746069, 38.641834259033196 ], [ -77.80712890625783, 38.642448425292919 ], [ -77.806808471687475, 38.643409729003878 ], [ -77.806694030769478, 38.643936157226584 ], [ -77.806289672859293, 38.644008636474602 ], [ -77.805320739753796, 38.64403152465821 ], [ -77.804359436042915, 38.644081115722621 ], [ -77.803718566902219, 38.644287109374986 ], [ -77.802757263191268, 38.644950866699197 ], [ -77.802299499519393, 38.645797729492152 ], [ -77.802124023445174, 38.646400451660156 ], [ -77.802215576179563, 38.649250030517571 ], [ -77.801963806160046, 38.650993347167983 ], [ -77.801788330085841, 38.652183532714808 ], [ -77.801795959480287, 38.653560638427749 ], [ -77.801597595222546, 38.655204772949169 ], [ -77.801597595222546, 38.656555175781193 ], [ -77.80163574219516, 38.658294677734347 ], [ -77.801780700691282, 38.659431457519496 ], [ -77.802368164070131, 38.659854888916016 ], [ -77.803039550788895, 38.660926818847592 ], [ -77.803421020515472, 38.661746978759744 ], [ -77.803657531745984, 38.662319183349588 ], [ -77.803802490242035, 38.663162231445291 ], [ -77.803688049324137, 38.66371154785152 ], [ -77.803054809577972, 38.664512634277344 ], [ -77.802528381355344, 38.665245056152308 ], [ -77.802185058601395, 38.666641235351491 ], [ -77.802246093757716, 38.667217254638608 ], [ -77.802505493171736, 38.668632507324226 ], [ -77.802658081062319, 38.670097351074169 ], [ -77.802780151374861, 38.67078018188473 ], [ -77.802894592292844, 38.671676635742188 ], [ -77.803634643562376, 38.674400329589808 ], [ -77.803642272956907, 38.675857543945305 ], [ -77.803558349617063, 38.677944183349574 ], [ -77.803771972663981, 38.680160522460938 ], [ -77.803390502937404, 38.68105316162103 ], [ -77.803802490242035, 38.681900024413984 ], [ -77.804161071785074, 38.683044433593672 ], [ -77.804595947273327, 38.684368133544929 ], [ -77.805068969734265, 38.685806274414077 ], [ -77.805305480964776, 38.687343597412045 ], [ -77.805870056160103, 38.689403533935526 ], [ -77.80634307862104, 38.690841674804688 ], [ -77.806724548347603, 38.691913604736257 ], [ -77.807075500496026, 38.693904876708984 ], [ -77.807373046882745, 38.695690155029283 ], [ -77.807556152351523, 38.696811676025348 ], [ -77.807327270515529, 38.69793319702142 ], [ -77.807617187507716, 38.699028015136697 ], [ -77.807800292976481, 38.699508666992159 ], [ -77.808120727546807, 38.700176239013651 ], [ -77.808708190925742, 38.701431274414055 ], [ -77.80915069580854, 38.702739715576136 ], [ -77.809272766121069, 38.70362472534179 ], [ -77.809562683113256, 38.704540252685518 ], [ -77.80936431885543, 38.705245971679695 ], [ -77.808166503914038, 38.705898284912095 ], [ -77.806533813484307, 38.70667648315429 ], [ -77.805076599128796, 38.707134246826151 ], [ -77.804084777839677, 38.707569122314396 ], [ -77.802597045906097, 38.708148956298785 ], [ -77.801200866706864, 38.708740234374964 ], [ -77.800407409675586, 38.709110260009716 ], [ -77.799362182624776, 38.709774017333935 ], [ -77.798545837409961, 38.710208892822273 ], [ -77.797492980964634, 38.710857391357408 ], [ -77.796684265144265, 38.711956024169858 ], [ -77.796508789070046, 38.712665557861321 ], [ -77.796508789070046, 38.713394165039006 ], [ -77.796363830573895, 38.714107513427727 ], [ -77.796516418464591, 38.714565277099602 ], [ -77.797187805183356, 38.715087890624915 ], [ -77.797889709480174, 38.715881347656214 ], [ -77.798507690437262, 38.716434478759709 ], [ -77.798828125007631, 38.716777801513665 ], [ -77.798568725593483, 38.717784881591733 ], [ -77.79871368408962, 38.718673706054673 ], [ -77.798400878913824, 38.719638824462884 ], [ -77.798080444343455, 38.720275878906207 ], [ -77.798286437995827, 38.721008300781179 ], [ -77.798988342292759, 38.721858978271413 ], [ -77.799980163581779, 38.722400665283203 ], [ -77.801094055183427, 38.722743988037074 ], [ -77.80220031739043, 38.722908020019467 ], [ -77.80352020264435, 38.723197937011641 ], [ -77.805099487312404, 38.723583221435483 ], [ -77.806236267097589, 38.72399139404294 ], [ -77.807205200203086, 38.724651336669879 ], [ -77.80796051026168, 38.725017547607358 ], [ -77.809158325203057, 38.725612640380824 ], [ -77.810012817390572, 38.726070404052678 ], [ -77.810890197761694, 38.726661682128864 ], [ -77.811706542976623, 38.727165222167947 ], [ -77.812522888191438, 38.727596282958928 ], [ -77.812904357918015, 38.727817535400362 ], [ -77.813781738289123, 38.728168487548771 ], [ -77.814399719246126, 38.728370666503857 ], [ -77.815803527839989, 38.729103088378913 ], [ -77.816734313972773, 38.729320526122997 ], [ -77.817558288582148, 38.729438781738239 ], [ -77.818748474129094, 38.72912216186517 ], [ -77.819625854500117, 38.728981018066392 ], [ -77.821029663093952, 38.728977203369112 ], [ -77.822082519539322, 38.728977203369112 ], [ -77.823013305672106, 38.729019165039006 ], [ -77.823974609383086, 38.72901153564446 ], [ -77.82532501221516, 38.729194641113303 ], [ -77.825584411629194, 38.729217529296818 ], [ -77.826225280769805, 38.729427337646449 ], [ -77.826751708992518, 38.729648590087884 ], [ -77.827285766609677, 38.729949951171875 ], [ -77.827980041512063, 38.730285644531207 ], [ -77.828483581551154, 38.730632781982344 ], [ -77.829124450691779, 38.731067657470675 ], [ -77.829887390144918, 38.731609344482365 ], [ -77.830589294441822, 38.731998443603473 ], [ -77.831146240242603, 38.732639312744077 ], [ -77.831733703621538, 38.732868194580057 ], [ -77.832344055183995, 38.732997894287109 ], [ -77.833572387703541, 38.733184814453111 ], [ -77.834304809578626, 38.733383178710938 ], [ -77.835151672371595, 38.733634948730433 ], [ -77.835502624520018, 38.733661651611321 ], [ -77.836082458504407, 38.734043121337891 ], [ -77.836677551277873, 38.735443115234347 ], [ -77.83661651612158, 38.736354827880788 ], [ -77.836769104012262, 38.737522125244091 ], [ -77.836570739754421, 38.738304138183558 ], [ -77.836372375496609, 38.739425659179631 ], [ -77.836105346688029, 38.740341186523423 ], [ -77.835670471199677, 38.741504669189368 ], [ -77.835533142098171, 38.741821289062457 ], [ -77.835388183602021, 38.742286682128857 ], [ -77.834625244148882, 38.742954254150341 ], [ -77.834045410164478, 38.74365997314451 ], [ -77.833992004402802, 38.744464874267507 ], [ -77.834373474129379, 38.745258331298793 ], [ -77.834465026863754, 38.74599456787103 ], [ -77.834556579598114, 38.746585845947216 ], [ -77.834297180184066, 38.748321533203089 ], [ -77.833862304695742, 38.749588012695312 ], [ -77.833778381355899, 38.750480651855412 ], [ -77.833488464363697, 38.751800537109382 ], [ -77.833435058602021, 38.752857208251882 ], [ -77.833091735848058, 38.754043579101527 ], [ -77.832832336434024, 38.755241394042898 ], [ -77.832595825203484, 38.756011962890561 ], [ -77.832603454598029, 38.756977081298771 ], [ -77.832633972176183, 38.757389068603487 ], [ -77.832633972176183, 38.758209228515582 ], [ -77.832786560066779, 38.759315490722656 ], [ -77.832412719734748, 38.760341644287095 ], [ -77.831710815437916, 38.760845184326179 ], [ -77.830894470223001, 38.761604309082031 ], [ -77.830398559578526, 38.761878967285135 ], [ -77.82998657227381, 38.762012481689382 ], [ -77.829643249519833, 38.762130737304638 ], [ -77.828941345223001, 38.762317657470646 ], [ -77.828468322762063, 38.762363433837876 ], [ -77.827743530281523, 38.762382507324233 ], [ -77.827011108406538, 38.762390136718679 ], [ -77.826957702644847, 38.762779235839766 ], [ -77.827537536629251, 38.76318740844723 ], [ -77.827949523933896, 38.763504028320298 ], [ -77.82862091065266, 38.763782501220696 ], [ -77.829292297371424, 38.764163970947259 ], [ -77.829994201668342, 38.764301300048757 ], [ -77.830612182625345, 38.764366149902337 ], [ -77.831344604500416, 38.764484405517578 ], [ -77.832275390633228, 38.76461410522456 ], [ -77.832626342781637, 38.764869689941328 ], [ -77.833068847664521, 38.765281677246044 ], [ -77.833213806160572, 38.765872955322244 ], [ -77.833511352547305, 38.766559600830057 ], [ -77.833808898934052, 38.767543792724538 ], [ -77.834014892586396, 38.768409729003857 ], [ -77.834251403816836, 38.769378662109332 ], [ -77.834487915047347, 38.770103454589858 ], [ -77.834815979012163, 38.771041870117188 ], [ -77.835021972664507, 38.772117614746023 ], [ -77.835227966316893, 38.77271652221674 ], [ -77.835639953621595, 38.77367019653316 ], [ -77.83622741700043, 38.77440261840821 ], [ -77.837043762215359, 38.774951934814446 ], [ -77.838012695320856, 38.77563858032228 ], [ -77.838890075691893, 38.776203155517578 ], [ -77.840446472176339, 38.777164459228516 ], [ -77.841972351082603, 38.778301239013686 ], [ -77.843521118172504, 38.779514312744112 ], [ -77.844345092781865, 38.780719757080028 ], [ -77.844673156746765, 38.782115936279304 ], [ -77.845260620125686, 38.783100128173757 ], [ -77.84593200684445, 38.784286499023423 ], [ -77.846290588387404, 38.785663604736257 ], [ -77.846237182625629, 38.786529541015561 ], [ -77.846282958992873, 38.786746978759716 ], [ -77.846328735360004, 38.786941528320284 ], [ -77.845947265633441, 38.787696838378871 ], [ -77.845657348641325, 38.788066864013615 ], [ -77.845077514656936, 38.788845062255817 ], [ -77.844665527352205, 38.7893257141113 ], [ -77.844642639168597, 38.789333343505838 ], [ -77.843849182137291, 38.789669036865149 ], [ -77.842773437508427, 38.789901733398402 ], [ -77.842391967781865, 38.790019989013658 ], [ -77.841285705574776, 38.790431976318288 ], [ -77.840789794930288, 38.790725708007756 ], [ -77.840263366707561, 38.791252136230447 ], [ -77.840057373055217, 38.791507720947223 ], [ -77.839797973641154, 38.791992187499964 ], [ -77.839477539070828, 38.79274749755853 ], [ -77.839424133309151, 38.793910980224581 ], [ -77.839454650887291, 38.794578552246065 ], [ -77.839866638191921, 38.795558929443345 ], [ -77.840370178231012, 38.796131134033196 ], [ -77.840896606453654, 38.796928405761662 ], [ -77.84107208252793, 38.797546386718736 ], [ -77.841079711922475, 38.798069000244077 ], [ -77.841049194344322, 38.798961639404261 ], [ -77.841636657723257, 38.799922943115227 ], [ -77.84193420410999, 38.800193786621044 ], [ -77.842720031746666, 38.8009033203125 ], [ -77.843132019051382, 38.801227569580007 ], [ -77.843894958504521, 38.802021026611307 ], [ -77.844192504891268, 38.802616119384766 ], [ -77.844161987313115, 38.803581237792983 ], [ -77.843734741219393, 38.80474472045892 ], [ -77.84370422364124, 38.805160522460902 ], [ -77.843734741219393, 38.805683135986342 ], [ -77.844177246102191, 38.805976867675724 ], [ -77.844726562508427, 38.80625152587892 ], [ -77.845260620125671, 38.806499481201151 ], [ -77.845550537117873, 38.806755065917905 ], [ -77.845199584969365, 38.807395935058615 ], [ -77.844268798836552, 38.807922363281222 ], [ -77.843658447274009, 38.80844879150392 ], [ -77.84298706055533, 38.808773040771435 ], [ -77.8417587280357, 38.809207916259773 ], [ -77.840736389168498, 38.809627532958935 ], [ -77.839775085457546, 38.809921264648395 ], [ -77.839012146004393, 38.810157775878906 ], [ -77.837959289559066, 38.810390472412081 ], [ -77.836616516121524, 38.810710906982415 ], [ -77.835891723641083, 38.811080932617173 ], [ -77.835220336922319, 38.811492919921882 ], [ -77.834403991707489, 38.812450408935561 ], [ -77.833877563484776, 38.813003540039048 ], [ -77.833526611336367, 38.813255310058558 ], [ -77.83326721192222, 38.813484191894538 ], [ -77.832595825203455, 38.814311981201136 ], [ -77.831604003914435, 38.815662384033182 ], [ -77.831199646004251, 38.815662384033189 ], [ -77.830055236824535, 38.815643310546832 ], [ -77.828651428230771, 38.815624237060483 ], [ -77.827308654793242, 38.8153076171875 ], [ -77.82651519776195, 38.815170288085909 ], [ -77.825965881355714, 38.815212249755866 ], [ -77.824645996101793, 38.815765380859382 ], [ -77.8238906860432, 38.815975189208977 ], [ -77.823364257820487, 38.816291809081982 ], [ -77.82248687744935, 38.816478729247997 ], [ -77.821548461922006, 38.8165283203125 ], [ -77.820495605476665, 38.816432952880852 ], [ -77.819503784187631, 38.816440582275398 ], [ -77.818862915046935, 38.816673278808537 ], [ -77.817749023445387, 38.816852569580014 ], [ -77.817108154304776, 38.817272186279268 ], [ -77.816703796394577, 38.817768096923828 ], [ -77.816207885750018, 38.818572998046832 ], [ -77.816009521492177, 38.819400787353516 ], [ -77.815979003914123, 38.820114135742145 ], [ -77.816070556648498, 38.821048736572202 ], [ -77.816223144539109, 38.822124481201143 ], [ -77.816284179695401, 38.82258224487299 ], [ -77.816284179695401, 38.823772430419901 ], [ -77.813285827644521, 38.828166961669929 ], [ -77.81305694580854, 38.828876495361264 ], [ -77.812995910652319, 38.82983398437495 ], [ -77.813293457039066, 38.830322265624964 ], [ -77.8135528564531, 38.830638885498033 ], [ -77.815490722664109, 38.831161499023381 ], [ -77.815986633308668, 38.831886291503899 ], [ -77.817070007332049, 38.832527160644503 ], [ -77.817893981941509, 38.832820892333963 ], [ -77.818916320808697, 38.833229064941406 ], [ -77.820381164558768, 38.834007263183601 ], [ -77.821121215828285, 38.834880828857365 ], [ -77.822257995613441, 38.835536956787038 ], [ -77.823348999031381, 38.836772918701193 ], [ -77.823875427254094, 38.8375244140625 ], [ -77.82428741455881, 38.838092803955071 ], [ -77.824935913093967, 38.838867187500007 ], [ -77.82578277588695, 38.839714050292962 ], [ -77.826309204109577, 38.840122222900334 ], [ -77.827163696297092, 38.84062576293941 ], [ -77.827926635750217, 38.84106826782218 ], [ -77.828628540047148, 38.841518402099602 ], [ -77.828804016121353, 38.842254638671832 ], [ -77.828926086433867, 38.843276977538991 ], [ -77.828903198250259, 38.844287872314446 ], [ -77.828903198250259, 38.845108032226527 ], [ -77.829170227058853, 38.845886230468722 ], [ -77.830047607429975, 38.847141265869119 ], [ -77.830955505379251, 38.847759246826108 ], [ -77.831871032722987, 38.848213195800803 ], [ -77.832397460945714, 38.848670959472656 ], [ -77.832664489754279, 38.849060058593736 ], [ -77.832893371590188, 38.84955978393549 ], [ -77.83354187012543, 38.850082397460909 ], [ -77.834190368660572, 38.850608825683537 ], [ -77.834800720223043, 38.851043701171861 ], [ -77.83571624756685, 38.851840972900405 ], [ -77.836181640633257, 38.852325439453061 ], [ -77.837005615242617, 38.853099822997983 ], [ -77.837295532234805, 38.853488922119084 ], [ -77.837829589852049, 38.854404449462891 ], [ -77.83838653565283, 38.855182647705021 ], [ -77.838829040535629, 38.855865478515575 ], [ -77.839561462410614, 38.856712341308508 ], [ -77.840530395516112, 38.85712051391598 ], [ -77.840995788582518, 38.857505798339808 ], [ -77.841819763191964, 38.857982635498004 ], [ -77.84255218506695, 38.858192443847628 ], [ -77.843757629402887, 38.85866546630858 ], [ -77.844688415535785, 38.859191894531186 ], [ -77.845336914070941, 38.859535217285135 ], [ -77.846572875985018, 38.860263824462841 ], [ -77.847099304207632, 38.860630035400334 ], [ -77.848037719735075, 38.861473083496087 ], [ -77.848770141610075, 38.862155914306584 ], [ -77.849678039559265, 38.862888336181626 ], [ -77.850410461434336, 38.863548278808587 ], [ -77.851676940926481, 38.864345550537038 ], [ -77.852523803719563, 38.864940643310497 ], [ -77.853225708016396, 38.86555099487304 ], [ -77.854110717782049, 38.865810394287081 ], [ -77.855422973641438, 38.86562347412108 ], [ -77.856124877938356, 38.865364074707031 ], [ -77.856681823739137, 38.864952087402308 ], [ -77.857208251961765, 38.864349365234311 ], [ -77.855186462410998, 38.868667602539027 ], [ -77.865814208993228, 38.866825103759687 ], [ -77.881774902352973, 38.868587493896456 ], [ -77.887702941903896, 38.870838165283132 ], [ -77.890663146982092, 38.872184753417926 ], [ -77.896575927743953, 38.872623443603516 ], [ -77.900115966806467, 38.871704101562443 ], [ -77.918556213388982, 38.85995483398429 ], [ -77.918739318857718, 38.859966278076108 ], [ -77.919853210459365, 38.860027313232408 ], [ -77.920440673838215, 38.860076904296825 ], [ -77.921844482432064, 38.859710693359332 ], [ -77.922805786143044, 38.859127044677692 ], [ -77.924034118662576, 38.858467102050753 ], [ -77.924613952646965, 38.858070373535092 ], [ -77.925666809092334, 38.857406616210888 ], [ -77.926193237314962, 38.857086181640625 ], [ -77.926979064951695, 38.85662460327142 ], [ -77.927276611338456, 38.856433868408139 ], [ -77.941398620616127, 38.861412048339773 ], [ -77.941726684580956, 38.86275863647456 ], [ -77.94134521485438, 38.863651275634751 ], [ -77.941436767588741, 38.864524841308594 ], [ -77.942230224620062, 38.865028381347585 ], [ -77.944877624522434, 38.867229461669858 ], [ -77.945487976084991, 38.867069244384744 ], [ -77.945869445811567, 38.866817474365149 ], [ -77.946273803721652, 38.86638259887691 ], [ -77.946800231944366, 38.865440368652308 ], [ -77.947944641124081, 38.863719940185504 ], [ -77.948890686045985, 38.862300872802706 ], [ -77.949089050303812, 38.861843109130852 ], [ -77.949737548838968, 38.861789703369077 ], [ -77.950233459483528, 38.861770629882727 ], [ -77.951255798350715, 38.861679077148352 ], [ -77.9519882202258, 38.861560821533182 ], [ -77.952392578135886, 38.861534118652301 ], [ -77.952980041514834, 38.861305236816349 ], [ -77.953186035167192, 38.861236572265568 ], [ -77.953796386729735, 38.860984802246072 ], [ -77.954116821300005, 38.86054611206049 ], [ -77.954345703135999, 38.860271453857372 ], [ -77.954376220714153, 38.860160827636648 ], [ -77.954460144053982, 38.859725952148395 ], [ -77.954376220714153, 38.859313964843686 ], [ -77.954017639171099, 38.859062194824205 ], [ -77.953643798839067, 38.858970642089808 ], [ -77.953140258799962, 38.858604431152315 ], [ -77.952758789073386, 38.858264923095632 ], [ -77.952346801768755, 38.858032226562479 ], [ -77.952056884776553, 38.857715606689418 ], [ -77.9520263671984, 38.857582092285085 ], [ -77.952163696300005, 38.856979370117173 ], [ -77.952484130870289, 38.856777191162095 ], [ -77.952659606944565, 38.85663604736321 ], [ -77.953125000010971, 38.856365203857379 ], [ -77.953742980967988, 38.856159210205014 ], [ -77.95462036133911, 38.85608291625973 ], [ -77.955085754405516, 38.856018066406229 ], [ -77.955467224132079, 38.855827331542947 ], [ -77.956047058116482, 38.855621337890582 ], [ -77.956138610850871, 38.855545043945298 ], [ -77.956718444835261, 38.855045318603473 ], [ -77.95703887940563, 38.854705810546783 ], [ -77.957328796397817, 38.854354858398388 ], [ -77.957183837901667, 38.85392761230468 ], [ -77.956710815440744, 38.853145599365206 ], [ -77.956123352061809, 38.852424621581953 ], [ -77.955558776866482, 38.851688385009709 ], [ -77.95529937745242, 38.851345062255852 ], [ -77.953041076671155, 38.840087890624979 ], [ -77.953369140635957, 38.840122222900305 ], [ -77.954246521007107, 38.840488433837891 ], [ -77.954864501964096, 38.840957641601548 ], [ -77.958297729503244, 38.843448638916016 ], [ -77.95867919922982, 38.84399795532223 ], [ -77.958686828624352, 38.844932556152301 ], [ -77.958656311046283, 38.845619201660121 ], [ -77.958663940440829, 38.846168518066357 ], [ -77.958755493175204, 38.846832275390575 ], [ -77.958961486827477, 38.847244262695284 ], [ -77.959434509288428, 38.847652435302642 ], [ -77.960601806651738, 38.848129272460852 ], [ -77.961456298839281, 38.848449707031179 ], [ -77.962715148936979, 38.848789215087884 ], [ -77.963706970226113, 38.849166870117188 ], [ -77.964477539073783, 38.849895477294886 ], [ -77.965057373058187, 38.850376129150355 ], [ -77.965446472179195, 38.850833892822209 ], [ -77.966270446788656, 38.851696014404261 ], [ -77.966415405284707, 38.852268218994098 ], [ -77.96613311768705, 38.853485107421797 ], [ -77.965988159190999, 38.854351043701108 ], [ -77.9655838012808, 38.855274200439446 ], [ -77.965263366710474, 38.856025695800767 ], [ -77.965332031261298, 38.856872558593714 ], [ -77.965599060069891, 38.857769012451094 ], [ -77.965805053722249, 38.858634948730391 ], [ -77.966369628917562, 38.860000610351513 ], [ -77.966552734386312, 38.860805511474609 ], [ -77.96667480469884, 38.861740112304659 ], [ -77.96667480469884, 38.862678527831996 ], [ -77.966972351085488, 38.863452911376932 ], [ -77.967063903819863, 38.864055633544837 ], [ -77.967010498058187, 38.86494064331049 ], [ -77.966842651378499, 38.865699768066342 ], [ -77.966583251964465, 38.866271972656193 ], [ -77.966583251964465, 38.867076873779268 ], [ -77.966644287120687, 38.867576599121094 ], [ -77.967178344737846, 38.86800765991206 ], [ -77.967468261730033, 38.868259429931562 ], [ -77.96858215333171, 38.868618011474588 ], [ -77.969718933116866, 38.868366241455 ], [ -77.970573425304408, 38.868137359619126 ], [ -77.971565246593428, 38.867767333984361 ], [ -77.972763061534934, 38.867694854736257 ], [ -77.973609924327903, 38.86798858642571 ], [ -77.974464416515431, 38.868560791015561 ], [ -77.975135803234195, 38.868877410888636 ], [ -77.975898742687335, 38.868965148925746 ], [ -77.976745605480318, 38.868644714355376 ], [ -77.983352661144593, 38.874820709228509 ], [ -77.98319244385938, 38.875202178955078 ], [ -77.983108520519508, 38.875961303710923 ], [ -77.982963562023471, 38.876533508300774 ], [ -77.982940673839863, 38.877201080322259 ], [ -77.98258972169144, 38.87788391113272 ], [ -77.982421875011681, 38.878845214843679 ], [ -77.982513427746056, 38.879371643066378 ], [ -77.983192443859366, 38.879871368408182 ], [ -77.984008789074281, 38.880054473876932 ], [ -77.985008239757846, 38.880283355712812 ], [ -77.986648559582136, 38.880386352538999 ], [ -77.987289428722747, 38.880428314208949 ], [ -77.988838195812662, 38.880474090576101 ], [ -77.990333557140801, 38.880401611328068 ], [ -77.996574401867591, 38.885303497314425 ], [ -77.996566772473031, 38.885364532470646 ], [ -77.996223449719153, 38.88676071166983 ], [ -77.996543884289423, 38.887401580810526 ], [ -77.997367858898869, 38.887756347656193 ], [ -77.99833679200438, 38.887821197509695 ], [ -77.998893737805176, 38.887737274169872 ], [ -77.999557495129395, 38.887641906738203 ], [ -77.99988555909421, 38.887596130371072 ], [ -78.007553100598358, 38.8864135742187 ], [ -78.008018493664778, 38.886627197265589 ], [ -78.009300231946099, 38.887115478515604 ], [ -78.009445190442165, 38.887439727783132 ], [ -78.010314941418741, 38.888259887695298 ], [ -78.011192321789892, 38.888664245605383 ], [ -78.011802673352364, 38.888774871826115 ], [ -78.013092041028216, 38.88905715942375 ], [ -78.01413726807904, 38.889316558837876 ], [ -78.015106201184537, 38.889644622802678 ], [ -78.016006469739196, 38.890270233154283 ], [ -78.016990661633798, 38.891052246093665 ], [ -78.018127441418969, 38.891971588134723 ], [ -78.019332885754906, 38.892566680908104 ], [ -78.019439697278358, 38.892620086669865 ], [ -78.020133972180759, 38.893150329589758 ], [ -78.020805358899523, 38.893405914306612 ], [ -78.021858215344878, 38.893756866455007 ], [ -78.02278900147769, 38.894058227539027 ], [ -78.023956298841028, 38.894504547119077 ], [ -78.02524566651681, 38.894920349121051 ], [ -78.026412963880148, 38.895298004150355 ], [ -78.027519226087264, 38.895484924316364 ], [ -78.028137207044267, 38.895484924316371 ], [ -78.029861450208401, 38.895584106445263 ], [ -78.030944824231895, 38.895503997802692 ], [ -78.032356262220205, 38.895305633544872 ], [ -78.033264160169395, 38.895038604736314 ], [ -78.034736633314012, 38.894512176513615 ], [ -78.035881042493742, 38.893672943115185 ], [ -78.036712646497648, 38.892784118652266 ], [ -78.037750244153926, 38.891513824462869 ], [ -78.038276672376639, 38.891033172607408 ], [ -78.039428710950901, 38.890235900878842 ], [ -78.040550231947009, 38.889423370361229 ], [ -78.042015075697094, 38.888835906982386 ], [ -78.043426513685404, 38.888385772704979 ], [ -78.044723510755716, 38.887893676757706 ], [ -78.046043396009665, 38.887668609619084 ], [ -78.047157287611299, 38.887351989746016 ], [ -78.048912048353486, 38.887062072753814 ], [ -78.049621582044978, 38.886905670165966 ], [ -78.052711486830162, 38.886528015136676 ], [ -78.056327819838074, 38.88782119750968 ], [ -78.057472229017804, 38.889289855956989 ], [ -78.05852508546316, 38.889358520507741 ], [ -78.059051513685873, 38.88918304443353 ], [ -78.059455871596072, 38.88894271850576 ], [ -78.063972473158657, 38.890556335449176 ], [ -78.071960449233217, 38.88479995727532 ], [ -78.072235107436342, 38.88467407226554 ], [ -78.075790405287947, 38.883392333984325 ], [ -78.077751159682606, 38.883396148681619 ], [ -78.078857421889637, 38.884231567382763 ], [ -78.079261779799836, 38.884849548339737 ], [ -78.079902648940433, 38.885471343994077 ], [ -78.08097839356941, 38.886390686035071 ], [ -78.081909179702222, 38.886646270751932 ], [ -78.083404541030475, 38.886631011962855 ], [ -78.084457397475816, 38.886821746826136 ], [ -78.086151123061796, 38.886875152587798 ], [ -78.087799072280532, 38.88665008544919 ], [ -78.088821411147819, 38.886436462402287 ], [ -78.090286254897805, 38.886188507079979 ], [ -78.092140197769012, 38.885643005371008 ], [ -78.094253540054254, 38.884922027587862 ], [ -78.09490203858941, 38.884357452392543 ], [ -78.096252441421498, 38.883491516113246 ], [ -78.097282409683245, 38.882678985595604 ], [ -78.098754882827862, 38.881629943847571 ], [ -78.099899292007592, 38.881549835204993 ], [ -78.10115814210522, 38.881504058837763 ], [ -78.102210998550589, 38.881900787353416 ], [ -78.103027343765504, 38.882362365722543 ], [ -78.103752136245973, 38.882499694824148 ], [ -78.104400634781115, 38.882366180419808 ], [ -78.105575561538998, 38.882263183593707 ], [ -78.106513977066356, 38.882263183593722 ], [ -78.107360839859368, 38.88233947753902 ], [ -78.108436584488317, 38.88264465332027 ], [ -78.108901977554737, 38.883056640624908 ], [ -78.109573364273515, 38.883766174316357 ], [ -78.110008239761854, 38.884132385253835 ], [ -78.110588073746257, 38.885009765624943 ], [ -78.111022949234524, 38.885631561279205 ], [ -78.111633300797081, 38.885971069335902 ], [ -78.112098693863487, 38.886341094970646 ], [ -78.112831115738487, 38.886165618896435 ], [ -78.114387512222947, 38.885158538818253 ], [ -78.117454528824624, 38.882774353027251 ], [ -78.118576049820732, 38.881866455078089 ], [ -78.119789123551229, 38.880550384521356 ], [ -78.120552063004396, 38.879859924316349 ], [ -78.121467590348132, 38.878929138183473 ], [ -78.122383117691982, 38.878135681152294 ], [ -78.123062133805306, 38.877407073974496 ], [ -78.128906250016371, 38.879364013671811 ], [ -78.131202697770405, 38.871196746826151 ], [ -78.132362365739198, 38.868469238281143 ], [ -78.141029357927025, 38.859268188476506 ], [ -78.141143798845007, 38.859272003173785 ], [ -78.142196655290363, 38.859165191650341 ], [ -78.14322662355211, 38.859054565429609 ], [ -78.144195556657621, 38.858459472656151 ], [ -78.144462585466229, 38.857913970947216 ], [ -78.146049499528829, 38.854801177978388 ], [ -78.146240234392124, 38.854423522949105 ], [ -78.146865844743672, 38.853469848632685 ], [ -78.147514343278843, 38.852462768554595 ], [ -78.148109436052323, 38.851707458496023 ], [ -78.148849487321868, 38.850658416747976 ], [ -78.150497436540704, 38.849540710449162 ], [ -78.151496887224383, 38.848659515380788 ], [ -78.152526855486116, 38.847747802734254 ], [ -78.154556274431442, 38.846481323242131 ], [ -78.15614318849407, 38.845500946044822 ], [ -78.157028198259766, 38.844860076904226 ], [ -78.157760620134766, 38.843833923339709 ], [ -78.158271789568403, 38.842720031738189 ], [ -78.15888977052542, 38.84180450439446 ], [ -78.159538269060576, 38.840938568115178 ], [ -78.160339355486428, 38.840026855468622 ], [ -78.16122436525211, 38.8390884399413 ], [ -78.16222381593569, 38.838180541992124 ], [ -78.163108825701386, 38.837272644042869 ], [ -78.164436340349894, 38.835609436035092 ], [ -78.164794921892849, 38.835334777831982 ], [ -78.165817260760036, 38.834724426269446 ], [ -78.166641235369511, 38.833969116210845 ], [ -78.16805267335782, 38.833103179931541 ], [ -78.169258117693786, 38.832035064697159 ], [ -78.169532775896911, 38.831214904785092 ], [ -78.169715881365747, 38.830368041992124 ], [ -78.169807434100122, 38.829544067382692 ], [ -78.169670104998517, 38.828601837158097 ], [ -78.169647216814909, 38.827411651611257 ], [ -78.169799804705576, 38.825977325439382 ], [ -78.170013427752409, 38.825378417968658 ], [ -78.170639038104042, 38.824035644531143 ], [ -78.171493530291585, 38.822868347167855 ], [ -78.172416687029866, 38.821132659912053 ], [ -78.173210144061201, 38.820224761962791 ], [ -78.173713684100292, 38.819816589355348 ], [ -78.174446105975292, 38.819427490234247 ], [ -78.175674438494866, 38.819087982177649 ], [ -78.177078247088645, 38.818660736083856 ], [ -78.177818298358289, 38.818225860595611 ], [ -78.178848266620022, 38.81738662719718 ], [ -78.17905426027238, 38.81642532348625 ], [ -78.179061889666926, 38.815357208251854 ], [ -78.178756713885647, 38.813911437988168 ], [ -78.178817749041869, 38.812530517578054 ], [ -78.179039001483304, 38.811328887939325 ], [ -78.179542541522338, 38.810268402099467 ], [ -78.180374145526343, 38.808284759521349 ], [ -78.180694580096613, 38.807880401611179 ], [ -78.181411743182636, 38.806526184081967 ], [ -78.182037353534184, 38.804290771484276 ], [ -78.182304382342849, 38.80362701416005 ], [ -78.182342529315463, 38.802688598632734 ], [ -78.182617187518588, 38.800861358642472 ], [ -78.182891845721727, 38.79955673217767 ], [ -78.18310546876863, 38.798595428466712 ], [ -78.183174133319383, 38.797317504882692 ], [ -78.183563232440491, 38.796108245849517 ], [ -78.183715820331201, 38.794940948486222 ], [ -78.183891296405406, 38.794666290283104 ], [ -78.184074401874156, 38.794002532958878 ], [ -78.184188842792153, 38.793983459472543 ], [ -78.184982299823361, 38.793277740478445 ], [ -78.186073303241429, 38.792064666747905 ], [ -78.186546325702395, 38.791610717773324 ], [ -78.187690734882111, 38.79093170166005 ], [ -78.188163757343062, 38.790466308593643 ], [ -78.188987731952452, 38.789218902587791 ], [ -78.189933776874454, 38.788150787353395 ], [ -78.191017150897878, 38.787399291992067 ], [ -78.192108154315932, 38.78635025024402 ], [ -78.19304656984329, 38.785594940185426 ], [ -78.194023132343361, 38.784317016601491 ], [ -78.194587707538687, 38.783470153808452 ], [ -78.195289611835534, 38.782604217529226 ], [ -78.196205139179369, 38.781238555908104 ], [ -78.197448730488034, 38.779663085937372 ], [ -78.198066711445037, 38.778907775878785 ], [ -78.198509216327921, 38.778347015380739 ], [ -78.200126647968631, 38.777248382568295 ], [ -78.202239990253801, 38.776092529296783 ], [ -78.205459594746202, 38.774551391601456 ], [ -78.207099914570506, 38.773941040038927 ], [ -78.208068847675946, 38.773941040038927 ], [ -78.209236145039284, 38.774223327636577 ], [ -78.209938049336216, 38.774383544921797 ], [ -78.211631774922225, 38.774669647216705 ], [ -78.21318054201214, 38.774581909179602 ], [ -78.214492797871571, 38.774356842040909 ], [ -78.21622467043025, 38.773704528808487 ], [ -78.217658996602182, 38.773117065429567 ], [ -78.219184875508518, 38.772499084472493 ], [ -78.220207214375705, 38.772029876708828 ], [ -78.221153259297637, 38.771156311035078 ], [ -78.221328735371841, 38.770702362060405 ], [ -78.221771240254739, 38.769977569579979 ], [ -78.222480773946117, 38.769111633300682 ], [ -78.223220825215662, 38.76810073852532 ], [ -78.223602294942239, 38.767440795898366 ], [ -78.22439575197356, 38.766986846923686 ], [ -78.225158691426714, 38.766487121581953 ], [ -78.226005554219711, 38.766510009765483 ], [ -78.226676940938489, 38.766952514648359 ], [ -78.227020263692481, 38.767230987548743 ], [ -78.227256774922907, 38.767456054687351 ], [ -78.227600097676884, 38.767753601074084 ], [ -78.228416442891714, 38.768306732177578 ], [ -78.229087829610506, 38.768466949462798 ], [ -78.229705810567523, 38.768589019775234 ], [ -78.230522155782452, 38.768520355224489 ], [ -78.231399536153617, 38.768314361572116 ], [ -78.231689453145805, 38.768207550048665 ], [ -78.232719421407566, 38.767639160156101 ], [ -78.233543396016941, 38.767112731933487 ], [ -78.234420776388092, 38.766044616699084 ], [ -78.23527526857562, 38.765453338622912 ], [ -78.236129760763149, 38.764564514160064 ], [ -78.236862182638163, 38.763721466064382 ], [ -78.237716674825705, 38.763103485107301 ], [ -78.238533020040634, 38.762630462646371 ], [ -78.239120483419583, 38.762378692626868 ], [ -78.239799499532907, 38.762081146240142 ], [ -78.241172790548546, 38.762180328369062 ], [ -78.242134094259526, 38.762226104736207 ], [ -78.243537902853319, 38.762142181396342 ], [ -78.24456024172062, 38.762058258056534 ], [ -78.245819091818362, 38.761417388915923 ], [ -78.246528625509725, 38.760894775390483 ], [ -78.247200012228532, 38.760459899902258 ], [ -78.247879028341856, 38.759777069091697 ], [ -78.248527526877027, 38.75925445556625 ], [ -78.249137878439583, 38.758869171142408 ], [ -78.249900817892751, 38.758487701415852 ], [ -78.251014709494342, 38.758121490478366 ], [ -78.251655578634981, 38.757915496826008 ], [ -78.253326416037424, 38.757488250732308 ], [ -78.254058837912439, 38.757381439208849 ], [ -78.254554748556998, 38.757446289062344 ], [ -78.255279541037481, 38.75802230834946 ], [ -78.255599975607836, 38.758209228515469 ], [ -78.256446838400834, 38.758464813232322 ], [ -78.257034301779768, 38.758575439452962 ], [ -78.25793457033447, 38.758739471435447 ], [ -78.259193420432197, 38.758838653564339 ], [ -78.260215759299498, 38.758686065673665 ], [ -78.262290954612084, 38.758213043212741 ], [ -78.264480590842652, 38.758243560790902 ], [ -78.265625000022396, 38.75857162475576 ], [ -78.266174316428646, 38.759140014648345 ], [ -78.266868591331047, 38.759552001952976 ], [ -78.267539978049825, 38.759860992431506 ], [ -78.268211364768632, 38.759876251220582 ], [ -78.26868438722957, 38.759906768798736 ], [ -78.26929473879207, 38.760044097900256 ], [ -78.270195007346814, 38.760295867919751 ], [ -78.270401000999186, 38.760372161865128 ], [ -78.270927429221828, 38.760555267333892 ], [ -78.271514892600777, 38.760765075683508 ], [ -78.272064209007027, 38.760948181152244 ], [ -78.272850036643803, 38.761016845703004 ], [ -78.273963928245394, 38.761066436767422 ], [ -78.27489471437832, 38.761051177978437 ], [ -78.275833129905706, 38.761211395263565 ], [ -78.277000427269058, 38.76149749755848 ], [ -78.278518676780848, 38.761913299560362 ], [ -78.280097961448845, 38.761802673339744 ], [ -78.281440734886431, 38.76139831542956 ], [ -78.282844543480223, 38.760734558105341 ], [ -78.283905029320138, 38.760147094726427 ], [ -78.285461425804613, 38.758979797363125 ], [ -78.286476135277312, 38.756855010986243 ], [ -78.292480468773689, 38.756046295165881 ], [ -78.29718017580521, 38.754203796386555 ], [ -78.300682067895195, 38.75101089477527 ], [ -78.307106018090906, 38.745075225829936 ], [ -78.312423706079443, 38.745948791503785 ], [ -78.317085266138264, 38.740478515624844 ], [ -78.319084167505565, 38.738136291503771 ], [ -78.319351196314159, 38.738162994384652 ], [ -78.320053100611105, 38.737773895263551 ], [ -78.32006073000565, 38.737739562988139 ], [ -78.326492309595864, 38.737697601318175 ], [ -78.331787109400807, 38.735847473144389 ], [ -78.332870483424358, 38.727684020995902 ], [ -78.331069946314884, 38.725425720214687 ], [ -78.331604003932071, 38.719985961913892 ], [ -78.337417602565239, 38.712692260742067 ], [ -78.337974548366034, 38.709972381591626 ], [ -78.337928771998904, 38.705890655517415 ], [ -78.334953308131531, 38.703193664550611 ], [ -78.331398010279756, 38.701858520507649 ], [ -78.323669433619187, 38.696922302245937 ], [ -78.32305145266217, 38.693752288818189 ], [ -78.32300567629494, 38.690128326415838 ], [ -78.324645996119287, 38.678333282470554 ], [ -78.328147888209301, 38.675136566161918 ], [ -78.331649780299401, 38.672393798827947 ], [ -78.328498840357852, 38.654735565185362 ], [ -78.326705932642852, 38.652030944824077 ], [ -78.326087951685835, 38.649314880370909 ], [ -78.330123901393122, 38.642036437988075 ], [ -78.342903137233705, 38.6256294250487 ], [ -78.34522247317129, 38.622898101806463 ], [ -78.349906921413748, 38.62059783935527 ], [ -78.355751037625055, 38.616477966308366 ], [ -78.360443115262044, 38.615085601806456 ], [ -78.367492675809359, 38.613224029540874 ], [ -78.374450683622271, 38.604110717773239 ], [ -78.376754760770865, 38.600013732909957 ], [ -78.390647888213124, 38.580425262451016 ], [ -78.395790100127513, 38.567695617675575 ], [ -78.394569397002471, 38.564079284667798 ], [ -78.393936157256292, 38.560455322265433 ], [ -78.396820068389303, 38.555450439452883 ], [ -78.399742126495028, 38.554069519042777 ], [ -78.405624389678977, 38.550605773925554 ], [ -78.405647277862585, 38.550605773925561 ], [ -78.406547546417272, 38.550220489501719 ], [ -78.407188415557911, 38.549877166747855 ], [ -78.408126831085397, 38.549518585204915 ], [ -78.409004211456477, 38.549221038818175 ], [ -78.410110473663636, 38.548881530761484 ], [ -78.411102294952698, 38.548286437988111 ], [ -78.412559509308295, 38.547649383544702 ], [ -78.413497924835681, 38.547214508056456 ], [ -78.414199829132642, 38.546810150146278 ], [ -78.414489746124858, 38.546123504638437 ], [ -78.414756774933437, 38.545280456542756 ], [ -78.414848327667826, 38.544662475585774 ], [ -78.414939880402201, 38.543678283691222 ], [ -78.415145874054588, 38.5427627563474 ], [ -78.415145874054588, 38.541824340820092 ], [ -78.415168762238196, 38.541744232177507 ], [ -78.416122436554659, 38.540451049804517 ], [ -78.416671752960937, 38.540023803710703 ], [ -78.416969299347684, 38.539817810058359 ], [ -78.41757965091017, 38.5390586853025 ], [ -78.417922973664162, 38.538551330566243 ], [ -78.430053710969673, 38.531181335449013 ], [ -78.434745788606634, 38.530239105224403 ], [ -78.439338684114759, 38.526634216308423 ], [ -78.439643859896051, 38.526828765868956 ], [ -78.439765930208608, 38.526943206786854 ], [ -78.440025329622642, 38.527133941650142 ], [ -78.440551757845384, 38.527286529540817 ], [ -78.441040039095341, 38.527473449706818 ], [ -78.441421508821918, 38.527706146239979 ], [ -78.441886901888438, 38.527770996093572 ], [ -78.442062377962657, 38.527641296386484 ], [ -78.442237854036875, 38.527294158935362 ], [ -78.442527771029091, 38.526817321777159 ], [ -78.442680358919688, 38.526515960693139 ], [ -78.442825317415824, 38.526241302490021 ], [ -78.443115234408054, 38.525646209716591 ], [ -78.443061828646265, 38.525287628173643 ], [ -78.442802429232216, 38.525096893310334 ], [ -78.442481994661861, 38.524871826171648 ], [ -78.442070007357202, 38.524642944335675 ], [ -78.441955566439205, 38.524574279784915 ], [ -78.442321777376719, 38.524291992187273 ], [ -78.444633483919858, 38.521553039550582 ], [ -78.446929931673949, 38.517002105712706 ], [ -78.446304321322302, 38.514289855956804 ], [ -78.44406890872456, 38.510921478271236 ], [ -78.443962097201108, 38.51068496704081 ], [ -78.443939209017458, 38.510643005370852 ], [ -78.44378662112689, 38.510349273681392 ], [ -78.443672180208893, 38.510135650634574 ], [ -78.44341278079483, 38.509658813476385 ], [ -78.443328857454901, 38.509288787841527 ], [ -78.442977905306478, 38.508533477782947 ], [ -78.442718505892415, 38.508171081542741 ], [ -78.44266510013064, 38.507614135741967 ], [ -78.442459106478367, 38.506683349609176 ], [ -78.44258117679081, 38.505401611327891 ], [ -78.442611694368978, 38.504825592040781 ], [ -78.442588806185341, 38.504394531249801 ], [ -78.442909240755739, 38.50397872924782 ], [ -78.446151733431734, 38.500099182128693 ], [ -78.446388244662174, 38.499118804931413 ], [ -78.446235656771577, 38.498699188232159 ], [ -78.445945739779361, 38.498176574706818 ], [ -78.44565582278716, 38.497489929198977 ], [ -78.444953918490199, 38.496986389159893 ], [ -78.44407653811912, 38.496257781982187 ], [ -78.443695068392529, 38.495388031005604 ], [ -78.443580627474532, 38.494590759277152 ], [ -78.443168640169802, 38.493564605712635 ], [ -78.442558288607316, 38.492557525634552 ], [ -78.442558288607316, 38.491798400878693 ], [ -78.442550659212785, 38.490196228027152 ], [ -78.442871093783054, 38.489807128906051 ], [ -78.443565368685483, 38.489212036132599 ], [ -78.444816589388708, 38.488571166991989 ], [ -78.445518493685668, 38.48813629150365 ], [ -78.445953369173921, 38.487373352050525 ], [ -78.446586608920029, 38.486347198486101 ], [ -78.447021484408381, 38.485408782958764 ], [ -78.450096130404745, 38.481082916259517 ], [ -78.450706481967217, 38.48032379150365 ], [ -78.452011108432131, 38.477527618407926 ], [ -78.452850341830697, 38.476181030273224 ], [ -78.453781127963566, 38.475036621093551 ], [ -78.454711914096421, 38.474098205566136 ], [ -78.455200195346464, 38.47361755371066 ], [ -78.455902099643424, 38.472721099853302 ], [ -78.456336975131691, 38.471630096435277 ], [ -78.457176208530171, 38.47013473510718 ], [ -78.4578704834326, 38.468852996825881 ], [ -78.4578704834326, 38.468231201171633 ], [ -78.457748413120072, 38.467460632323984 ], [ -78.458122253452132, 38.465900421142308 ], [ -78.459136962924916, 38.46440887451147 ], [ -78.460006713901549, 38.463176727294695 ], [ -78.46070861819841, 38.462402343749744 ], [ -78.462882995639973, 38.459533691405987 ], [ -78.462501525913396, 38.458114624023203 ], [ -78.461593627964149, 38.45727539062478 ], [ -78.460838317905512, 38.456974029540767 ], [ -78.460487365757075, 38.456127166747812 ], [ -78.461593627964149, 38.455078124999773 ], [ -78.463562011753311, 38.453559875488061 ], [ -78.464927673374547, 38.452419281005639 ], [ -78.46579742435118, 38.450908660888445 ], [ -78.4666671753278, 38.449665069579865 ], [ -78.467033386265328, 38.44842529296853 ], [ -78.467155456577856, 38.447994232177479 ], [ -78.467582702671606, 38.447143554687244 ], [ -78.467933654820044, 38.446826934814162 ], [ -78.469306945835783, 38.44678497314429 ], [ -78.470962524449234, 38.446933746337621 ], [ -78.47291564944932, 38.446689605712656 ], [ -78.473381042515754, 38.446205139159908 ], [ -78.473815918004107, 38.44565200805642 ], [ -78.474716186558823, 38.444625854491903 ], [ -78.4756698608753, 38.443675994872777 ], [ -78.476394653355854, 38.443042755126697 ], [ -78.477088928258212, 38.442169189452848 ], [ -78.477668762242629, 38.441413879394275 ], [ -78.478164672887232, 38.440334320068061 ], [ -78.478309631383368, 38.439861297607131 ], [ -78.478622436559107, 38.438465118407947 ], [ -78.478736877477104, 38.437938690185327 ], [ -78.478805542027871, 38.437042236327876 ], [ -78.482818603551607, 38.430149078368849 ], [ -78.484527587926763, 38.426055908202848 ], [ -78.496620178259789, 38.408283233642351 ], [ -78.511146545448383, 38.392871856689155 ], [ -78.511787414589108, 38.39296340942353 ], [ -78.513938903847034, 38.394130706786832 ], [ -78.514663696327531, 38.394012451171584 ], [ -78.516029357948767, 38.393024444579844 ], [ -78.516227722206594, 38.392295837402052 ], [ -78.51732635501925, 38.389068603515341 ], [ -78.517265319862943, 38.388195037841491 ], [ -78.517349243202787, 38.387508392333672 ], [ -78.517723083534833, 38.386180877685234 ], [ -78.518142700234122, 38.38501358032201 ], [ -78.527275085488739, 38.374492645263388 ], [ -78.530746460000785, 38.370834350585618 ], [ -78.535026550333157, 38.366104125976285 ], [ -78.535789489786353, 38.366153717040696 ], [ -78.536979675333271, 38.365962982177408 ], [ -78.539215087931169, 38.365390777587571 ], [ -78.541252136271197, 38.365013122558267 ], [ -78.542785644572106, 38.36487579345674 ], [ -78.544235229533086, 38.363662719726229 ], [ -78.544990539591751, 38.362403869628636 ], [ -78.545478820841808, 38.360706329345376 ], [ -78.545822143595785, 38.359157562255582 ], [ -78.546249389689521, 38.356906890868807 ], [ -78.546882629435757, 38.354961395263402 ], [ -78.547195434611496, 38.353519439696974 ], [ -78.547744751017845, 38.352626800536783 ], [ -78.549049377482788, 38.351985931396186 ], [ -78.551078796428286, 38.350994110107081 ], [ -78.552902221721425, 38.349777221679368 ], [ -78.553886413615999, 38.34867858886691 ], [ -78.554527282756638, 38.347827911376598 ], [ -78.5541763306082, 38.346965789794652 ], [ -78.553848266643371, 38.345932006835596 ], [ -78.553672790569067, 38.34504318237277 ], [ -78.553344726604266, 38.343917846679332 ], [ -78.553237915080814, 38.343372344970369 ], [ -78.556694030803769, 38.338432312011413 ], [ -78.566551208538939, 38.330192565917606 ], [ -78.571792602582363, 38.327880859374709 ], [ -78.572105407758201, 38.327796936034865 ], [ -78.572692871137178, 38.327953338622734 ], [ -78.57472229008269, 38.328521728515298 ], [ -78.576148986860133, 38.328659057616811 ], [ -78.577598571821227, 38.32833480834929 ], [ -78.578819274946312, 38.327594757079773 ], [ -78.580436706587079, 38.326534271239922 ], [ -78.580947876020659, 38.326095581054318 ], [ -78.60105896000691, 38.323089599609027 ], [ -78.605079650925177, 38.317611694335554 ], [ -78.620124816942308, 38.303878784179275 ], [ -78.628906250048615, 38.302890777587535 ], [ -78.633026123095803, 38.303760528564112 ], [ -78.646865844776855, 38.292427062987834 ], [ -78.647903442433204, 38.292835235595305 ], [ -78.64955902104667, 38.293285369872613 ], [ -78.649963378956883, 38.293338775634389 ], [ -78.651443481496059, 38.293266296386349 ], [ -78.652603149464937, 38.293193817138231 ], [ -78.652923584035307, 38.292911529540575 ], [ -78.655433654836273, 38.290229797362827 ], [ -78.65664672856694, 38.28884887695272 ], [ -78.657005310109909, 38.288429260253473 ], [ -78.659751892141443, 38.288097381591413 ], [ -78.670188903861302, 38.280296325683217 ], [ -78.673042297416274, 38.275737762450703 ], [ -78.674148559623404, 38.271644592284709 ], [ -78.672912597709228, 38.267578124999588 ], [ -78.668144226126728, 38.262638092040611 ], [ -78.669219970755805, 38.25628280639603 ], [ -78.670906066947353, 38.252185821532748 ], [ -78.674476623588419, 38.249763488769133 ], [ -78.675285339408745, 38.250503540038622 ], [ -78.677040100151132, 38.252574920653842 ], [ -78.678611755424697, 38.253509521483892 ], [ -78.679512023979498, 38.254219055175348 ], [ -78.680030822807637, 38.254508972167535 ], [ -78.681488037163277, 38.254714965819886 ], [ -78.681976318413334, 38.254547119140213 ], [ -78.682762146050152, 38.254367828368672 ], [ -78.684295654351104, 38.2534942626949 ], [ -78.684700012261331, 38.253143310546406 ], [ -78.686172485405976, 38.251911163329616 ], [ -78.686889648492041, 38.251148223876498 ], [ -78.687423706109243, 38.250583648681186 ], [ -78.697845459040053, 38.251018524169503 ], [ -78.704841613825906, 38.248683929442905 ], [ -78.707748413142667, 38.247299194335525 ], [ -78.727508544980836, 38.237129211425277 ], [ -78.730957031309288, 38.233467102050319 ], [ -78.746520996154885, 38.217899322509268 ], [ -78.749412536682598, 38.21605682372995 ], [ -78.754623413148039, 38.212379455565902 ], [ -78.756324768128692, 38.209190368651797 ], [ -78.764762878481378, 38.188705444335397 ], [ -78.768768310610795, 38.183223724364645 ], [ -78.780715942448282, 38.163154602050234 ], [ -78.780075073307529, 38.159988403319744 ], [ -78.779861450260753, 38.147750854491591 ], [ -78.782142639225881, 38.144554138183032 ], [ -78.785598754948992, 38.141345977782663 ], [ -78.795913696356507, 38.128997802733785 ], [ -78.795867919989377, 38.12627792358343 ], [ -78.79258728034057, 38.105915069579481 ], [ -78.786407470769589, 38.086940765380263 ], [ -78.785766601628907, 38.083778381347059 ], [ -78.788055419988581, 38.081035614013082 ], [ -78.790519714422473, 38.078849792479886 ], [ -78.791358947821024, 38.078559875487699 ], [ -78.79265594489155, 38.078025817870547 ], [ -78.793579101629916, 38.07765197753843 ], [ -78.794013977118212, 38.077125549315809 ], [ -78.794097900458056, 38.076538085936889 ], [ -78.793983459540129, 38.075889587401761 ], [ -78.810546875069619, 38.063571929931015 ], [ -78.81344604499192, 38.062179565429098 ], [ -78.817642211984662, 38.059944152831392 ], [ -78.818107605051125, 38.059776306151726 ], [ -78.820449829172475, 38.059520721434936 ], [ -78.821144104074946, 38.059101104735682 ], [ -78.826210022044393, 38.055534362792287 ], [ -78.827308654856992, 38.055000305175128 ], [ -78.827850341868754, 38.054729461669275 ], [ -78.828887939525231, 38.05421829223566 ], [ -78.829902648997987, 38.053779602050149 ], [ -78.831314086986438, 38.052951812743444 ], [ -78.833435058666439, 38.051532745360646 ], [ -78.836029052807447, 38.050151824950532 ], [ -78.855667114333627, 38.037696838378167 ], [ -78.863761901932406, 38.032619476317677 ], [ -78.865463256913117, 38.029880523680887 ], [ -78.868682861405759, 38.028224945067663 ], [ -78.869163513261284, 38.028205871581342 ], [ -78.870811462480319, 38.028133392333288 ], [ -78.871818542558529, 38.028190612792244 ], [ -78.872947692949396, 38.028144836425099 ], [ -78.873840332109623, 38.028053283690745 ], [ -78.87438964851593, 38.027835845946555 ], [ -78.875053405840333, 38.027381896971981 ], [ -78.8751602173637, 38.026947021483629 ], [ -78.875419616777876, 38.026695251464147 ], [ -78.875968933184168, 38.02623748779228 ], [ -78.876411438067024, 38.025680541991427 ], [ -78.876426696856115, 38.025661468505177 ], [ -78.876739502031953, 38.025245666503189 ], [ -78.877601623614126, 38.024028778075468 ], [ -78.877853393633671, 38.023571014403615 ], [ -78.877883911211825, 38.0228576660149 ], [ -78.878067016680589, 38.020687103270767 ], [ -78.878402710039978, 38.019813537596931 ], [ -78.878463745196299, 38.019767761229708 ], [ -78.879013061602606, 38.019496917723849 ], [ -78.879447937090916, 38.019416809081285 ], [ -78.879760742266782, 38.019371032714147 ], [ -78.880538940509098, 38.019329071044197 ], [ -78.88117980964978, 38.019477844237507 ], [ -78.881553649981853, 38.019573211669147 ], [ -78.882247924884325, 38.019615173339105 ], [ -78.882713317950788, 38.019561767577422 ], [ -78.883026123126641, 38.019470214843061 ], [ -78.883232116779027, 38.019309997557826 ], [ -78.883110046466484, 38.018829345702358 ], [ -78.882987976153956, 38.018257141112535 ], [ -78.882751464923501, 38.017597198485575 ], [ -78.882606506427337, 38.017234802245369 ], [ -78.882194519122663, 38.016391754149652 ], [ -78.882072448810106, 38.015819549559829 ], [ -78.882095336993729, 38.01483535766527 ], [ -78.882125854571825, 38.014331817626172 ], [ -78.882087707599212, 38.013324737548089 ], [ -78.882049560626513, 38.012458801268799 ], [ -78.881927490313984, 38.011501312255128 ], [ -78.881744384845206, 38.010379791259041 ], [ -78.881713867267152, 38.009803771971931 ], [ -78.881614685138231, 38.008708953856647 ], [ -78.88684844978745, 38.002330780028537 ], [ -78.886901855549141, 38.002208709716086 ], [ -78.887184143146825, 38.00095748901294 ], [ -78.88733673103755, 37.999900817870362 ], [ -78.887077331623388, 37.998851776122322 ], [ -78.888099670490789, 37.996711730956257 ], [ -78.889350891194113, 37.995552062987507 ], [ -78.890998840413062, 37.994373321532471 ], [ -78.892677307210235, 37.994182586669197 ], [ -78.894454956136244, 37.993804931639893 ], [ -78.896156311116954, 37.993572235106654 ], [ -78.896446228109184, 37.99350738525316 ], [ -78.897903442464894, 37.993186950682819 ], [ -78.899353027426073, 37.992618560790234 ], [ -78.900756836020022, 37.991607666014872 ], [ -78.902099609457736, 37.990688323973799 ], [ -78.902450561606187, 37.990303039549971 ], [ -78.903198242270349, 37.989463806151555 ], [ -78.904144287192366, 37.98810958862223 ], [ -78.904907226645634, 37.986614227294147 ], [ -78.905410766684795, 37.985130310057841 ], [ -78.90574646004427, 37.983722686766754 ], [ -78.905456543052054, 37.982513427733579 ], [ -78.904571533286273, 37.981655120848828 ], [ -78.9034271241064, 37.98083496093674 ], [ -78.902351379477324, 37.97977066039963 ], [ -78.90042877205515, 37.978393554686711 ], [ -78.897880554281343, 37.978012084960142 ], [ -78.896598815999951, 37.977890014647713 ], [ -78.895797729574028, 37.978168487548096 ], [ -78.894805908284781, 37.977996826171072 ], [ -78.894264221273019, 37.977653503417208 ], [ -78.893928527913644, 37.97671890258713 ], [ -78.894119262776968, 37.975360870360568 ], [ -78.894622802816045, 37.974452972411385 ], [ -78.89467620857782, 37.973217010497322 ], [ -78.89530181892944, 37.971332550048018 ], [ -78.896446228109312, 37.969879150389907 ], [ -78.897926330648659, 37.968200683592968 ], [ -78.898796081625363, 37.966476440428885 ], [ -78.899360656820747, 37.965522766112485 ], [ -78.899429321371528, 37.964626312255113 ], [ -78.899101257406599, 37.96385574340745 ], [ -78.898696899496443, 37.962833404540199 ], [ -78.898590087972991, 37.961807250975767 ], [ -78.899238586508218, 37.960914611815667 ], [ -78.900405883871713, 37.959983825682777 ], [ -78.901412963949937, 37.959239959716015 ], [ -78.901657104575051, 37.957832336425021 ], [ -78.901893615805506, 37.95669937133713 ], [ -78.901634216391429, 37.955680847167145 ], [ -78.901237487875747, 37.954612731932848 ], [ -78.901351928793744, 37.953582763671051 ], [ -78.902091980063389, 37.952667236327329 ], [ -78.902648925864241, 37.951683044432777 ], [ -78.902549743735321, 37.950839996337088 ], [ -78.90176391609846, 37.950218200682841 ], [ -78.901077270590619, 37.949825286864474 ], [ -78.90074920662569, 37.949035644530468 ], [ -78.90065002449677, 37.948284149169133 ], [ -78.901313781821088, 37.94773864746017 ], [ -78.902221679770491, 37.947319030760923 ], [ -78.90347290047383, 37.94683837890544 ], [ -78.905601501548304, 37.946380615233593 ], [ -78.907241821372793, 37.94623565673745 ], [ -78.910011291588063, 37.94591903686446 ], [ -78.912651062096245, 37.945899963378096 ], [ -78.912956237877552, 37.945899963378096 ], [ -78.915672302331132, 37.945899963378096 ], [ -78.918869018640166, 37.946090698241377 ], [ -78.92052459725376, 37.945575714110475 ], [ -78.920951843347524, 37.944236755370227 ], [ -78.921936035242254, 37.942573547362464 ], [ -78.92321777352366, 37.941505432128075 ], [ -78.92554473885609, 37.941173553466008 ], [ -78.928657531825294, 37.940681457518721 ], [ -78.930694580165479, 37.940803527831157 ], [ -78.93172454842734, 37.94118499755772 ], [ -78.93333435067369, 37.941490173338984 ], [ -78.93508911141619, 37.941757202147556 ], [ -78.936927795498534, 37.94185638427647 ], [ -78.938537597744883, 37.941665649413167 ], [ -78.940338134854514, 37.94104003906164 ], [ -78.941955566495409, 37.939929962157386 ], [ -78.942481994718108, 37.93970108032142 ], [ -78.942810058683051, 37.939559936522528 ], [ -78.943290710538591, 37.939380645751065 ], [ -78.944244384855153, 37.938774108885866 ], [ -78.945411682218662, 37.937736511229645 ], [ -78.946464538664145, 37.936733245848743 ], [ -78.947540283293151, 37.93573760986245 ], [ -78.949409484953691, 37.934276580809694 ], [ -78.95056915292264, 37.93311309814365 ], [ -78.951950073332995, 37.93178558349522 ], [ -78.953041076751177, 37.9304695129386 ], [ -78.954002380462299, 37.928878784178764 ], [ -78.955184936614785, 37.927188873290113 ], [ -78.956695556732214, 37.925003051756924 ], [ -78.956878662201092, 37.923511505126108 ], [ -78.957023620697171, 37.92238235473549 ], [ -78.956451416107242, 37.921409606932727 ], [ -78.956192016693166, 37.920230865477613 ], [ -78.95565795907585, 37.918987274169027 ], [ -78.955116272064075, 37.917953491210049 ], [ -78.955574035736007, 37.917316436766718 ], [ -78.956947326751902, 37.916950225829233 ], [ -78.958663940521703, 37.91656875610267 ], [ -78.960411071869586, 37.916034698485419 ], [ -78.962188720795737, 37.915199279784254 ], [ -78.964248657319473, 37.914600372313544 ], [ -78.966377258394076, 37.913776397704183 ], [ -78.96867370614838, 37.912826538085056 ], [ -78.970405578707272, 37.912086486815525 ], [ -78.972625732516178, 37.911190032958068 ], [ -78.974632263278252, 37.910232543944396 ], [ -78.976150512790241, 37.909332275389644 ], [ -78.977722168063977, 37.908386230467791 ], [ -78.979827880954986, 37.90707397460843 ], [ -78.981361389256037, 37.905902862547848 ], [ -78.982894897557102, 37.904678344725596 ], [ -78.984245300389389, 37.903308868407301 ], [ -78.98542022714733, 37.902008056639666 ], [ -78.986419677831151, 37.900623321532258 ], [ -78.987182617284404, 37.899105072020561 ], [ -78.987907409764986, 37.897430419920894 ], [ -78.988059997655697, 37.896560668944339 ], [ -78.988723754980029, 37.895320892332983 ], [ -78.989463806249674, 37.894496917723643 ], [ -78.990402221777174, 37.893634796141626 ], [ -78.991462707617217, 37.892822265624076 ], [ -78.992439270117401, 37.892105102538089 ], [ -78.993484497168382, 37.890987396239296 ], [ -78.994750976660711, 37.889804840086903 ], [ -78.996864318946265, 37.888080596922833 ], [ -78.997650146583155, 37.88760375976463 ], [ -79.007110595803638, 37.879138946532208 ], [ -79.009178161721948, 37.878448486327109 ], [ -79.011093139749647, 37.878219604491214 ], [ -79.012939453226565, 37.878707885741214 ], [ -79.014213562113454, 37.880050659178636 ], [ -79.015106201273795, 37.881607055663046 ], [ -79.015701294047346, 37.883377075194339 ], [ -79.015754699809023, 37.883850097655269 ], [ -79.01592254648871, 37.885379791258785 ], [ -79.016273498637261, 37.887905120848593 ], [ -79.016723632914648, 37.889701843260688 ], [ -79.017349243266267, 37.891498565672777 ], [ -79.018920898540031, 37.89257431030169 ], [ -79.020690918071566, 37.892505645750944 ], [ -79.022865295513427, 37.892436981200177 ], [ -79.02491760264266, 37.892467498778252 ], [ -79.027206421002461, 37.892524719237286 ], [ -79.030097961530359, 37.892440795897429 ], [ -79.032791137800402, 37.892612457274375 ], [ -79.036323547468953, 37.892570495604396 ], [ -79.039054870711709, 37.892280578612201 ], [ -79.041610717880133, 37.891757965086846 ], [ -79.043190002548343, 37.892333984373956 ], [ -79.044441223251724, 37.893634796141505 ], [ -79.045654296982462, 37.894954681395411 ], [ -79.046844482529508, 37.896236419676676 ], [ -79.048301696885275, 37.897075653075106 ], [ -79.049705505479253, 37.897830963133693 ], [ -79.050354004014523, 37.898635864256768 ], [ -79.050712585557605, 37.899398803709893 ], [ -79.050376892198116, 37.900409698485234 ], [ -79.049339294541682, 37.902759552000852 ], [ -79.049255371201824, 37.904251098631768 ], [ -79.049163818467406, 37.905811309813352 ], [ -79.049682617295559, 37.907279968260646 ], [ -79.050376892198059, 37.908489227293806 ], [ -79.051773071397506, 37.909694671629815 ], [ -79.053581237901838, 37.910614013670795 ], [ -79.055747985949083, 37.91208648681534 ], [ -79.058128357043273, 37.913356781004737 ], [ -79.05989074718029, 37.914962768553572 ], [ -79.060791015735163, 37.916210174559417 ], [ -79.061256408801654, 37.917140960692301 ], [ -79.061210632434495, 37.917510986327052 ], [ -79.060386657824893, 37.918708801268423 ], [ -79.059234619250432, 37.919769287108281 ], [ -79.057739257922037, 37.920928955077045 ], [ -79.05553436290208, 37.922248840330944 ], [ -79.053596496690744, 37.923511505125902 ], [ -79.051506042588784, 37.925323486327059 ], [ -79.048980712998485, 37.926734924315348 ], [ -79.046516418564423, 37.928405761717656 ], [ -79.045143127548513, 37.930038452147343 ], [ -79.044563293563996, 37.93154525756735 ], [ -79.04489135752894, 37.932441711424708 ], [ -79.046012878525218, 37.932945251463799 ], [ -79.047653198349764, 37.93353652954 ], [ -79.049369812119608, 37.934448242186427 ], [ -79.050964355576909, 37.935798645018473 ], [ -79.051506042588684, 37.937717437743089 ], [ -79.052734375108415, 37.939746856688437 ], [ -79.054214477647818, 37.941261291502876 ], [ -79.056854248156085, 37.94253158569223 ], [ -79.06001281749262, 37.943737030028224 ], [ -79.063026428333004, 37.945201873778167 ], [ -79.06620788585316, 37.946567535399296 ], [ -79.068756103627067, 37.948093414305546 ], [ -79.070808410756399, 37.949722290037968 ], [ -79.073760986440561, 37.95148468017463 ], [ -79.076469421499695, 37.953609466551598 ], [ -79.078796386832124, 37.954437255858203 ], [ -79.08020019542613, 37.953899383543792 ], [ -79.081375122184213, 37.953067779539907 ], [ -79.082374572868034, 37.95236587524299 ], [ -79.083831787223744, 37.952201843260589 ], [ -79.085372924919383, 37.951713562010575 ], [ -79.086578369255619, 37.952209472655113 ], [ -79.087509155388588, 37.952152252196086 ], [ -79.08847808849427, 37.952022552489119 ], [ -79.089920044060875, 37.952377319334794 ], [ -79.094009399530535, 37.952323913573096 ], [ -79.094032287714057, 37.952323913573096 ], [ -79.09465789806579, 37.952724456785916 ], [ -79.09600830089812, 37.953151702879723 ], [ -79.097137451288944, 37.953098297118004 ], [ -79.097679138300762, 37.952682495116029 ], [ -79.098106384394626, 37.952724456785916 ], [ -79.108558654904556, 37.95031738281132 ], [ -79.113739013792397, 37.947078704832812 ], [ -79.128837585572867, 37.943702697752656 ], [ -79.135826110965027, 37.942707061766271 ], [ -79.140487671024587, 37.942642211912769 ], [ -79.155105590949674, 37.943805694578771 ], [ -79.169265747202772, 37.946598052977201 ], [ -79.1691436768903, 37.947013854979105 ], [ -79.169288635386366, 37.948482513426399 ], [ -79.170349121226451, 37.949066162108053 ], [ -79.171531677379107, 37.949611663816995 ], [ -79.173316955699789, 37.94997024535995 ], [ -79.175407409801807, 37.949977874754481 ], [ -79.176971435681111, 37.949741363524069 ], [ -79.178894043103455, 37.949275970457656 ], [ -79.180686950818682, 37.948848724363842 ], [ -79.180694580213213, 37.948852539061114 ], [ -79.183616638319336, 37.949428558348231 ], [ -79.185890197890132, 37.950256347654822 ], [ -79.188842773574407, 37.951705932615795 ], [ -79.191589355606254, 37.953464508055269 ], [ -79.193740844864607, 37.9549560546861 ], [ -79.195274353165729, 37.956325531004474 ], [ -79.19802093519759, 37.958305358885312 ], [ -79.19979095472921, 37.958278656004438 ], [ -79.201705932757022, 37.95798492431495 ], [ -79.203849792620858, 37.958007812498565 ], [ -79.205902099750205, 37.958274841307144 ], [ -79.208152771137506, 37.95853805541843 ], [ -79.211585998677378, 37.959602355955553 ], [ -79.213104248189438, 37.960586547850099 ], [ -79.21464538588512, 37.961658477781761 ], [ -79.216972351217663, 37.962806701658707 ], [ -79.21953582778076, 37.963733673094225 ], [ -79.22243499770336, 37.964935302732862 ], [ -79.225006103660988, 37.967075347898906 ], [ -79.226295471337039, 37.968002319334431 ], [ -79.226959228661499, 37.969528198240688 ], [ -79.227600097802224, 37.97104263305512 ], [ -79.228507995751599, 37.973442077635212 ], [ -79.229660034326102, 37.975337982176207 ], [ -79.2307968141115, 37.978195190428167 ], [ -79.232109069971258, 37.979492187498515 ], [ -79.233863830713815, 37.980014801023863 ], [ -79.236434936671458, 37.980644226072734 ], [ -79.238479614406387, 37.981262207029715 ], [ -79.239624023586359, 37.982238769529737 ], [ -79.24044036880133, 37.983577728269971 ], [ -79.240501403957666, 37.9849815368637 ], [ -79.240043640285577, 37.986213684080489 ], [ -79.23929595962133, 37.987556457517996 ], [ -79.238334655910123, 37.989128112791484 ], [ -79.237258911281003, 37.990791320799239 ], [ -79.235984802393929, 37.992431640623479 ], [ -79.234825134424867, 37.994094848631349 ], [ -79.233665466455804, 37.995803833006349 ], [ -79.23238372817427, 37.997367858885184 ], [ -79.225128173973189, 38.00670242309419 ], [ -79.225006103660618, 38.007137298582535 ], [ -79.224777221824581, 38.007598876951668 ], [ -79.22471618666836, 38.008029937742705 ], [ -79.224739074851968, 38.008373260496597 ], [ -79.225173950340306, 38.008808135984829 ], [ -79.225288391258331, 38.009361267088423 ], [ -79.225387573387252, 38.009971618650873 ], [ -79.225547790672422, 38.010116577147009 ], [ -79.226310730125732, 38.011093139646931 ], [ -79.226562500145349, 38.011550903318891 ], [ -79.22663116469613, 38.01216888427588 ], [ -79.226425171043715, 38.012691497801306 ], [ -79.225891113426442, 38.013374328611768 ], [ -79.225334167625533, 38.013668060301228 ], [ -79.224540710594056, 38.014110565184104 ], [ -79.223846435691513, 38.014286041258316 ], [ -79.223114013816343, 38.014808654783664 ], [ -79.222145080710618, 38.015647888182166 ], [ -79.221725464011271, 38.016166687010248 ], [ -79.21929168715522, 38.019504547117677 ], [ -79.21734619154924, 38.021743774412649 ], [ -79.216888427877265, 38.022815704344225 ], [ -79.21688079848272, 38.023273468016171 ], [ -79.217216491842208, 38.023849487303295 ], [ -79.218101501607975, 38.024383544920418 ], [ -79.219024658346555, 38.024738311766107 ], [ -79.220397949362436, 38.025489807127421 ], [ -79.221397400046314, 38.026077270506349 ], [ -79.222763061667749, 38.02711868285985 ], [ -79.223388672019425, 38.027858734129445 ], [ -79.224487304832124, 38.029403686521952 ], [ -79.224937439109638, 38.030101776121604 ], [ -79.225585937644922, 38.03108596801615 ], [ -79.226089477684127, 38.031894683836406 ], [ -79.226249694969283, 38.032447814939914 ], [ -79.22632598891461, 38.032993316648948 ], [ -79.22645568862167, 38.03382873535012 ], [ -79.226638794090476, 38.03499221801615 ], [ -79.227058410789724, 38.035781860350156 ], [ -79.227539062645292, 38.036403656004389 ], [ -79.228019714500888, 38.036933898924282 ], [ -79.228477478172934, 38.037349700926271 ], [ -79.229240417626229, 38.038341522215354 ], [ -79.229629516747437, 38.038848876951633 ], [ -79.230056762841244, 38.039615631102023 ], [ -79.2302169801264, 38.040096282957499 ], [ -79.230346679833488, 38.040847778318806 ], [ -79.230392456200718, 38.041358947752457 ], [ -79.230438232567863, 38.042018890379374 ], [ -79.23034667983346, 38.042541503904829 ], [ -79.229835510399724, 38.043594360350134 ], [ -79.229362487938658, 38.044162750242727 ], [ -79.228744506981513, 38.044635772703643 ], [ -79.228332519676698, 38.044975280760248 ], [ -79.227684021141386, 38.045421600340298 ], [ -79.227066040184155, 38.045940399168472 ], [ -79.226936340477152, 38.046997070311065 ], [ -79.227241516258488, 38.047592163084509 ], [ -79.227722168114084, 38.048236846922379 ], [ -79.228057861473488, 38.048679351805163 ], [ -79.228630066063459, 38.049140930174289 ], [ -79.229057312157352, 38.049400329588416 ], [ -79.230209350731755, 38.049869537352073 ], [ -79.231277465966414, 38.050048828123543 ], [ -79.232597351220619, 38.050334930418465 ], [ -79.233612060693602, 38.050369262693891 ], [ -79.234535217432054, 38.050445556639168 ], [ -79.236152649073077, 38.050601959227031 ], [ -79.237663269190634, 38.050571441648877 ], [ -79.238761902003446, 38.050334930418451 ], [ -79.240364074855407, 38.049873352049325 ], [ -79.241439819484611, 38.049591064451675 ], [ -79.242752075344285, 38.049190521238742 ], [ -79.243774414211714, 38.04874038696142 ], [ -79.244384765774385, 38.048458099363764 ], [ -79.245437622219967, 38.047943115232876 ], [ -79.246574402005422, 38.047405242918451 ], [ -79.247741699369001, 38.046894073484815 ], [ -79.248588562162197, 38.046531677244587 ], [ -79.2492904664592, 38.046081542967272 ], [ -79.249847412260195, 38.045772552488742 ], [ -79.250488281400948, 38.045364379881292 ], [ -79.251251220854272, 38.044822692869602 ], [ -79.251724243315337, 38.044139862059033 ], [ -79.251892089995053, 38.04333877563321 ], [ -79.251876831205962, 38.042476654051171 ], [ -79.251853943022354, 38.041927337644957 ], [ -79.251838684233377, 38.04153060912931 ], [ -79.251907348784144, 38.040752410887109 ], [ -79.252098083647482, 38.040000915525795 ], [ -79.252426147612383, 38.039142608641029 ], [ -79.252876281889897, 38.038566589353906 ], [ -79.253997802886275, 38.037960052488735 ], [ -79.255401611480352, 38.038059234617641 ], [ -79.27709960953284, 38.036960601805028 ], [ -79.277633667150141, 38.037288665769907 ], [ -79.278785705724658, 38.037670135496491 ], [ -79.279472351232684, 38.037948608396853 ], [ -79.280860901037684, 38.03819656371909 ], [ -79.282188415686463, 38.03823852538904 ], [ -79.283172607581292, 38.038177490232741 ], [ -79.284767151038722, 38.038196563719076 ], [ -79.285461425941264, 38.038246154783565 ], [ -79.28635406510169, 38.038375854490532 ], [ -79.286933899086236, 38.038471221922173 ], [ -79.287765503090327, 38.038757324217094 ], [ -79.288597107094418, 38.039203643797222 ], [ -79.289421081704063, 38.040126800535475 ], [ -79.290351867837103, 38.041236877439729 ], [ -79.290832519692671, 38.042022705076491 ], [ -79.291282653970114, 38.04254531860191 ], [ -79.292144775552373, 38.042858123777634 ], [ -79.293045044107359, 38.042778015135056 ], [ -79.294059753580228, 38.042694091795219 ], [ -79.294815063639035, 38.04267501830887 ], [ -79.295562744303282, 38.042758941648714 ], [ -79.296081543131578, 38.042766571043231 ], [ -79.297782898112487, 38.043098449705383 ], [ -79.299438476726237, 38.044490814207307 ], [ -79.300148010417772, 38.04518508910968 ], [ -79.300735473796834, 38.046199798582293 ], [ -79.301628112957275, 38.046833038328444 ], [ -79.301994323894846, 38.047359466551043 ], [ -79.30229187028165, 38.048439025877258 ], [ -79.302886963055187, 38.049228668211256 ], [ -79.303504944012403, 38.050258636472961 ], [ -79.304237365887559, 38.051231384275717 ], [ -79.30465698258692, 38.051971435545219 ], [ -79.305252075360528, 38.052707672117464 ], [ -79.305412292645698, 38.052932739256164 ], [ -79.304893493817374, 38.054111480711178 ], [ -79.305023193524434, 38.059509277342109 ], [ -79.304512024090641, 38.060138702390901 ], [ -79.30377197282094, 38.061019897459282 ], [ -79.303123474285613, 38.061862945554971 ], [ -79.302413940593965, 38.062728881834282 ], [ -79.301879882976664, 38.063312530515937 ], [ -79.301322937175726, 38.063858032224907 ], [ -79.300758361980272, 38.064682006834232 ], [ -79.300773620769334, 38.065452575681896 ], [ -79.300399780437104, 38.066738128660461 ], [ -79.299354553386024, 38.068695068357684 ], [ -79.296463012857956, 38.071701049803053 ], [ -79.295425415201407, 38.073089599607712 ], [ -79.294738769693396, 38.07422256469561 ], [ -79.294166565103382, 38.075340270994481 ], [ -79.292961120767046, 38.076492309568707 ], [ -79.291847229165214, 38.077308654783522 ], [ -79.291053772133694, 38.078029632566775 ], [ -79.290115356606123, 38.078704833982719 ], [ -79.289199829262174, 38.079452514646846 ], [ -79.286109924476122, 38.082393646238643 ], [ -79.285865783851094, 38.083011627195646 ], [ -79.285598755042443, 38.083507537840184 ], [ -79.285270691077457, 38.084217071531647 ], [ -79.285232544104758, 38.084674835203487 ], [ -79.285095215003196, 38.08560943603355 ], [ -79.28435516373348, 38.086753845213259 ], [ -79.283515930334744, 38.088088989256214 ], [ -79.282836914221349, 38.089111328123373 ], [ -79.281623840490496, 38.090221405027734 ], [ -79.280303955236235, 38.091484069822606 ], [ -79.279304504552414, 38.092205047605852 ], [ -79.278152465977882, 38.093502044676143 ], [ -79.277671814122257, 38.094570159910525 ], [ -79.27635955826257, 38.095016479490589 ], [ -79.275344848789601, 38.094963073728906 ], [ -79.274559021152641, 38.095020294187869 ], [ -79.273719787754004, 38.095073699949637 ], [ -79.273139953769473, 38.095275878904708 ], [ -79.272666931308407, 38.0956192016586 ], [ -79.272369384921618, 38.096000671385156 ], [ -79.271781921542626, 38.09654235839686 ], [ -79.27098846451112, 38.097202301023792 ], [ -79.270149231112498, 38.097286224363714 ], [ -79.269104004061447, 38.097343444822663 ], [ -79.268615722811319, 38.097305297849985 ], [ -79.268287658846347, 38.097740173338316 ], [ -79.263572693024827, 38.102085113523842 ], [ -79.263160705719997, 38.102603912352002 ], [ -79.26257324234092, 38.103145599363685 ], [ -79.262222290192412, 38.10463714599463 ], [ -79.262016296539954, 38.108020782469183 ], [ -79.262031555329031, 38.108779907225042 ], [ -79.262351989899358, 38.110240936277819 ], [ -79.262451172028292, 38.111022949217272 ], [ -79.262695312653392, 38.112285614012123 ], [ -79.262924194489301, 38.113960266111789 ], [ -79.26301574722369, 38.115108489988749 ], [ -79.263107299958079, 38.11653137206882 ], [ -79.262992859040125, 38.118038177488714 ], [ -79.262939453278321, 38.119228363035624 ], [ -79.262916565094713, 38.120624542234829 ], [ -79.263069152985423, 38.121719360349999 ], [ -79.263618469391773, 38.123264312742599 ], [ -79.263809204255082, 38.123996734617663 ], [ -79.264785766755338, 38.126026153562918 ], [ -79.26511383072021, 38.127128601072734 ], [ -79.265647888337583, 38.128208160398835 ], [ -79.26612091079862, 38.12938308715669 ], [ -79.266395569001787, 38.129955291746533 ], [ -79.266349792634557, 38.131011962889112 ], [ -79.266227722322057, 38.132061004637166 ], [ -79.265769958650054, 38.135967254637158 ], [ -79.265419006501446, 38.137519836424303 ], [ -79.265274048005338, 38.139190673826612 ], [ -79.265144348298207, 38.143154144285631 ], [ -79.265007019196659, 38.144317626951583 ], [ -79.264633178864429, 38.145576477049261 ], [ -79.264785766755139, 38.146991729734793 ], [ -79.265426635895892, 38.148418426512123 ], [ -79.266189575349188, 38.149364471434083 ], [ -79.266304016267199, 38.149513244627407 ], [ -79.267295837556546, 38.150817871092222 ], [ -79.268234253084103, 38.151611328123501 ], [ -79.268974304353804, 38.152309417723131 ], [ -79.270034790193932, 38.153053283689907 ], [ -79.27107238785041, 38.153564453123437 ], [ -79.271957397616305, 38.153964996336342 ], [ -79.272209167635864, 38.154060363767996 ], [ -79.282363891759545, 38.161880493162506 ], [ -79.30027008072895, 38.176124572752315 ], [ -79.304450988933141, 38.179237365721036 ], [ -79.306213379070272, 38.181529998777663 ], [ -79.306076049968723, 38.181697845457329 ], [ -79.305511474773255, 38.182052612303103 ], [ -79.304458618327658, 38.182659149168288 ], [ -79.303558349772672, 38.183059692381207 ], [ -79.302360534830996, 38.183601379392975 ], [ -79.301475525065086, 38.184226989744516 ], [ -79.300392151041407, 38.18502426147306 ], [ -79.299247741861407, 38.185653686521867 ], [ -79.29787445084537, 38.186187744139012 ], [ -79.296821594399788, 38.186649322508231 ], [ -79.295272827309503, 38.187625885008174 ], [ -79.294158935707671, 38.188163757322684 ], [ -79.293075561683892, 38.188652038572705 ], [ -79.292137146156307, 38.189235687254261 ], [ -79.291450500648281, 38.190216064451569 ], [ -79.291496277015511, 38.191062927244516 ], [ -79.291801452796861, 38.192005157469104 ], [ -79.29209899918358, 38.193218231199637 ], [ -79.292625427406406, 38.194442749021896 ], [ -79.292694091957145, 38.195720672605823 ], [ -79.292984008949418, 38.197257995603884 ], [ -79.293731689613637, 38.198986053465234 ], [ -79.294219970863765, 38.19962692260583 ], [ -79.294891357582699, 38.200710296629296 ], [ -79.295974731606435, 38.201892852781668 ], [ -79.296371460122174, 38.202331542967187 ], [ -79.297035217446563, 38.203365325926157 ], [ -79.297248840493424, 38.203693389891022 ], [ -79.297698974770924, 38.204334259031619 ], [ -79.29792022721233, 38.204837799070717 ], [ -79.297935486001407, 38.205829620359715 ], [ -79.297889709634248, 38.205982208250411 ], [ -79.29750061051304, 38.207313537596107 ], [ -79.29722595230983, 38.208179473875411 ], [ -79.296913147133949, 38.20945358276208 ], [ -79.296989441079248, 38.21023559570154 ], [ -79.297111511391776, 38.211261749265972 ], [ -79.297004699868296, 38.21234130859218 ], [ -79.296096801918893, 38.213157653807066 ], [ -79.29533386246554, 38.213356018064893 ], [ -79.294662475746591, 38.21385192870936 ], [ -79.293838501136932, 38.214393615721136 ], [ -79.29309844986723, 38.215320587156675 ], [ -79.292732238929645, 38.216251373289445 ], [ -79.292617798011619, 38.217582702635163 ], [ -79.29219818131223, 38.21863174438321 ], [ -79.291786194007486, 38.219062805174268 ], [ -79.29116058365571, 38.219860076902727 ], [ -79.29012298599919, 38.220943450926207 ], [ -79.289360046545852, 38.221736907957492 ], [ -79.288841247717627, 38.222850799559026 ], [ -79.288085937658835, 38.224628448484758 ], [ -79.288009643713423, 38.225791931150795 ], [ -79.287490844885198, 38.227027893064857 ], [ -79.286552429357585, 38.229286193846093 ], [ -79.285926819005809, 38.230327606199708 ], [ -79.285209655919715, 38.231578826902748 ], [ -79.284271240392115, 38.233467102049296 ], [ -79.283760070958337, 38.234470367430127 ], [ -79.283576965489544, 38.235294342039474 ], [ -79.283149719395638, 38.236454010008231 ], [ -79.281440735020169, 38.237678527830496 ], [ -79.280197143711248, 38.239013671873472 ], [ -79.278991699374998, 38.239894866941846 ], [ -79.278686523593649, 38.240867614744609 ], [ -79.278648376621049, 38.241565704344247 ], [ -79.279045105136703, 38.242134094236803 ], [ -79.279563903964984, 38.242321014402833 ], [ -79.280685424961362, 38.242614746092279 ], [ -79.281715393223323, 38.243515014646917 ], [ -79.283004760899459, 38.244541168211427 ], [ -79.284263610997442, 38.245449066160603 ], [ -79.285003662267144, 38.24620437621919 ], [ -79.285659790196988, 38.246829986570802 ], [ -79.286323547521377, 38.247344970701604 ], [ -79.287399292150567, 38.248519897459445 ], [ -79.288223266760113, 38.249561309812954 ], [ -79.28901672379159, 38.250576019285582 ], [ -79.289497375647173, 38.251407623289545 ], [ -79.290260315100497, 38.252399444578558 ], [ -79.290214538733238, 38.253543853758245 ], [ -79.29029846207311, 38.253772735594218 ], [ -79.28966522232686, 38.255077362059033 ], [ -79.288360595861676, 38.256683349607847 ], [ -79.28772735611534, 38.257865905760241 ], [ -79.287094116369104, 38.259258270262151 ], [ -79.286613464513493, 38.26028442382659 ], [ -79.286659240880724, 38.262390136717215 ], [ -79.286560058751775, 38.263214111326654 ], [ -79.286567688146221, 38.264465332029786 ], [ -79.286560058751775, 38.264907836912563 ], [ -79.286933899083863, 38.266624450682095 ], [ -79.287391662755837, 38.267135620115731 ], [ -79.287750244298849, 38.268077850340319 ], [ -79.288146972814602, 38.268543243406704 ], [ -79.288375854650624, 38.269077301023863 ], [ -79.279403686679416, 38.281597137449708 ], [ -79.279373169101248, 38.281650543211384 ], [ -79.278854370272967, 38.28185272216647 ], [ -79.277862548983677, 38.282188415525908 ], [ -79.276458740389515, 38.28244400024267 ], [ -79.275733947908876, 38.282524108885234 ], [ -79.273666381990409, 38.282943725584495 ], [ -79.272964477693307, 38.28346633910985 ], [ -79.272430420076034, 38.283843994139133 ], [ -79.271835327302412, 38.284641265867684 ], [ -79.271217346345168, 38.285247802732968 ], [ -79.270912170563903, 38.286113739012244 ], [ -79.271476745759358, 38.286804199217272 ], [ -79.271324157868619, 38.287513732908721 ], [ -79.271972656404017, 38.288463592527862 ], [ -79.272308349763421, 38.289081573484829 ], [ -79.272621154939316, 38.28963470458843 ], [ -79.272705078279145, 38.289821624754431 ], [ -79.272865295564316, 38.290466308592293 ], [ -79.273574829255921, 38.29147338867039 ], [ -79.274261474763932, 38.29201507568218 ], [ -79.274681091463194, 38.292911529539538 ], [ -79.274749756013946, 38.293827056883337 ], [ -79.274963379060907, 38.294643402098131 ], [ -79.274291992341944, 38.298740386961434 ], [ -79.273635864412071, 38.299194335936015 ], [ -79.272880554353293, 38.299388885496569 ], [ -79.272254944001617, 38.300025939939999 ], [ -79.271949768220253, 38.301010131834452 ], [ -79.27196502700933, 38.30163192748882 ], [ -79.271636963044358, 38.302471160887215 ], [ -79.271171569977824, 38.303768157957506 ], [ -79.270950317536318, 38.3047485351548 ], [ -79.270729065094926, 38.3056640624986 ], [ -79.270072937164983, 38.306983947752492 ], [ -79.269248962555409, 38.307594299314921 ], [ -79.268806457672525, 38.308021545408735 ], [ -79.268150329742667, 38.308887481688039 ], [ -79.267738342437823, 38.30916213989115 ], [ -79.266685485992241, 38.309722900389211 ], [ -79.266304016265579, 38.309898376463401 ], [ -79.265823364409982, 38.3106269836412 ], [ -79.265686035308335, 38.311649322508359 ], [ -79.26573944107011, 38.312206268309133 ], [ -79.266494751128889, 38.312141418455639 ], [ -79.267242431793122, 38.312610626219289 ], [ -79.267761230621431, 38.312915802000575 ], [ -79.268447876129329, 38.313350677488806 ], [ -79.269020080719315, 38.313816070555205 ], [ -79.269676208649244, 38.314422607420475 ], [ -79.27030181900092, 38.315155029295447 ], [ -79.270835876618193, 38.316009521482947 ], [ -79.271324157868335, 38.316543579100177 ], [ -79.271400451813747, 38.316604614256399 ], [ -79.272125244294344, 38.317150115965347 ], [ -79.272926330720352, 38.317619323729012 ], [ -79.274459839021446, 38.31818389892431 ], [ -79.275527954256106, 38.31864929199071 ], [ -79.275810241853819, 38.319091796873579 ], [ -79.275825500642895, 38.319576263426313 ], [ -79.274749756013648, 38.323127746580553 ], [ -79.274765014802725, 38.32370376586767 ], [ -79.275604248201361, 38.324058532713444 ], [ -79.276573181307086, 38.324798583982947 ], [ -79.277175903475239, 38.325263977049339 ], [ -79.278114319002782, 38.326461791990788 ], [ -79.278480529940353, 38.32710647582865 ], [ -79.279098510897583, 38.328147888182158 ], [ -79.279556274569558, 38.328903198240752 ], [ -79.280059814608762, 38.330028533934097 ], [ -79.280761718905751, 38.331302642820845 ], [ -79.281440735019189, 38.332221984861825 ], [ -79.281951904452953, 38.333003997801285 ], [ -79.283172607578209, 38.336021423338373 ], [ -79.28513336197328, 38.338787078855937 ], [ -79.285987854160993, 38.339828491209445 ], [ -79.286903381504928, 38.34027481078958 ], [ -79.287849426427044, 38.340950012205596 ], [ -79.288658142247598, 38.34150695800637 ], [ -79.28969573990409, 38.34195327758642 ], [ -79.291023254552854, 38.3424453735337 ], [ -79.292091369787542, 38.342891693113749 ], [ -79.293067932287713, 38.343498229979019 ], [ -79.293441772619843, 38.343708038328629 ], [ -79.294624328772528, 38.344089508055198 ], [ -79.29557800308919, 38.344234466551249 ], [ -79.296531677405838, 38.344566345213394 ], [ -79.297485351722486, 38.344921112059069 ], [ -79.298233032386719, 38.345359802244587 ], [ -79.30000305191848, 38.345771789549282 ], [ -79.301048278969546, 38.345760345457471 ], [ -79.302085876626052, 38.346138000486768 ], [ -79.30294799820831, 38.346439361570759 ], [ -79.304283142251634, 38.346794128416448 ], [ -79.305465698404234, 38.347427368162577 ], [ -79.306236267252089, 38.348148345945745 ], [ -79.306716919107686, 38.348888397215262 ], [ -79.307022094889035, 38.34983062743985 ], [ -79.307319641275825, 38.350772857664545 ], [ -79.307426452799291, 38.351390838621533 ], [ -79.306777954263978, 38.352161407469197 ], [ -79.305953979654319, 38.352722167967229 ], [ -79.305305481118992, 38.353172302244559 ], [ -79.304336548013254, 38.35369110107272 ], [ -79.303688049477941, 38.354228973387151 ], [ -79.302688598794035, 38.354724884031697 ], [ -79.301727295082927, 38.355014801023906 ], [ -79.30062103287554, 38.35490798950044 ], [ -79.299636840980739, 38.354667663572769 ], [ -79.299171447914205, 38.354755401609864 ], [ -79.298385620277344, 38.355117797850077 ], [ -79.297607422034915, 38.356388092039573 ], [ -79.2974014283825, 38.358036041258266 ], [ -79.297874450843537, 38.359325408934076 ], [ -79.298004150550625, 38.360267639158685 ], [ -79.29810333267956, 38.361091613768018 ], [ -79.298324585120952, 38.361747741697791 ], [ -79.298568725746051, 38.362606048582535 ], [ -79.29901886002348, 38.363361358641143 ], [ -79.29953765885169, 38.36380386352392 ], [ -79.30097961441848, 38.364551544187968 ], [ -79.30195617691875, 38.365139007566881 ], [ -79.30365753189966, 38.365840911863771 ], [ -79.304985046548424, 38.366611480711441 ], [ -79.307258606119404, 38.367942810057144 ], [ -79.308662414713496, 38.368755340574658 ], [ -79.309638977213766, 38.36935806274267 ], [ -79.311080932780484, 38.370330810545404 ], [ -79.312080383464377, 38.37124252319186 ], [ -79.312591552898112, 38.371753692625475 ], [ -79.313369751140428, 38.372283935545362 ], [ -79.314201355144633, 38.373088836668444 ], [ -79.315208435222985, 38.373512268064886 ], [ -79.315986633465386, 38.374095916746541 ], [ -79.316238403484945, 38.374580383299275 ], [ -79.316917419598411, 38.375530242918401 ], [ -79.317161560223525, 38.376583099363742 ], [ -79.317031860516408, 38.377292633055148 ], [ -79.317390442059448, 38.378456115721107 ], [ -79.317878723309576, 38.379085540769978 ], [ -79.31894683854425, 38.379436492918387 ], [ -79.320388794111068, 38.379840850828572 ], [ -79.321456909345727, 38.380168914793352 ], [ -79.322067260908341, 38.380382537840255 ], [ -79.323196411299264, 38.380790710447705 ], [ -79.323974609541665, 38.381069183348082 ], [ -79.32475280778408, 38.38137435912936 ], [ -79.325614929366367, 38.381980895994516 ], [ -79.326538086104847, 38.382606506346121 ], [ -79.326835632491651, 38.382972717283614 ], [ -79.326988220382361, 38.383163452146896 ], [ -79.327796936202844, 38.38388061523279 ], [ -79.328048706222503, 38.384361267088252 ], [ -79.328880310226609, 38.384941101072641 ], [ -79.329849243332347, 38.385913848875397 ], [ -79.33065795915283, 38.38640594482267 ], [ -79.331520080735089, 38.386707305906668 ], [ -79.332275390793896, 38.387111663816839 ], [ -79.332588195969777, 38.387344360349992 ], [ -79.333236694505075, 38.388626098631271 ], [ -79.333679199387959, 38.389942169187897 ], [ -79.334014892747476, 38.390605926512123 ], [ -79.334373474290516, 38.391571044920326 ], [ -79.334854126146098, 38.392375946043323 ], [ -79.335456848314266, 38.392910003660553 ], [ -79.336441040209095, 38.393306732176207 ], [ -79.33716583268972, 38.393566131590241 ], [ -79.337799072435956, 38.393970489500433 ], [ -79.338661194018229, 38.394386291502308 ], [ -79.33950042741688, 38.394554138182052 ], [ -79.340606689624266, 38.394611358641008 ], [ -79.341651916675346, 38.394481658933934 ], [ -79.342849731617051, 38.394447326658614 ], [ -79.343978882007974, 38.394577026365567 ], [ -79.345108032398983, 38.394794464109729 ], [ -79.345886230641312, 38.395080566404651 ], [ -79.346694946461881, 38.395591735838281 ], [ -79.346794128590815, 38.396461486814836 ], [ -79.347015381032293, 38.397220611570717 ], [ -79.346771240407179, 38.39804077148279 ], [ -79.345230102711398, 38.399806976316746 ], [ -79.344337463551042, 38.400905609129289 ], [ -79.343269348316326, 38.402061462400788 ], [ -79.342849731616951, 38.40296936034995 ], [ -79.342796325855247, 38.404159545896881 ], [ -79.34261322038644, 38.405094146726938 ], [ -79.342712402515346, 38.405845642088252 ], [ -79.342933654956767, 38.406467437742599 ], [ -79.343650818042931, 38.407253265379261 ], [ -79.344276428394636, 38.408020019529651 ], [ -79.345222473316753, 38.408779144285504 ], [ -79.345741272145062, 38.409271240232769 ], [ -79.346893310719594, 38.409923553465184 ], [ -79.347724914723713, 38.410362243650788 ], [ -79.348243713552009, 38.410648345945688 ], [ -79.349311828786711, 38.410976409910496 ], [ -79.35025024431431, 38.41075134277186 ], [ -79.351013183767648, 38.410266876219126 ], [ -79.351539611990432, 38.410057067869495 ], [ -79.352821350272052, 38.410072326658572 ], [ -79.353141784842407, 38.410079956053103 ], [ -79.354064941581029, 38.410297393797201 ], [ -79.354476928885759, 38.41022872924642 ], [ -79.355232238944566, 38.410007476804978 ], [ -79.355880737479978, 38.409641265867485 ], [ -79.356384277519126, 38.409030914305056 ], [ -79.356163025077734, 38.408092498777734 ], [ -79.355773925956527, 38.407272338865553 ], [ -79.355690002616669, 38.406749725340212 ], [ -79.361907959161286, 38.413650512693664 ], [ -79.367851257502835, 38.416282653806981 ], [ -79.373756408871714, 38.417552947996363 ], [ -79.377265930357098, 38.41704559326007 ], [ -79.381965637389769, 38.416976928709211 ], [ -79.400627136418819, 38.411701202390859 ], [ -79.406440735053522, 38.409343719480617 ], [ -79.407287597846732, 38.409229278562705 ], [ -79.406883239936434, 38.409606933592009 ], [ -79.406394958686249, 38.410930633543167 ], [ -79.406471252631562, 38.41199874877757 ], [ -79.406562805365922, 38.413127899168167 ], [ -79.406730652045653, 38.413997650144736 ], [ -79.407402038764573, 38.415420532224822 ], [ -79.408088684272613, 38.416027069090006 ], [ -79.409355163765213, 38.416881561277485 ], [ -79.41012573261311, 38.417785644529481 ], [ -79.411224365425895, 38.418411254881001 ], [ -79.412078857613622, 38.419361114500141 ], [ -79.413223266793665, 38.420490264890844 ], [ -79.414253235055739, 38.421669006345844 ], [ -79.415260315134134, 38.42257690429512 ], [ -79.415802002145995, 38.423149108884964 ], [ -79.41680145282993, 38.424190521238465 ], [ -79.417549133494205, 38.424560546873224 ], [ -79.419349670604106, 38.4251022338849 ], [ -79.420700073436564, 38.426006317136888 ], [ -79.421737671093112, 38.426345825193486 ], [ -79.422950744823936, 38.426975250242364 ], [ -79.423881530957104, 38.427185058591888 ], [ -79.425041198926138, 38.42758941650208 ], [ -79.426452636914917, 38.427986145017726 ], [ -79.42723083515736, 38.428596496580234 ], [ -79.426452636914846, 38.433055877683756 ], [ -79.425979614453709, 38.43759918212708 ], [ -79.426086425977147, 38.441677093504012 ], [ -79.429672241407886, 38.443889617918089 ], [ -79.434516906936665, 38.449253082273565 ], [ -79.45306396504796, 38.461654663084047 ], [ -79.459625244346924, 38.465175628660198 ], [ -79.465522766321484, 38.465988159177719 ], [ -79.480720520232893, 38.462570190427677 ], [ -79.485382080293078, 38.461135864255787 ], [ -79.488258362032369, 38.458824157712876 ], [ -79.500679016333748, 38.440036773679608 ], [ -79.515441894757259, 38.421207427976348 ], [ -79.518875122297587, 38.417976379392364 ], [ -79.524070739975201, 38.414718627927492 ], [ -79.533981323474947, 38.41183853149191 ], [ -79.560424804930065, 38.412303924558188 ], [ -79.588165283456263, 38.416824340817861 ], [ -79.594062805431193, 38.417629241940929 ], [ -79.597610473889631, 38.418476104733863 ], [ -79.603080749770626, 38.424728393552179 ], [ -79.605506897232445, 38.427410125729914 ], [ -79.606208801529547, 38.431476593015063 ], [ -79.611480713152801, 38.43093490600333 ], [ -79.629615783960872, 38.433574676511036 ], [ -79.631347656520177, 38.434291839597009 ], [ -79.632156372340859, 38.434707641598898 ], [ -79.632736206325475, 38.434875488278664 ], [ -79.633728027614893, 38.435043334958323 ], [ -79.635719299588345, 38.43595504760475 ], [ -79.634353637966498, 38.449577331540397 ], [ -79.632713318141498, 38.453685760495389 ], [ -79.635169983181484, 38.457271575925134 ], [ -79.635704040798956, 38.457508087155553 ], [ -79.630805969507747, 38.46243667602284 ], [ -79.629035949975659, 38.464847564694651 ], [ -79.628379822045687, 38.466098785397776 ], [ -79.627304077416383, 38.467880249020922 ], [ -79.626647949486326, 38.469039916989587 ], [ -79.626899719505985, 38.470371246335368 ], [ -79.627311706810843, 38.472156524655666 ], [ -79.627441406517846, 38.473396301266995 ], [ -79.628005981713343, 38.474498748776718 ], [ -79.629188537866199, 38.475467681882193 ], [ -79.629959106714168, 38.476501464841178 ], [ -79.630912781030958, 38.477294921872428 ], [ -79.63188934353137, 38.478164672849005 ], [ -79.633941650661058, 38.479415893552144 ], [ -79.634712219509012, 38.480247497556022 ], [ -79.634880066188742, 38.480682373044253 ], [ -79.636131286892393, 38.481101989743507 ], [ -79.637290954861641, 38.481300354001334 ], [ -79.638877868924737, 38.482406616208316 ], [ -79.640205383573715, 38.483100891110681 ], [ -79.641151428495959, 38.484027862546192 ], [ -79.642051697051045, 38.484260559079424 ], [ -79.644004822051826, 38.484374999997414 ], [ -79.644996643341329, 38.484035491940702 ], [ -79.647064209260137, 38.484054565427058 ], [ -79.648513794221728, 38.48401260375708 ], [ -79.649856567659782, 38.483978271481732 ], [ -79.651428222933944, 38.483940124509047 ], [ -79.652824402133731, 38.483932495114487 ], [ -79.65422058133349, 38.484237670895766 ], [ -79.655670166295053, 38.484294891354786 ], [ -79.656280517857837, 38.484668731686796 ], [ -79.656829834264329, 38.483749389645737 ], [ -79.656936645787837, 38.483581542966078 ], [ -79.657783508581161, 38.48291397094458 ], [ -79.65823364285869, 38.481918334958223 ], [ -79.658981323523079, 38.480407714841029 ], [ -79.658905029577781, 38.479080200192612 ], [ -79.658775329870764, 38.478137969967996 ], [ -79.658172607702525, 38.477180480954331 ], [ -79.65751647977261, 38.476100921628124 ], [ -79.657447815221843, 38.475227355954374 ], [ -79.657508850378093, 38.474449157712179 ], [ -79.657608032507071, 38.473510742184843 ], [ -79.657829284948619, 38.472160339352797 ], [ -79.658775329870892, 38.471260070798074 ], [ -79.659240722937511, 38.470989227292222 ], [ -79.660507202430182, 38.469936370846881 ], [ -79.661514282508833, 38.468662261960134 ], [ -79.662277221962285, 38.468147277829317 ], [ -79.663391113564316, 38.46723556518279 ], [ -79.663894653603634, 38.46678543090546 ], [ -79.665100097940069, 38.465694427487541 ], [ -79.666107178018706, 38.464355468747279 ], [ -79.667518616007627, 38.462459564206185 ], [ -79.668495178508081, 38.461486816403522 ], [ -79.669448852824942, 38.459667205807797 ], [ -79.670143127727556, 38.457820892331213 ], [ -79.670410156536335, 38.45706176757534 ], [ -79.670478821087144, 38.456939697262825 ], [ -79.671066284466349, 38.455917358395659 ], [ -79.671630859661903, 38.455032348630006 ], [ -79.671699524212713, 38.453865051266789 ], [ -79.671882629681562, 38.453201293942577 ], [ -79.672271728802855, 38.452159881588962 ], [ -79.672843933392954, 38.451129913327271 ], [ -79.673667908002685, 38.449672698971852 ], [ -79.673728943159034, 38.449569702145673 ], [ -79.677154541305129, 38.446109771725709 ], [ -79.68180084257672, 38.444213867184679 ], [ -79.68531036406263, 38.44369888305377 ], [ -79.687812805469903, 38.448638916012726 ], [ -79.687362671192304, 38.453182220456149 ], [ -79.690048218068284, 38.464466094967797 ], [ -79.690986633595784, 38.47623825072958 ], [ -79.690711975392347, 38.4866714477511 ], [ -79.690834045704761, 38.490749359128053 ], [ -79.689567566211977, 38.495773315426845 ], [ -79.688735962207616, 38.495933532711994 ], [ -79.68756866484388, 38.496131896969807 ], [ -79.686866760546664, 38.496288299557754 ], [ -79.685585022264803, 38.496582031247229 ], [ -79.684883117967672, 38.496826171872193 ], [ -79.684265137010314, 38.497211456296036 ], [ -79.683334350877089, 38.497707366940588 ], [ -79.6828308108378, 38.498188018796057 ], [ -79.682418823532956, 38.498706817624132 ], [ -79.681968689255328, 38.499572753903436 ], [ -79.681678772263012, 38.499801635739416 ], [ -79.681732178024731, 38.504337310788216 ], [ -79.680946350387615, 38.504936218258941 ], [ -79.679748535445711, 38.505687713620262 ], [ -79.678733825972543, 38.506328582760879 ], [ -79.6778335574175, 38.50667190551485 ], [ -79.676666260053679, 38.507061004635936 ], [ -79.675392151166378, 38.507411956784374 ], [ -79.674110412884588, 38.507801055905475 ], [ -79.673324585247528, 38.508098602292193 ], [ -79.67207336454382, 38.508811950680823 ], [ -79.671226501750482, 38.50944900512426 ], [ -79.670387268351675, 38.510250091549992 ], [ -79.669540405558351, 38.511238098141831 ], [ -79.668609619425055, 38.512172698971881 ], [ -79.668266296671021, 38.512538909909381 ], [ -79.667533874795708, 38.513019561764857 ], [ -79.666725158974998, 38.51350021362034 ], [ -79.665618896767526, 38.513664245602811 ], [ -79.664947510048492, 38.513690948483621 ], [ -79.664077759071546, 38.513778686520745 ], [ -79.66337585477433, 38.514102935788351 ], [ -79.662796020789685, 38.514377593991455 ], [ -79.662361145301247, 38.514648437497314 ], [ -79.662391662879415, 38.515060424802009 ], [ -79.662742615027938, 38.51684951781958 ], [ -79.663261413856304, 38.517990112301995 ], [ -79.66394042996977, 38.519207000729722 ], [ -79.664489746376304, 38.520301818844992 ], [ -79.665016174599131, 38.521377563473919 ], [ -79.665481567665694, 38.522315979001242 ], [ -79.66577911405254, 38.523185729977818 ], [ -79.666099548623009, 38.523910522458237 ], [ -79.666709900185694, 38.524669647214104 ], [ -79.667556762979103, 38.525150299069573 ], [ -79.668724060342811, 38.525562286374281 ], [ -79.669281006143805, 38.525825500485588 ], [ -79.669364929483777, 38.525859832761014 ], [ -79.670524597452939, 38.526126861569587 ], [ -79.671722412394899, 38.526790618893791 ], [ -79.672424316692016, 38.527458190915269 ], [ -79.672828674602343, 38.528694152829324 ], [ -79.672164917277826, 38.530044555661384 ], [ -79.671699524211192, 38.530933380124218 ], [ -79.671150207804715, 38.531688690182904 ], [ -79.670623779581774, 38.532653808591029 ], [ -79.670074463175283, 38.533538818356668 ], [ -79.66993713407372, 38.533706665036341 ], [ -79.669372558878052, 38.534389495846895 ], [ -79.668441772744828, 38.535217285153607 ], [ -79.667716980264103, 38.53583145141333 ], [ -79.667366028115509, 38.536682128903564 ], [ -79.667251587197455, 38.537895202634012 ], [ -79.66751861600612, 38.539154052731689 ], [ -79.668510437295623, 38.540321350094985 ], [ -79.66915130643649, 38.540817260739523 ], [ -79.669853210733606, 38.541366577145766 ], [ -79.670288086222101, 38.542152404782499 ], [ -79.670318603800254, 38.543083190915276 ], [ -79.669799804971845, 38.543998718259019 ], [ -79.669448852823265, 38.544685363766831 ], [ -79.669097900674601, 38.545825958249253 ], [ -79.669281006143379, 38.547592163083287 ], [ -79.669364929483322, 38.548461914059864 ], [ -79.669486999795794, 38.549304962155553 ], [ -79.669456482217697, 38.550586700436739 ], [ -79.668991089150992, 38.551593780514935 ], [ -79.668090820595935, 38.552783966061774 ], [ -79.667655945107398, 38.554023742673095 ], [ -79.667022705361035, 38.555168151852783 ], [ -79.666557312294415, 38.556030273434828 ], [ -79.665885925575367, 38.557041168210283 ], [ -79.665451050086929, 38.55749893188213 ], [ -79.664489746375565, 38.558185577389978 ], [ -79.664085388465196, 38.558238983151661 ], [ -79.663032532019415, 38.558944702145823 ], [ -79.662101745886233, 38.559677124020808 ], [ -79.661460876745238, 38.560668945309899 ], [ -79.660736084264471, 38.562309265134061 ], [ -79.660446167272127, 38.563339233395851 ], [ -79.660392761510408, 38.56431961059306 ], [ -79.660392761510394, 38.565120697018877 ], [ -79.660682678502695, 38.565723419186867 ], [ -79.661148071569286, 38.566360473630198 ], [ -79.661674499792099, 38.567043304440759 ], [ -79.662025451940735, 38.567802429196625 ], [ -79.662406921667454, 38.568580627438834 ], [ -79.662643432897966, 38.569149017331398 ], [ -79.662551880163534, 38.570014953610688 ], [ -79.661941528600707, 38.570915222165333 ], [ -79.661537170690451, 38.571506500241533 ], [ -79.661071777623846, 38.571941375729772 ], [ -79.660346985142994, 38.572517395016888 ], [ -79.659614563267709, 38.573066711423223 ], [ -79.659118652622951, 38.573612213132172 ], [ -79.658248901645962, 38.574466705319672 ], [ -79.657699585239513, 38.575199127194658 ], [ -79.657058716098604, 38.576133728024807 ], [ -79.656707763949953, 38.577121734616547 ], [ -79.656562805453802, 38.578216552731824 ], [ -79.656250000277822, 38.580108642575567 ], [ -79.656250000277822, 38.580570220944701 ], [ -79.656250000277822, 38.58102798461654 ], [ -79.656394958774015, 38.581420898434921 ], [ -79.656387329379456, 38.5815238952611 ], [ -79.654159546175336, 38.583423614499388 ], [ -79.645606994902053, 38.593093872067833 ], [ -79.635307312280418, 38.603248596188926 ], [ -79.630142212180544, 38.607868194577676 ], [ -79.624923706319038, 38.610679626462414 ], [ -79.621482849383966, 38.613914489743678 ], [ -79.620979309344619, 38.617095947263252 ], [ -79.621322632098611, 38.617897033689054 ], [ -79.620910644793796, 38.618850708005446 ], [ -79.620674133563185, 38.619312286374601 ], [ -79.620094299578568, 38.620182037351171 ], [ -79.619804382586238, 38.620658874509381 ], [ -79.619743347429988, 38.621364593503479 ], [ -79.619865417742545, 38.621845245358934 ], [ -79.620269775652787, 38.622325897214395 ], [ -79.620857239031935, 38.622734069821853 ], [ -79.621467590594719, 38.622989654538621 ], [ -79.62187194850506, 38.623153686521022 ], [ -79.622634887958498, 38.62328720092534 ], [ -79.62327575709935, 38.623374938962442 ], [ -79.624031067158228, 38.623580932614807 ], [ -79.624313354755998, 38.623680114743721 ], [ -79.628417969015359, 38.629657745358905 ], [ -79.62892913844918, 38.630195617673408 ], [ -79.628936767843626, 38.630359649655816 ], [ -79.629089355734365, 38.631450653073713 ], [ -79.629615783957178, 38.63214111327882 ], [ -79.630310058859806, 38.633167266843252 ], [ -79.631423950461766, 38.633880615231959 ], [ -79.632064819602718, 38.634315490720212 ], [ -79.632598877220076, 38.63458251952887 ], [ -79.632179260520616, 38.637302398679225 ], [ -79.627044677998811, 38.646957397458571 ], [ -79.626625061299478, 38.647468566892194 ], [ -79.625022888447262, 38.648731231687066 ], [ -79.624122619892134, 38.649993896482009 ], [ -79.623481750751267, 38.650791168210546 ], [ -79.623130798602631, 38.651363372800411 ], [ -79.622779846454065, 38.652297973630468 ], [ -79.622283935809293, 38.653331756589438 ], [ -79.621437073015969, 38.654338836667534 ], [ -79.620971679949378, 38.655052185056249 ], [ -79.620101928972431, 38.656211853025027 ], [ -79.619461059831551, 38.656993865964488 ], [ -79.619026184343042, 38.657722473142186 ], [ -79.618728637956281, 38.65822982787855 ], [ -79.618614197038241, 38.658802032468401 ], [ -79.61859130885459, 38.659412384030837 ], [ -79.618759155534335, 38.659946441648081 ], [ -79.619140625261039, 38.660083770749601 ], [ -79.619903564714463, 38.660289764401952 ], [ -79.620948791765642, 38.660579681394147 ], [ -79.623519897723682, 38.661540985105077 ], [ -79.624771118427319, 38.661907196042563 ], [ -79.625709533955018, 38.662319183347279 ], [ -79.62681579616256, 38.662960052487861 ], [ -79.627548218037788, 38.663940429685155 ], [ -79.627578735615955, 38.664516448972257 ], [ -79.627319336201708, 38.665271759030858 ], [ -79.627021789814947, 38.66600418090583 ], [ -79.626838684346012, 38.666194915769111 ], [ -79.623603821063455, 38.666915893552378 ], [ -79.621231079363284, 38.667274475095333 ], [ -79.62119293239067, 38.667243957517186 ], [ -79.620285034441054, 38.666805267331675 ], [ -79.619064331315599, 38.666625976560198 ], [ -79.61783599879557, 38.66676712035899 ], [ -79.616729736588042, 38.666946411130475 ], [ -79.615882873794746, 38.667057037351192 ], [ -79.614624023696649, 38.667404174802336 ], [ -79.613227844496834, 38.667522430417591 ], [ -79.611450195570384, 38.666973114011377 ], [ -79.610107422132344, 38.666423797605141 ], [ -79.608589172620029, 38.66596984863056 ], [ -79.606628418224687, 38.665100097654012 ], [ -79.605316162364829, 38.664596557614921 ], [ -79.603393554942201, 38.663978576657847 ], [ -79.602371216074644, 38.663703918454743 ], [ -79.600822448984175, 38.66360855102311 ], [ -79.600036621347215, 38.663433074948919 ], [ -79.599250793710169, 38.663223266599289 ], [ -79.598228454842541, 38.663036346433266 ], [ -79.597793579354132, 38.663017272946938 ], [ -79.596885681404601, 38.662929534909829 ], [ -79.596275329841831, 38.662746429441086 ], [ -79.595603943122811, 38.663066864011441 ], [ -79.595077514899984, 38.663864135739985 ], [ -79.594642639411447, 38.665081024167705 ], [ -79.594818115485708, 38.665943145749743 ], [ -79.595458984626617, 38.66736984252708 ], [ -79.595985412849416, 38.66830444335713 ], [ -79.596687317146575, 38.669178009030986 ], [ -79.597442627205453, 38.670543670652101 ], [ -79.59756469751791, 38.670787811277066 ], [ -79.596015930427541, 38.67101287841578 ], [ -79.596237182868833, 38.678718566892321 ], [ -79.596366882575865, 38.683250427243841 ], [ -79.592323303472611, 38.688411712644267 ], [ -79.592178344976489, 38.688465118406029 ], [ -79.59136199976129, 38.688831329343515 ], [ -79.589553833256659, 38.690017700193096 ], [ -79.588821411381389, 38.691001892087648 ], [ -79.588088989506133, 38.692100524900219 ], [ -79.587829590091985, 38.692470550534971 ], [ -79.58753967309967, 38.693592071531043 ], [ -79.587280273685408, 38.694114685056377 ], [ -79.586486816653917, 38.695171356198969 ], [ -79.585990906009158, 38.695922851560297 ], [ -79.584823608645408, 38.696659088132634 ], [ -79.583686828859811, 38.697273254392343 ], [ -79.582992553957169, 38.697776794431434 ], [ -79.582199096925649, 38.699043273923657 ], [ -79.581352234132268, 38.699813842771327 ], [ -79.580276489503007, 38.700569152829907 ], [ -79.579513550049583, 38.701000213620894 ], [ -79.578697204834356, 38.701919555661959 ], [ -79.575057983641472, 38.707221984861171 ], [ -79.569107055904823, 38.712993621824054 ], [ -79.568374634029595, 38.712814331052563 ], [ -79.567497253658146, 38.71281433105257 ], [ -79.567054748775107, 38.712795257566306 ], [ -79.566650390864865, 38.712997436521313 ], [ -79.565513611079282, 38.713680267331888 ], [ -79.564781189203941, 38.714351654050645 ], [ -79.564109802484907, 38.715076446531171 ], [ -79.563346863031498, 38.715747833249935 ], [ -79.562324524163955, 38.716796874997989 ], [ -79.561828613519211, 38.717319488523323 ], [ -79.561187744378358, 38.717937469480397 ], [ -79.560516357659338, 38.719173431394459 ], [ -79.560752868889807, 38.721118926999885 ], [ -79.560783386467975, 38.721351623533124 ], [ -79.560951233147705, 38.721721649167876 ], [ -79.553459167715161, 38.729759216306604 ], [ -79.537986755599903, 38.746334075925795 ], [ -79.537879944076408, 38.746482849119118 ], [ -79.537803650131082, 38.746501922605447 ], [ -79.536224365462587, 38.747180938718763 ], [ -79.53526306175128, 38.748138427732457 ], [ -79.534294128645442, 38.749057769773437 ], [ -79.533042907941834, 38.750656127927797 ], [ -79.531814575421862, 38.752281188962876 ], [ -79.53108215354662, 38.753452301023465 ], [ -79.530616760479944, 38.75421142577931 ], [ -79.529884338604688, 38.755462646482457 ], [ -79.529418945538126, 38.75658798217578 ], [ -79.528892517315299, 38.757843017576199 ], [ -79.528480530010427, 38.759010314939516 ], [ -79.528129577861861, 38.760131835935574 ], [ -79.528060913310981, 38.760463714597726 ], [ -79.526069641337585, 38.763301849363351 ], [ -79.520576477273067, 38.77220535278137 ], [ -79.520210266335454, 38.772533416746171 ], [ -79.519279480202229, 38.773544311521604 ], [ -79.518432617408962, 38.774356842039147 ], [ -79.517959594947854, 38.774936676023536 ], [ -79.51725769065078, 38.775871276853607 ], [ -79.516586303931803, 38.776645660398543 ], [ -79.516296386939473, 38.777359008787244 ], [ -79.516059875708876, 38.778072357175873 ], [ -79.516151428443266, 38.77854537963681 ], [ -79.516029358130695, 38.779117584226661 ], [ -79.51548004172426, 38.77969741821105 ], [ -79.514541626196603, 38.779994964597776 ], [ -79.513488769750936, 38.779899597166143 ], [ -79.513023376684373, 38.779827117918103 ], [ -79.51217651389112, 38.77989578246887 ], [ -79.511650085668222, 38.780467987058707 ], [ -79.511062622289103, 38.781181335447343 ], [ -79.510681152562384, 38.781639099119296 ], [ -79.510215759495836, 38.782207489011867 ], [ -79.509452820042426, 38.783172607420092 ], [ -79.509429931858875, 38.783767700193458 ], [ -79.50948333762058, 38.784538269041121 ], [ -79.509544372776787, 38.785320281980582 ], [ -79.509658813694813, 38.786262512205191 ], [ -79.509658813694799, 38.787109374998167 ], [ -79.509689331272952, 38.787612915037251 ], [ -79.509513855198691, 38.788131713865411 ], [ -79.509246826389997, 38.789230346677876 ], [ -79.508926391819529, 38.789939880369303 ], [ -79.508338928440395, 38.790718078611427 ], [ -79.507759094455793, 38.792045593259957 ], [ -79.507202148654827, 38.792804718015816 ], [ -79.507026672580551, 38.79362106323061 ], [ -79.506851196506261, 38.794860839841945 ], [ -79.506820678928079, 38.795818328855624 ], [ -79.506851196506247, 38.796806335447442 ], [ -79.507057190158562, 38.797584533689573 ], [ -79.507492065647028, 38.798637390134878 ], [ -79.508247375705849, 38.799869537351661 ], [ -79.508575439670835, 38.800563812254026 ], [ -79.508850097874017, 38.802570343015752 ], [ -79.52402496360169, 38.817283630369268 ], [ -79.527091980204176, 38.821311950681775 ], [ -79.527816772684858, 38.826671600339914 ], [ -79.527397155985469, 38.827316284177854 ], [ -79.527046203836917, 38.828041076658302 ], [ -79.526313781961662, 38.82934951782039 ], [ -79.525703430398892, 38.830562591550944 ], [ -79.525466919168295, 38.831291198728628 ], [ -79.525787353738735, 38.831909179685688 ], [ -79.526252746805298, 38.832347869871214 ], [ -79.526550293192102, 38.832942962644672 ], [ -79.526824951395326, 38.833061218259843 ], [ -79.526870727762542, 38.834915161130965 ], [ -79.536552429425925, 38.842918395994218 ], [ -79.537155151594092, 38.846084594724701 ], [ -79.536491394269632, 38.846378326414168 ], [ -79.535499572980171, 38.846622467039133 ], [ -79.534652710186904, 38.846881866453259 ], [ -79.534065246807799, 38.847175598142648 ], [ -79.533508301006819, 38.847629547117322 ], [ -79.532897949444134, 38.848346710203202 ], [ -79.532135009990725, 38.84930419921691 ], [ -79.531723022685867, 38.849788665769637 ], [ -79.530990600810625, 38.850654602048941 ], [ -79.53026580832983, 38.851547241209133 ], [ -79.528739929423011, 38.852924346921974 ], [ -79.528244018778295, 38.853282928464928 ], [ -79.52736663840696, 38.854038238523515 ], [ -79.52692413352392, 38.854431152341895 ], [ -79.526107788308821, 38.85494995117007 ], [ -79.524940490945113, 38.855545043943529 ], [ -79.524147033913536, 38.856071472166143 ], [ -79.523185730202258, 38.856830596922002 ], [ -79.522277832252755, 38.857406616209119 ], [ -79.521659851295453, 38.857833862302918 ], [ -79.520606994849757, 38.858749389646633 ], [ -79.520111084205112, 38.859119415281384 ], [ -79.519203186255524, 38.859893798826313 ], [ -79.518417358618507, 38.86056137084779 ], [ -79.517356872778265, 38.861747741697457 ], [ -79.516510009984998, 38.863166809080262 ], [ -79.515953064184032, 38.864448547361476 ], [ -79.515487671117441, 38.865314483640773 ], [ -79.514694214085878, 38.866390228269729 ], [ -79.51367187521835, 38.867923736570503 ], [ -79.512886047581318, 38.868999481199445 ], [ -79.512733459690665, 38.869255065916214 ], [ -79.512092590549841, 38.870147705076391 ], [ -79.511772155979372, 38.870807647703344 ], [ -79.511100769260366, 38.871997833250177 ], [ -79.510749817111829, 38.872936248777506 ], [ -79.510742187717284, 38.873458862302947 ], [ -79.510719299533633, 38.874423980711157 ], [ -79.511123657443932, 38.875865936277577 ], [ -79.511596679905011, 38.87662506103343 ], [ -79.512145996311418, 38.877330780027528 ], [ -79.513175964573449, 38.878318786619339 ], [ -79.513961792210452, 38.879043579099765 ], [ -79.514610290745807, 38.879665374754119 ], [ -79.515571594457072, 38.880424499509978 ], [ -79.516304016332342, 38.882545471189687 ], [ -79.516860962133308, 38.883281707761917 ], [ -79.51735687277791, 38.884361267088124 ], [ -79.517501831274089, 38.885158538816576 ], [ -79.517501831274075, 38.885601043699438 ], [ -79.515373230199032, 38.889053344724772 ], [ -79.514266967991631, 38.891788482664303 ], [ -79.500198364471174, 38.892017364500205 ], [ -79.499412536834271, 38.891925811765852 ], [ -79.498214721892424, 38.891765594480731 ], [ -79.496574402067623, 38.891422271726768 ], [ -79.49558258077829, 38.890941619871384 ], [ -79.494613647672494, 38.890319824217052 ], [ -79.493530273648673, 38.889633178709218 ], [ -79.492797851773474, 38.889175415037371 ], [ -79.491310119839426, 38.888599395750269 ], [ -79.490226745815605, 38.888122558592052 ], [ -79.488967895717536, 38.887664794920205 ], [ -79.48809051534613, 38.88739395141436 ], [ -79.486923217982522, 38.887157440183863 ], [ -79.485542297571882, 38.887020111082357 ], [ -79.484138488977692, 38.88685989379713 ], [ -79.48320007345005, 38.886997222898728 ], [ -79.482818603723359, 38.887271881101867 ], [ -79.481826782433942, 38.887866973875333 ], [ -79.480567932335831, 38.88827514648267 ], [ -79.479370117394069, 38.889213562010113 ], [ -79.478607177940674, 38.889675140379232 ], [ -79.477638244834864, 38.890197753904587 ], [ -79.476264953818756, 38.891044616697542 ], [ -79.475502014365375, 38.891391754148778 ], [ -79.474388122763472, 38.891979217527698 ], [ -79.473365783895972, 38.892162322996441 ], [ -79.472190857137747, 38.892192840574502 ], [ -79.471168518270261, 38.892211914060852 ], [ -79.470733642781795, 38.892185211179971 ], [ -79.469528198445502, 38.89213943481284 ], [ -79.468772888386653, 38.89207077026208 ], [ -79.467948913777064, 38.89207458495936 ], [ -79.467163086140062, 38.891933441160489 ], [ -79.466430664264792, 38.891845703123387 ], [ -79.465431213580899, 38.892044067381207 ], [ -79.465049743854209, 38.89250183105306 ], [ -79.463676452838101, 38.893417358396874 ], [ -79.462532043658044, 38.894126892088231 ], [ -79.461799621782831, 38.894443511961327 ], [ -79.46098327656776, 38.894851684568764 ], [ -79.459754944047745, 38.895477294920283 ], [ -79.458518982133299, 38.895793914793359 ], [ -79.457756042679918, 38.895885467527741 ], [ -79.456321716507588, 38.896366119383224 ], [ -79.455360412796423, 38.896617889402719 ], [ -79.453895569045912, 38.89686584472495 ], [ -79.453018188674534, 38.897006988523835 ], [ -79.451904297072645, 38.89707565307458 ], [ -79.45072937031442, 38.897480010984772 ], [ -79.449211120802246, 38.897457122801171 ], [ -79.447746277051749, 38.897575378416427 ], [ -79.446342468457587, 38.89775466918789 ], [ -79.445198059277544, 38.897888183592229 ], [ -79.444763183789149, 38.89818572997897 ], [ -79.445053100781436, 38.898479461668323 ], [ -79.445816040234789, 38.899009704588302 ], [ -79.44657135029361, 38.899509429930127 ], [ -79.446922302442118, 38.899742126463273 ], [ -79.447425842481351, 38.900226593016022 ], [ -79.447975158887758, 38.90110015868985 ], [ -79.448150634962005, 38.901576995848067 ], [ -79.448097229200286, 38.902084350584403 ], [ -79.448005676465883, 38.902832031248458 ], [ -79.448265075879988, 38.903411865232862 ], [ -79.448471069532403, 38.904232025144921 ], [ -79.448852539259079, 38.905097961424225 ], [ -79.449234008985741, 38.905921936033565 ], [ -79.449584961134249, 38.906772613523891 ], [ -79.449958801466394, 38.907505035398835 ], [ -79.450431823927445, 38.908218383787485 ], [ -79.450607300001693, 38.909217834471121 ], [ -79.450599670607147, 38.909931182859729 ], [ -79.450775146681494, 38.91063690185392 ], [ -79.45077514668148, 38.911033630369559 ], [ -79.450660705763454, 38.911693572996491 ], [ -79.450721740919676, 38.912834167478927 ], [ -79.451301574904207, 38.913658142088266 ], [ -79.451591491896494, 38.913864135740617 ], [ -79.452438354689704, 38.914760589598075 ], [ -79.452880859572716, 38.91514968871919 ], [ -79.454048156936267, 38.916084289549239 ], [ -79.454521179397361, 38.916435241697656 ], [ -79.455421447952361, 38.917587280271867 ], [ -79.45556640644844, 38.917907714842208 ], [ -79.455863952835244, 38.91867446899262 ], [ -79.456245422561906, 38.920486450193771 ], [ -79.456680298050372, 38.921901702879317 ], [ -79.456977844437162, 38.922725677488664 ], [ -79.457031250198867, 38.923366546629346 ], [ -79.457031250198852, 38.92428207397306 ], [ -79.456993103226139, 38.924713134764019 ], [ -79.451530456740045, 38.929874420164467 ], [ -79.451171875196891, 38.929908752439879 ], [ -79.430000305366192, 38.924865722654786 ], [ -79.426986694525482, 38.923095703123494 ], [ -79.419837951847597, 38.920940399168465 ], [ -79.41623687762781, 38.919181823728962 ], [ -79.409118652527994, 38.918384552000532 ], [ -79.403800964538178, 38.918468475340383 ], [ -79.395568847836572, 38.920410156248629 ], [ -79.392044067562011, 38.921367645262244 ], [ -79.389053344904937, 38.922962188719346 ], [ -79.387802124201428, 38.922977447508423 ], [ -79.385871887384468, 38.923389434813068 ], [ -79.385078430353033, 38.923934936522109 ], [ -79.383613586602578, 38.924690246580703 ], [ -79.382736206231201, 38.925148010252549 ], [ -79.381912231621612, 38.925693511961512 ], [ -79.381149292168288, 38.926380157469367 ], [ -79.380943298515859, 38.926612854002514 ], [ -79.379768371757677, 38.926906585691974 ], [ -79.378921508964467, 38.927066802977187 ], [ -79.378105163749439, 38.927223205565049 ], [ -79.37754821794843, 38.92779159545762 ], [ -79.375846862967464, 38.928703308104176 ], [ -79.374465942556952, 38.92930603027208 ], [ -79.373466491873032, 38.929801940916626 ], [ -79.372123718435148, 38.930286407469374 ], [ -79.371040344411469, 38.930530548094332 ], [ -79.369720459157207, 38.930942535399069 ], [ -79.36848449724279, 38.931259155272144 ], [ -79.367401123219011, 38.931602478026008 ], [ -79.366050720386582, 38.932312011717457 ], [ -79.364761352710488, 38.932884216307308 ], [ -79.363647461108528, 38.933338165281889 ], [ -79.362709045580942, 38.934131622313188 ], [ -79.362152099780005, 38.935188293455766 ], [ -79.361625671557135, 38.936332702635454 ], [ -79.360885620287405, 38.937377929686242 ], [ -79.360183715990388, 38.938430786131548 ], [ -79.359504699876894, 38.939464569090525 ], [ -79.359062194993896, 38.940284729002606 ], [ -79.358741760423541, 38.94113159179556 ], [ -79.358329773118697, 38.942436218260475 ], [ -79.3577651979232, 38.943988800047528 ], [ -79.357269287278498, 38.945266723631519 ], [ -79.357177734544095, 38.946300506590518 ], [ -79.356880188157277, 38.947219848631491 ], [ -79.356735229661197, 38.948196411131519 ], [ -79.356437683274351, 38.94932556152213 ], [ -79.356285095383612, 38.950187683104161 ], [ -79.356140136887518, 38.951290130613991 ], [ -79.355842590500686, 38.952041625975298 ], [ -79.355636596848242, 38.954517364500695 ], [ -79.355895996262447, 38.954952239988934 ], [ -79.351722717452517, 38.964138031004595 ], [ -79.351028442550046, 38.966163635252656 ], [ -79.350364685225642, 38.966152191160859 ], [ -79.348190307783554, 38.966743469237052 ], [ -79.346755981611295, 38.967296600340553 ], [ -79.345901489423568, 38.967540740965511 ], [ -79.344116211102801, 38.968276977537862 ], [ -79.342559814617957, 38.969097137449943 ], [ -79.341529846355954, 38.97002792358272 ], [ -79.340858459637033, 38.970619201658934 ], [ -79.339859008953198, 38.971405029295667 ], [ -79.339653015300755, 38.972820281981193 ], [ -79.339439392253794, 38.973808288573032 ], [ -79.339202881023297, 38.975337982176555 ], [ -79.338676452800428, 38.976341247557379 ], [ -79.337379455729803, 38.977649688719445 ], [ -79.336585998698297, 38.978561401366001 ], [ -79.335700988932388, 38.980384826658991 ], [ -79.335380554362033, 38.981552124022187 ], [ -79.334938049479035, 38.982837677000745 ], [ -79.333847046060797, 38.98440933227414 ], [ -79.333404541177813, 38.985118865965582 ], [ -79.332786560220654, 38.985855102537826 ], [ -79.331611633462487, 38.987293243406988 ], [ -79.330932617348992, 38.988162994383558 ], [ -79.330581665200484, 38.990104675291803 ], [ -79.329696655434574, 38.991661071776107 ], [ -79.329864502114276, 38.992897033690177 ], [ -79.329864502114276, 38.993076324461732 ], [ -79.329803466958026, 38.993907928465617 ], [ -79.329544067543921, 38.994342803953863 ], [ -79.324607849280852, 38.999938964842606 ], [ -79.324378967444829, 39.000484466551576 ], [ -79.324264526526804, 39.001312255858181 ], [ -79.324066162268906, 39.001956939696043 ], [ -79.324218750159631, 39.002662658690227 ], [ -79.324424743812031, 39.003391265867926 ], [ -79.324638366858892, 39.004238128660958 ], [ -79.324790954749588, 39.00510787963745 ], [ -79.324836731116747, 39.005310058592556 ], [ -79.323234558264744, 39.008079528807393 ], [ -79.319847107091888, 39.020198822020305 ], [ -79.319793701330099, 39.0202255249012 ], [ -79.31909179703301, 39.020488739012499 ], [ -79.318389892736022, 39.020736694334822 ], [ -79.317680359044374, 39.020900726317223 ], [ -79.317039489903607, 39.021083831785965 ], [ -79.316246032872115, 39.021385192869957 ], [ -79.315727234043919, 39.021694183348423 ], [ -79.315109253086689, 39.022102355955859 ], [ -79.314582824863933, 39.022491455076981 ], [ -79.314147949375467, 39.02283859252811 ], [ -79.313796997226973, 39.023204803465688 ], [ -79.313537597812854, 39.02357482910044 ], [ -79.313102722324402, 39.024059295653181 ], [ -79.312927246250155, 39.024353027342642 ], [ -79.312576294101646, 39.024997711180518 ], [ -79.312347412265623, 39.025634765623842 ], [ -79.312141418613209, 39.026210784910944 ], [ -79.311851501620936, 39.026691436766441 ], [ -79.311683654941206, 39.027103424071136 ], [ -79.311447143710723, 39.027515411375788 ], [ -79.311485290683336, 39.028316497801598 ], [ -79.3114624024997, 39.029071807860177 ], [ -79.311462402499686, 39.029666900633636 ], [ -79.311531067050552, 39.030239105223465 ], [ -79.311592102206774, 39.030673980711732 ], [ -79.311859131015424, 39.031127929686399 ], [ -79.312210083164004, 39.031520843504673 ], [ -79.31247711197264, 39.031745910643401 ], [ -79.312828064121149, 39.031974792479346 ], [ -79.313331604160368, 39.032066345213735 ], [ -79.313796997226859, 39.032203674315241 ], [ -79.314186096348081, 39.03228759765507 ], [ -79.314888000645155, 39.032260894774268 ], [ -79.315559387364004, 39.032188415526164 ], [ -79.316383361973635, 39.032115936278139 ], [ -79.317329406895738, 39.032367706297734 ], [ -79.317337036290269, 39.032646179198117 ], [ -79.315551757969473, 39.039230346678579 ], [ -79.315376281895112, 39.03937530517463 ], [ -79.314674377598109, 39.039787292479346 ], [ -79.313735962070524, 39.04029846191289 ], [ -79.313034057773436, 39.040878295897286 ], [ -79.312011718906007, 39.04144668578985 ], [ -79.311401367343308, 39.04202651977424 ], [ -79.310668945468151, 39.042549133299666 ], [ -79.310325622714103, 39.042804718016441 ], [ -79.309944152987455, 39.043060302733217 ], [ -79.309326172030296, 39.043472290037933 ], [ -79.308860778963762, 39.04384231567267 ], [ -79.308250427401092, 39.044277191161015 ], [ -79.307838440096248, 39.044685363768373 ], [ -79.307487487947753, 39.045017242430525 ], [ -79.30728912368987, 39.045310974119978 ], [ -79.307052612459387, 39.045639038084765 ], [ -79.306327819978677, 39.046939849852428 ], [ -79.305458069001844, 39.048091888426654 ], [ -79.305343628083918, 39.048770904539943 ], [ -79.305290222322142, 39.049396514891463 ], [ -79.305007934724387, 39.050701141356278 ], [ -79.305152893220551, 39.051128387450078 ], [ -79.305130005036958, 39.051635742186441 ], [ -79.305076599275154, 39.052093505858295 ], [ -79.305015564118932, 39.052501678465653 ], [ -79.304931640779046, 39.053073883055504 ], [ -79.304557800446929, 39.053554534910958 ], [ -79.304206848298435, 39.054019927977443 ], [ -79.304031372224088, 39.054294586180568 ], [ -79.303825378571773, 39.054664611815319 ], [ -79.303596496735722, 39.055328369139545 ], [ -79.303512573395864, 39.055763244627776 ], [ -79.303489685212242, 39.056377410887592 ], [ -79.303428650055992, 39.056812286375838 ], [ -79.303268432770736, 39.05802536010637 ], [ -79.303237915192653, 39.058708190916839 ], [ -79.303184509430849, 39.05958557128794 ], [ -79.303131103669159, 39.06017303466686 ], [ -79.303108215485537, 39.060722351073089 ], [ -79.303230285798065, 39.061504364012578 ], [ -79.303054809723804, 39.062004089354396 ], [ -79.302825927887781, 39.06255340576061 ], [ -79.302650451813534, 39.063125610350468 ], [ -79.302452087555636, 39.063907623289928 ], [ -79.302307129059457, 39.064319610594644 ], [ -79.302108764801673, 39.065029144285994 ], [ -79.301902771149273, 39.06557846069223 ], [ -79.301559448395196, 39.066455841063352 ], [ -79.301185608063079, 39.067253112791896 ], [ -79.300750732574713, 39.067943572996995 ], [ -79.300430298004287, 39.068557739256711 ], [ -79.300048828277625, 39.069293975828955 ], [ -79.299736023101715, 39.070049285887549 ], [ -79.29947662368761, 39.070854187010632 ], [ -79.299278259429741, 39.071521759032116 ], [ -79.299217224273505, 39.072177886961796 ], [ -79.299400329742269, 39.072750091551633 ], [ -79.299728393707142, 39.073230743407095 ], [ -79.300613403473008, 39.074279785155163 ], [ -79.301322937164628, 39.074623107909019 ], [ -79.301895141754613, 39.074829101561384 ], [ -79.302200317535963, 39.074943542479382 ], [ -79.303558349762781, 39.075435638426633 ], [ -79.304199218903619, 39.075454711912982 ], [ -79.304939270173335, 39.075500488280142 ], [ -79.306434631501816, 39.075721740721548 ], [ -79.307197570955125, 39.075675964354332 ], [ -79.307929992830296, 39.075649261473544 ], [ -79.308723449861787, 39.075412750243032 ], [ -79.309150695955665, 39.07525634765517 ], [ -79.334571838540256, 39.081806182860156 ], [ -79.338729858560924, 39.082199096678515 ], [ -79.342910766765158, 39.083496093748792 ], [ -79.34590911881665, 39.084812164305511 ], [ -79.348960876629917, 39.088394165037869 ], [ -79.35022735612246, 39.091548919676555 ], [ -79.350257873700599, 39.092632293700014 ], [ -79.35015869157165, 39.092758178709722 ], [ -79.349433899090926, 39.093765258787911 ], [ -79.348907470868156, 39.094360351561356 ], [ -79.348472595379718, 39.09493637084838 ], [ -79.348266601727374, 39.09552764892458 ], [ -79.348480224774235, 39.0962142944324 ], [ -79.348541259930542, 39.096561431883558 ], [ -79.348487854168766, 39.097179412840624 ], [ -79.348403930828894, 39.097774505614076 ], [ -79.348289489910883, 39.098114013670681 ], [ -79.348236084149178, 39.098693847655063 ], [ -79.348236084149164, 39.099033355711754 ], [ -79.348182678387374, 39.099559783934382 ], [ -79.347984314129505, 39.100223541258607 ], [ -79.347518921062985, 39.100860595701917 ], [ -79.346992492840215, 39.101619720457776 ], [ -79.346969604656593, 39.102260589598473 ], [ -79.347030639812814, 39.102771759032002 ], [ -79.347068786785499, 39.103248596190198 ], [ -79.347061157390982, 39.103263854979282 ], [ -79.344200134440911, 39.109951019285958 ], [ -79.344001770183027, 39.110240936278139 ], [ -79.343360901042246, 39.110931396483238 ], [ -79.342834472819405, 39.111412048338707 ], [ -79.34210205094422, 39.112007141112088 ], [ -79.341110229654959, 39.112491607664836 ], [ -79.340469360514092, 39.112709045408998 ], [ -79.339614868326365, 39.112865447996846 ], [ -79.338500976724532, 39.112689971922663 ], [ -79.337936401529078, 39.112602233885539 ], [ -79.337379455728168, 39.112506866453913 ], [ -79.336524963540455, 39.112312316893352 ], [ -79.335731506508964, 39.112197875975383 ], [ -79.33532714859868, 39.11225128173713 ], [ -79.334854126137614, 39.112224578856264 ], [ -79.334472656410966, 39.112289428709843 ], [ -79.333999633949887, 39.112567901610227 ], [ -79.333335876625497, 39.113288879393394 ], [ -79.333068847816847, 39.113586425780106 ], [ -79.331787109535213, 39.11480331420784 ], [ -79.331176757972585, 39.115764617918771 ], [ -79.330741882484119, 39.116859436034048 ], [ -79.330451965491861, 39.117412567137578 ], [ -79.330368042152017, 39.117938995360163 ], [ -79.330169677894119, 39.118675231932507 ], [ -79.330612182777088, 39.119243621825078 ], [ -79.331039428870895, 39.12047958373914 ], [ -79.331420898597557, 39.121139526366093 ], [ -79.331573486488267, 39.121486663817215 ], [ -79.332015991371136, 39.122100830077038 ], [ -79.332138061683708, 39.122348785399254 ], [ -79.332405090492344, 39.122642517088707 ], [ -79.332878112953395, 39.123256683348529 ], [ -79.333145141762031, 39.123832702635546 ], [ -79.333351135414432, 39.124221801756647 ], [ -79.333595276039475, 39.12469863891485 ], [ -79.334037780922444, 39.125564575194161 ], [ -79.334068298500497, 39.12597656249887 ], [ -79.333930969398935, 39.126754760741072 ], [ -79.333526611488665, 39.127285003660951 ], [ -79.333145141762003, 39.12758636474495 ], [ -79.332443237464901, 39.128089904784034 ], [ -79.332206726234404, 39.128181457518416 ], [ -79.331298828284901, 39.128097534178593 ], [ -79.330474853675341, 39.128028869627727 ], [ -79.329505920569616, 39.128009796141491 ], [ -79.328208923499005, 39.128040313719545 ], [ -79.327156067053409, 39.128269195555532 ], [ -79.326301574865695, 39.128616333006676 ], [ -79.325256347814616, 39.129428863524303 ], [ -79.324729919591789, 39.129924774168856 ], [ -79.324645996251931, 39.130714416502776 ], [ -79.324798584142627, 39.131301879881697 ], [ -79.32539367691615, 39.132289886473515 ], [ -79.325660705724871, 39.132808685301612 ], [ -79.325805664220965, 39.133083343504723 ], [ -79.326133728185908, 39.1338119506825 ], [ -79.326881408850141, 39.135250091551647 ], [ -79.327323913733039, 39.135757446287911 ], [ -79.327804565588607, 39.136737823485198 ], [ -79.328224182287968, 39.137485504149261 ], [ -79.328636169592698, 39.138240814207833 ], [ -79.328666687170852, 39.138336181639474 ], [ -79.32836151138946, 39.141284942625802 ], [ -79.329086303870113, 39.146713256834865 ], [ -79.327400207678167, 39.150363922118018 ], [ -79.310707092439273, 39.171009063719659 ], [ -79.301933288725948, 39.186988830565355 ], [ -79.301788330229854, 39.187019348143501 ], [ -79.300468444975635, 39.187206268309524 ], [ -79.299438476713675, 39.187324523924786 ], [ -79.298385620268093, 39.187515258788068 ], [ -79.297416687162368, 39.187561035155213 ], [ -79.296180725248007, 39.18773269653213 ], [ -79.295066833646104, 39.18780136108299 ], [ -79.294387817532652, 39.188014984129794 ], [ -79.293533325344924, 39.188316345213792 ], [ -79.29312896743474, 39.188549041747045 ], [ -79.292778015286146, 39.188819885252904 ], [ -79.292518615872041, 39.18946075439348 ], [ -79.292282104641558, 39.19008255004784 ], [ -79.292228698879768, 39.190742492674786 ], [ -79.292236328274299, 39.191543579100511 ], [ -79.29238891616491, 39.191978454588835 ], [ -79.292419433743063, 39.19248199462794 ], [ -79.292922973782282, 39.193435668944339 ], [ -79.293075561672893, 39.193943023680603 ], [ -79.293815612942581, 39.194808959959914 ], [ -79.294288635403717, 39.194896697997002 ], [ -79.29777526870528, 39.197299957274375 ], [ -79.298690796049243, 39.197933197020411 ], [ -79.301025390776402, 39.199539184569325 ], [ -79.301940918120323, 39.200244903563409 ], [ -79.302352905425138, 39.200771331786093 ], [ -79.30292511001511, 39.201568603514566 ], [ -79.303398132476161, 39.202136993407137 ], [ -79.30404663101146, 39.203022003172791 ], [ -79.306098938140892, 39.206153869627862 ], [ -79.307228088531758, 39.20804595947159 ], [ -79.307884216461588, 39.209163665770475 ], [ -79.30856323257504, 39.209796905516534 ], [ -79.309570312653364, 39.21055221557512 ], [ -79.309806823883932, 39.210731506346598 ], [ -79.310577392731801, 39.211093902586811 ], [ -79.311691284333619, 39.21117782592674 ], [ -79.312454223786929, 39.21104049682512 ], [ -79.313835144197469, 39.210807800291875 ], [ -79.314979553377469, 39.210460662840731 ], [ -79.31642150894416, 39.209930419920859 ], [ -79.317153930819401, 39.209671020506725 ], [ -79.318412780917413, 39.209278106688437 ], [ -79.319763183749714, 39.209068298338813 ], [ -79.320617675937427, 39.208992004393529 ], [ -79.321388244785297, 39.20910644531142 ], [ -79.322151184238606, 39.209285736082883 ], [ -79.322944641270084, 39.209598541258693 ], [ -79.323402404942044, 39.209716796873941 ], [ -79.323554992832769, 39.209812164305575 ], [ -79.324813842930666, 39.210189819334879 ], [ -79.325813293614559, 39.210868835448167 ], [ -79.326637268224118, 39.211578369139517 ], [ -79.327613830724374, 39.212459564207911 ], [ -79.328918457189516, 39.213462829588806 ], [ -79.329566955724886, 39.213989257811413 ], [ -79.330482483068835, 39.214576721190348 ], [ -79.331367492834715, 39.215030670164914 ], [ -79.331840515295767, 39.215236663817286 ], [ -79.333312988440639, 39.215183258055582 ], [ -79.333930969397869, 39.215221405028203 ], [ -79.33481597916375, 39.21519851684458 ], [ -79.336135864418011, 39.214984893797769 ], [ -79.337394714515995, 39.214572906493039 ], [ -79.338714599770242, 39.214107513426654 ], [ -79.340270996254972, 39.213409423827009 ], [ -79.341148376626336, 39.213062286375866 ], [ -79.342117309732075, 39.212646484373884 ], [ -79.343261718912061, 39.211956024168785 ], [ -79.344223022623268, 39.211380004881661 ], [ -79.345252990885257, 39.210800170897372 ], [ -79.347427368327232, 39.21008300781137 ], [ -79.348480224772828, 39.209915161131704 ], [ -79.349243164226138, 39.209751129149325 ], [ -79.349914550945087, 39.209476470946093 ], [ -79.350860595867218, 39.209197998045731 ], [ -79.3517074586604, 39.209083557127833 ], [ -79.352737426922474, 39.209072113036022 ], [ -79.354118347332957, 39.208858489989119 ], [ -79.355323791669264, 39.208667755125838 ], [ -79.356552124189122, 39.208072662352372 ], [ -79.357757568525372, 39.207378387450021 ], [ -79.358810424970969, 39.20666503906137 ], [ -79.360527038740997, 39.204486846922698 ], [ -79.360603332686324, 39.204277038573089 ], [ -79.37032318132178, 39.204128265379737 ], [ -79.37448883073705, 39.204521179198018 ], [ -79.378051757984053, 39.204467773436335 ], [ -79.383552551442719, 39.200893402098387 ], [ -79.38378906267323, 39.200870513914865 ], [ -79.385231018240049, 39.200637817381612 ], [ -79.386459350759921, 39.200149536131583 ], [ -79.387336731131285, 39.199577331541747 ], [ -79.388626098807407, 39.19850921630735 ], [ -79.389526367362379, 39.197887420653096 ], [ -79.390579223808004, 39.197200775145269 ], [ -79.391395569023061, 39.196163177489012 ], [ -79.391548156913785, 39.195919036864055 ], [ -79.397377014337351, 39.194198608397244 ], [ -79.421676635926417, 39.192470550535845 ], [ -79.426437378115324, 39.192848205565134 ], [ -79.429985046573435, 39.192337036131484 ], [ -79.435317993352399, 39.190727233885411 ], [ -79.436401367376106, 39.191471099852173 ], [ -79.437469482610794, 39.192199707029957 ], [ -79.438766479681547, 39.192581176756519 ], [ -79.43938446063872, 39.192455291746725 ], [ -79.440292358588252, 39.192207336424495 ], [ -79.441078186225155, 39.191699981688139 ], [ -79.441459655951832, 39.191215515135397 ], [ -79.441886902045781, 39.190048217772087 ], [ -79.442207336616164, 39.188945770262364 ], [ -79.442276001167016, 39.188625335692024 ], [ -79.460021972852246, 39.183258056639211 ], [ -79.469482422073909, 39.181747436522016 ], [ -79.474227905473924, 39.181671142576704 ], [ -79.474472046098953, 39.181743621824729 ], [ -79.476783752642646, 39.183097839354048 ], [ -79.477706909381183, 39.183990478514232 ], [ -79.478836059772135, 39.185722351072833 ], [ -79.479644775592718, 39.18722152709821 ], [ -79.480125427448343, 39.188201904295482 ], [ -79.481018066608797, 39.189556121824715 ], [ -79.482383728230261, 39.190826416014197 ], [ -79.483390808308727, 39.191524505613828 ], [ -79.484214782918329, 39.192054748533714 ], [ -79.485458374227321, 39.192661285398977 ], [ -79.487106323446639, 39.192695617674303 ], [ -79.48828125020475, 39.19264221191262 ], [ -79.490043640342094, 39.192241668699708 ], [ -79.490806579795475, 39.191997528074758 ], [ -79.494827270714694, 39.196754455564964 ], [ -79.49727630635995, 39.199436187742712 ], [ -79.499786377161499, 39.204383850096193 ], [ -79.500465393274965, 39.207546234129403 ], [ -79.50000000020826, 39.212089538572755 ], [ -79.500083923548132, 39.215259552000511 ], [ -79.493904113975546, 39.228054046629453 ], [ -79.489173889364579, 39.234363555906747 ], [ -79.487953186239181, 39.235576629637279 ], [ -79.486442566121482, 39.237075805662649 ], [ -79.485481262410232, 39.237861633299403 ], [ -79.484397888386397, 39.238712310789616 ], [ -79.483871460163613, 39.239128112791605 ], [ -79.482910156452363, 39.239795684813096 ], [ -79.482032776080956, 39.240558624266228 ], [ -79.480979919635288, 39.24138259887556 ], [ -79.473014831741978, 39.249401092527954 ], [ -79.46847534199442, 39.2539672851549 ], [ -79.467102050978312, 39.254940032957649 ], [ -79.466285705763241, 39.255744934080667 ], [ -79.465026855665158, 39.256687164305262 ], [ -79.463829040723397, 39.257678985594367 ], [ -79.462455749707303, 39.258831024168593 ], [ -79.461585998730428, 39.259963989256477 ], [ -79.458320617870072, 39.262996673582649 ], [ -79.456985473826677, 39.264991760252563 ], [ -79.452293396188423, 39.270259857176427 ], [ -79.448936462593565, 39.27363967895382 ], [ -79.4373855592696, 39.284961700438203 ], [ -79.434959411807867, 39.287143707274126 ], [ -79.433471679873833, 39.288658142088579 ], [ -79.431541443056815, 39.290252685545582 ], [ -79.428764343446574, 39.292621612547627 ], [ -79.425865173523889, 39.294540405272166 ], [ -79.424018860046729, 39.295707702635482 ], [ -79.422554016296345, 39.296360015867876 ], [ -79.416435241880421, 39.30062866210821 ], [ -79.414855957211927, 39.302055358885539 ], [ -79.413894653500691, 39.303039550780021 ], [ -79.412910461605918, 39.304130554198039 ], [ -79.412818908871515, 39.304241180418757 ], [ -79.411033630550605, 39.305709838865972 ], [ -79.409889221370577, 39.306610107420695 ], [ -79.408866882503091, 39.307388305662911 ], [ -79.407432556330789, 39.308406829832805 ], [ -79.401901245293999, 39.312461853026214 ], [ -79.400146484551357, 39.313934326170703 ], [ -79.398475647148473, 39.315383911131647 ], [ -79.397628784355263, 39.315849304198068 ], [ -79.392768860037464, 39.31964492797735 ], [ -79.390869140798614, 39.321487426756676 ], [ -79.388854980641767, 39.323230743407109 ], [ -79.387863159352378, 39.32447433471571 ], [ -79.387016296559167, 39.325256347655092 ], [ -79.386108398609736, 39.326019287108224 ], [ -79.38578033464475, 39.326351165770369 ], [ -79.381874084643641, 39.329086303709794 ], [ -79.362083435224022, 39.345703124998941 ], [ -79.344024658363537, 39.360931396483323 ], [ -79.326545715487725, 39.375698089598586 ], [ -79.307884216459456, 39.391384124754914 ], [ -79.306762695463092, 39.392345428465866 ], [ -79.30565643325572, 39.39271926879789 ], [ -79.304626464993774, 39.39272308349517 ], [ -79.30315399184893, 39.392982482909211 ], [ -79.299484253078418, 39.395946502684602 ], [ -79.297164917140307, 39.397518157958089 ], [ -79.295883178858787, 39.398960113524538 ], [ -79.294883728174881, 39.400249481200269 ], [ -79.293983459620009, 39.401344299315539 ], [ -79.293190002588531, 39.402400970458032 ], [ -79.291725158838119, 39.404079437254985 ], [ -79.290412902978431, 39.405296325682691 ], [ -79.288711547997565, 39.40707015991125 ], [ -79.287338256981542, 39.40835571288973 ], [ -79.285896301414851, 39.409507751463977 ], [ -79.280792236472152, 39.413650512694481 ], [ -79.278327942037947, 39.415649414061662 ], [ -79.276428222799211, 39.417854309081122 ], [ -79.27560424818958, 39.418930053710064 ], [ -79.275550842427862, 39.41975021362223 ], [ -79.276092529439666, 39.420665740965923 ], [ -79.276985168600064, 39.421760559081115 ], [ -79.277992248678359, 39.422946929930774 ], [ -79.278587341451967, 39.423610687254985 ], [ -79.279365539694325, 39.424682617186647 ], [ -79.279724121237351, 39.425552368163217 ], [ -79.280082702780376, 39.426616668700333 ], [ -79.280212402487464, 39.427467346190568 ], [ -79.2802734376437, 39.427738189696427 ], [ -79.280387878561683, 39.428310394286257 ], [ -79.280372619772606, 39.429912567137798 ], [ -79.280822754050106, 39.430805206297997 ], [ -79.281127929831428, 39.431873321532294 ], [ -79.281013488913416, 39.433094024657365 ], [ -79.280548095846882, 39.433986663817464 ], [ -79.280174255514765, 39.435089111327294 ], [ -79.279769897604467, 39.435859680174957 ], [ -79.278915405416768, 39.436916351317549 ], [ -79.278656006002578, 39.437656402587052 ], [ -79.279190063619936, 39.438220977782343 ], [ -79.279899597311456, 39.438629150389815 ], [ -79.280876159811712, 39.438941955565525 ], [ -79.281471252585291, 39.439544677733515 ], [ -79.282310485983899, 39.440631866454233 ], [ -79.274772644185106, 39.452327728270639 ], [ -79.274215698384211, 39.452499389647592 ], [ -79.273124694965944, 39.452846527098814 ], [ -79.272148132465787, 39.453052520751079 ], [ -79.271003723285816, 39.453285217284318 ], [ -79.270065307758273, 39.453914642333118 ], [ -79.269592285297136, 39.454299926756946 ], [ -79.268394470355474, 39.456047058104652 ], [ -79.268096923968656, 39.45634460449137 ], [ -79.267105102679409, 39.457489013671058 ], [ -79.263931274553627, 39.4591560363761 ], [ -79.26263427748296, 39.459545135497208 ], [ -79.262069702287533, 39.459846496581193 ], [ -79.260719299455246, 39.460678100585071 ], [ -79.259689331193215, 39.460697174071434 ], [ -79.258598327775033, 39.460983276366356 ], [ -79.257659912247476, 39.461719512938608 ], [ -79.25674438490347, 39.462364196776555 ], [ -79.255867004532149, 39.462982177733544 ], [ -79.254776001113981, 39.463760375975745 ], [ -79.253692627090246, 39.464477539061733 ], [ -79.252723693984549, 39.465187072753089 ], [ -79.251342773574109, 39.466182708739453 ], [ -79.250610351698953, 39.466869354247194 ], [ -79.249221801893896, 39.467853546141754 ], [ -79.247932434217844, 39.468521118163231 ], [ -79.247138977186395, 39.469085693358558 ], [ -79.246551513807333, 39.469539642333146 ], [ -79.245018005506211, 39.469684600829282 ], [ -79.24344635023246, 39.469638824462059 ], [ -79.242355346814207, 39.469692230223828 ], [ -79.241294860974108, 39.470088958739467 ], [ -79.240089416637929, 39.470802307128103 ], [ -79.239624023571423, 39.471286773680852 ], [ -79.239212036266608, 39.471965789794133 ], [ -79.238922119274349, 39.472888946532393 ], [ -79.238517761364065, 39.47373962402262 ], [ -79.237220764293482, 39.474632263182805 ], [ -79.235862732066593, 39.474845886229701 ], [ -79.234390258921792, 39.47499084472576 ], [ -79.233299255503553, 39.474967956542244 ], [ -79.231880188120414, 39.475296020507024 ], [ -79.230941772592871, 39.475738525389808 ], [ -79.230003357065328, 39.476535797118359 ], [ -79.229919433725385, 39.477294921874226 ], [ -79.229927063119902, 39.478618621825376 ], [ -79.230079651010612, 39.47941589355392 ], [ -79.23040771497547, 39.480266571044147 ], [ -79.230712890756806, 39.481201171874211 ], [ -79.230773925913113, 39.482345581053913 ], [ -79.230659484995087, 39.482852935790262 ], [ -79.230461120737218, 39.483760833739439 ], [ -79.229759216440158, 39.484657287596903 ], [ -79.228698730600044, 39.485671997069524 ], [ -79.227668762338112, 39.486652374266811 ], [ -79.226791381966791, 39.487739562987549 ], [ -79.225502014290754, 39.48931503295821 ], [ -79.224510193001436, 39.491107940673039 ], [ -79.2233886720051, 39.491638183593018 ], [ -79.222450256477558, 39.492507934569595 ], [ -79.221542358528083, 39.493793487548061 ], [ -79.220542907844305, 39.494853973387912 ], [ -79.219551086554986, 39.495864868163274 ], [ -79.218902588019702, 39.496646881102741 ], [ -79.21781921399598, 39.497718811034403 ], [ -79.217231750617032, 39.498569488524637 ], [ -79.216087341437074, 39.499942779540305 ], [ -79.210784912236591, 39.507316589354716 ], [ -79.211166381963224, 39.507541656493423 ], [ -79.21178436292044, 39.507747650145781 ], [ -79.212524414190113, 39.50780105590745 ], [ -79.21329498303794, 39.507728576659417 ], [ -79.214057922491222, 39.50760269164963 ], [ -79.214828491339063, 39.507347106932869 ], [ -79.216011047491591, 39.50725936889576 ], [ -79.216575622687031, 39.507049560546115 ], [ -79.217109680304389, 39.506870269774659 ], [ -79.217697143683424, 39.506740570067578 ], [ -79.218231201300696, 39.506649017333217 ], [ -79.218498230109333, 39.506511688231697 ], [ -79.221054077277842, 39.50661087036061 ], [ -79.221992492805427, 39.509567260741456 ], [ -79.228218078744163, 39.51519393920826 ], [ -79.22823333753324, 39.515289306639893 ], [ -79.228408813607487, 39.515632629393764 ], [ -79.228675842416195, 39.516326904296129 ], [ -79.228935241830285, 39.516685485839083 ], [ -79.229202270638908, 39.516963958739474 ], [ -79.229942321908595, 39.517517089842961 ], [ -79.230407714975087, 39.5179748535149 ], [ -79.230705261361862, 39.518505096434794 ], [ -79.231262207162743, 39.519096374510987 ], [ -79.231582641733169, 39.519554138182833 ], [ -79.231910705698098, 39.52024459838794 ], [ -79.232170105112218, 39.520660400389836 ], [ -79.232521057260684, 39.521087646483629 ], [ -79.233055114878042, 39.521644592284389 ], [ -79.233261108530343, 39.521942138671122 ], [ -79.233703613413297, 39.522583007811733 ], [ -79.233901977671181, 39.522853851317571 ], [ -79.234405517710272, 39.523315429686782 ], [ -79.234909057749462, 39.523727416991413 ], [ -79.237144470347658, 39.525314331053956 ], [ -79.240234375133397, 39.527667999266811 ], [ -79.240882873668781, 39.528247833251207 ], [ -79.241233825817261, 39.528587341307791 ], [ -79.24176788343452, 39.528999328612528 ], [ -79.241821289196309, 39.529052734374204 ], [ -79.242156982555699, 39.529689788817613 ], [ -79.242309570446409, 39.53051757812424 ], [ -79.24211120618854, 39.530742645262947 ], [ -79.240661621227247, 39.531883239745355 ], [ -79.239807129039562, 39.532268524169197 ], [ -79.239479065074605, 39.532611846923054 ], [ -79.238792419566593, 39.533340454100774 ], [ -79.238082885875087, 39.533889770507074 ], [ -79.23770141614844, 39.534271240233643 ], [ -79.237136840952999, 39.534851074218039 ], [ -79.236305236948937, 39.535690307616434 ], [ -79.235855102671408, 39.536075592040284 ], [ -79.235237121714277, 39.536720275878153 ], [ -79.23476409925324, 39.537216186522706 ], [ -79.234489441050073, 39.537704467772706 ], [ -79.234222412241351, 39.538108825682798 ], [ -79.233840942514703, 39.538654327391846 ], [ -79.233779907358453, 39.53893661498951 ], [ -79.23383331312013, 39.539409637450433 ], [ -79.234069824350698, 39.539943695067599 ], [ -79.234306335581167, 39.540447235106683 ], [ -79.234626770151564, 39.540966033934829 ], [ -79.235069275034434, 39.541637420653501 ], [ -79.235504150522857, 39.542324066161342 ], [ -79.235771179331493, 39.542781829833181 ], [ -79.236007690562033, 39.543418884276612 ], [ -79.236122131479959, 39.544036865233601 ], [ -79.236114502085513, 39.544857025145767 ], [ -79.236053466929178, 39.545482635497287 ], [ -79.236053466929178, 39.545913696288345 ], [ -79.235931396616607, 39.546558380126214 ], [ -79.235664367807971, 39.547245025634069 ], [ -79.235305786264945, 39.547832489012961 ], [ -79.234977722299973, 39.548240661620326 ], [ -79.234413147104547, 39.548881530761015 ], [ -79.234001159799831, 39.549221038817628 ], [ -79.233352661264448, 39.549613952636001 ], [ -79.232521057260385, 39.550140380858615 ], [ -79.231689453256308, 39.550548553466072 ], [ -79.230949401986621, 39.551116943358629 ], [ -79.229408264290967, 39.552074432372308 ], [ -79.223175048957486, 39.557956695555887 ], [ -79.222465515265966, 39.558780670165319 ], [ -79.218818664679191, 39.561286926268785 ], [ -79.217453003057756, 39.56236267089772 ], [ -79.214248657353949, 39.565307617186775 ], [ -79.206672668582698, 39.572605133055959 ], [ -79.202194213991874, 39.576641082762954 ], [ -79.201713562136305, 39.577323913573522 ], [ -79.200973510866618, 39.578304290770795 ], [ -79.199218750124004, 39.580314636229794 ], [ -79.197906494264373, 39.582160949706385 ], [ -79.196479797486717, 39.583808898925071 ], [ -79.192466735962412, 39.588050842284517 ], [ -79.191276550415296, 39.589878082274751 ], [ -79.190475463989301, 39.591114044188814 ], [ -79.190284729125963, 39.593261718749325 ], [ -79.190193176391574, 39.59374237060478 ], [ -79.190040588500949, 39.594261169432954 ], [ -79.189773559692213, 39.594768524169233 ], [ -79.18908691418433, 39.595771789550135 ], [ -79.188697815063151, 39.596389770507123 ], [ -79.187843322875466, 39.597118377684922 ], [ -79.18618011486727, 39.597988128661498 ], [ -79.185409546019443, 39.598232269286456 ], [ -79.184310913206772, 39.598415374755191 ], [ -79.182746887327482, 39.59898376464777 ], [ -79.181648254514812, 39.599544525145816 ], [ -79.1795730592018, 39.600982666014964 ], [ -79.178825378537582, 39.601558685302074 ], [ -79.177696228146743, 39.602401733397762 ], [ -79.176811218380919, 39.603019714354836 ], [ -79.173751831173234, 39.605541229247365 ], [ -79.172531128047993, 39.606773376464169 ], [ -79.17119598400474, 39.607849121093103 ], [ -79.169891357539669, 39.60868835449152 ], [ -79.168907165644896, 39.609073638915369 ], [ -79.168434143183873, 39.609352111815738 ], [ -79.167190551875009, 39.610397338866505 ], [ -79.166473388788972, 39.611034393309936 ], [ -79.16239929210839, 39.614746093749389 ], [ -79.161125183221458, 39.615894317626342 ], [ -79.160675048944057, 39.616737365722024 ], [ -79.159187317010094, 39.618148803710312 ], [ -79.157348632927651, 39.619609832763075 ], [ -79.155235290642139, 39.621387481688814 ], [ -79.153694152946514, 39.622497558593182 ], [ -79.152442932243133, 39.623371124266946 ], [ -79.150840759391258, 39.624511718749353 ], [ -79.14971160900042, 39.625232696532599 ], [ -79.14852905284782, 39.625854492186861 ], [ -79.147575378531215, 39.62639236450137 ], [ -79.1455307007964, 39.627941131591243 ], [ -79.143920898549993, 39.629108428954467 ], [ -79.14294433604978, 39.630016326903721 ], [ -79.141845703237095, 39.630840301513082 ], [ -79.140739441029865, 39.632572174071683 ], [ -79.139457702748345, 39.633327484130277 ], [ -79.138244629017649, 39.633758544921328 ], [ -79.137031555286896, 39.634189605712294 ], [ -79.136085510364836, 39.63436508178652 ], [ -79.134544372669311, 39.63463973998963 ], [ -79.133300781360475, 39.634746551513075 ], [ -79.132530212512663, 39.634925842284566 ], [ -79.130805969348245, 39.635356903075618 ], [ -79.129684448351981, 39.635948181151804 ], [ -79.128906250109623, 39.636749267577535 ], [ -79.128341674914211, 39.637382507323686 ], [ -79.127922058214864, 39.638160705565795 ], [ -79.127388000597605, 39.638774871825603 ], [ -79.127174377550674, 39.639648437499446 ], [ -79.12693023692556, 39.640514373778757 ], [ -79.126808166613088, 39.641113281249403 ], [ -79.126541137804381, 39.642021179198665 ], [ -79.126296997179367, 39.642642974852919 ], [ -79.126152038683301, 39.642936706542379 ], [ -79.125968933214423, 39.643211364745483 ], [ -79.12582397471833, 39.643531799315831 ], [ -79.12557983409333, 39.64414215087838 ], [ -79.125373840440929, 39.644302368163501 ], [ -79.123413086045971, 39.645256042479915 ], [ -79.1216583253035, 39.646327972411584 ], [ -79.119552612412463, 39.647403717040412 ], [ -79.118041992295005, 39.648284912108799 ], [ -79.116134643661823, 39.649902343749424 ], [ -79.114830017196681, 39.650749206542379 ], [ -79.11334228526286, 39.651317596434957 ], [ -79.112098693954024, 39.651603698729879 ], [ -79.111000061141283, 39.651947021483849 ], [ -79.109817504988754, 39.652442932128402 ], [ -79.108985900984734, 39.653110504149872 ], [ -79.108329773054834, 39.653610229491605 ], [ -79.107879638777419, 39.654109954833423 ], [ -79.107376098738243, 39.654518127440866 ], [ -79.106750488386609, 39.654953002929126 ], [ -79.105743408308342, 39.655269622802201 ], [ -79.104911804304209, 39.655349731444765 ], [ -79.103965759382177, 39.655284881591278 ], [ -79.103401184186765, 39.655189514159623 ], [ -79.102577209577262, 39.655029296874417 ], [ -79.101272583112134, 39.65465927123968 ], [ -79.10009765635418, 39.654289245604907 ], [ -79.09817504893195, 39.653347015380305 ], [ -79.096908569439535, 39.652858734130305 ], [ -79.096015930279279, 39.652740478515049 ], [ -79.095367431743909, 39.652851104735767 ], [ -79.094238281353114, 39.653144836425213 ], [ -79.093292236431068, 39.653575897216299 ], [ -79.09251403818871, 39.654403686522919 ], [ -79.091857910258923, 39.655311584472152 ], [ -79.091560363872119, 39.656204223632258 ], [ -79.090248108012531, 39.657382965087386 ], [ -79.089263916117787, 39.658912658690909 ], [ -79.088333129984818, 39.660125732421349 ], [ -79.086753845316608, 39.661720275878345 ], [ -79.085861206156252, 39.662471771239673 ], [ -79.084312439066096, 39.664024353026811 ], [ -79.083412170511295, 39.665092468261207 ], [ -79.067352295020157, 39.671051025390085 ], [ -79.066947937109916, 39.670639038085461 ], [ -79.06615448007858, 39.670021057128388 ], [ -79.065536499121421, 39.669422149657741 ], [ -79.064712524511933, 39.669052124022897 ], [ -79.063674926855526, 39.668891906737784 ], [ -79.062522888281094, 39.668724060058111 ], [ -79.06154632578091, 39.668697357177237 ], [ -79.060005188085327, 39.668903350829581 ], [ -79.058341980077273, 39.66912078857375 ], [ -79.057067871190299, 39.669570922851072 ], [ -79.055877685643182, 39.670280456542521 ], [ -79.055168151951719, 39.670757293700724 ], [ -79.054748535252386, 39.67142105102495 ], [ -79.054557800389063, 39.672496795653778 ], [ -79.054504394627372, 39.672725677489758 ], [ -79.053962707615582, 39.67350006103468 ], [ -79.052947998142699, 39.674526214599126 ], [ -79.051437378025255, 39.67529296874951 ], [ -79.049598693942897, 39.675609588622599 ], [ -79.047340393161292, 39.675785064696804 ], [ -79.045509338473465, 39.675956726073743 ], [ -79.043548584078664, 39.676177978515192 ], [ -79.041625976656462, 39.676399230956527 ], [ -79.040557861421888, 39.676696777343246 ], [ -79.039459228609232, 39.677417755126513 ], [ -79.038887024019289, 39.678359985351108 ], [ -79.038673400972357, 39.679157257079567 ], [ -79.0385513306598, 39.679935455321768 ], [ -79.038299560640255, 39.682037353515142 ], [ -79.038322448823862, 39.68327713012647 ], [ -79.038246154878465, 39.683670043944836 ], [ -79.03608703622578, 39.684726715087429 ], [ -79.02777862557987, 39.687549591063956 ], [ -79.027656555267342, 39.687564849853025 ], [ -79.027481079193109, 39.687480926513189 ], [ -79.026535034271078, 39.687164306640206 ], [ -79.025497436614685, 39.686813354491726 ], [ -79.024345398040268, 39.686645507812059 ], [ -79.023162841887711, 39.686534881591335 ], [ -79.022064209075069, 39.686614990233899 ], [ -79.020286560149032, 39.687526702880426 ], [ -79.019271850676162, 39.688179016112855 ], [ -79.019248962492625, 39.688194274901917 ], [ -79.001945495692993, 39.688709259032755 ], [ -78.999969482509172, 39.683013916015184 ], [ -78.998016357508845, 39.681972503661669 ], [ -78.997398376551757, 39.681793212890206 ], [ -78.996391296473433, 39.681640624999538 ], [ -78.995269775477169, 39.681598663329652 ], [ -78.994026184168391, 39.681507110595284 ], [ -78.993225097742453, 39.681461334228061 ], [ -78.992660522547069, 39.681564331054247 ], [ -78.991477966394598, 39.681819915771101 ], [ -78.990890503015592, 39.681884765624602 ], [ -78.989967346277183, 39.681980133056236 ], [ -78.989265441980166, 39.682033538817905 ], [ -78.988166809167453, 39.682121276855007 ], [ -78.986892700280606, 39.682247161864815 ], [ -78.986129760827367, 39.682365417480057 ], [ -78.985092163170975, 39.682525634765206 ], [ -78.983558654869938, 39.682876586913601 ], [ -78.982963562096401, 39.682994842528863 ], [ -78.982139587486927, 39.683204650878494 ], [ -78.981460571373532, 39.683361053466363 ], [ -78.98042297371714, 39.683822631835568 ], [ -78.979804992759966, 39.684192657470305 ], [ -78.979156494224725, 39.684692382812045 ], [ -78.978713989341884, 39.685085296630419 ], [ -78.978218078697253, 39.685680389403878 ], [ -78.977806091392466, 39.686073303222251 ], [ -78.977333068931472, 39.686557769775007 ], [ -78.976600647056387, 39.687446594237912 ], [ -78.976249694907821, 39.687908172607031 ], [ -78.975952148521145, 39.688369750976165 ], [ -78.975715637290591, 39.68870925903277 ], [ -78.975334167563972, 39.689029693603118 ], [ -78.974983215415506, 39.689537048339481 ], [ -78.974716186606784, 39.689743041991733 ], [ -78.974189758384099, 39.690219879149943 ], [ -78.973747253501259, 39.690479278564069 ], [ -78.973213195883915, 39.690708160399943 ], [ -78.97268676766123, 39.690895080565966 ], [ -78.97221374520025, 39.690937042235909 ], [ -78.971710205161074, 39.690849304198821 ], [ -78.971412658774312, 39.690593719482067 ], [ -78.971054077231315, 39.69032669067338 ], [ -78.970695495688318, 39.689964294433182 ], [ -78.970245361410846, 39.689510345458594 ], [ -78.969772338949824, 39.689075469970248 ], [ -78.969383239828673, 39.688594818114872 ], [ -78.968879699789611, 39.688053131103096 ], [ -78.968582153402835, 39.687702178954687 ], [ -78.968223571859866, 39.687301635741775 ], [ -78.967597961508147, 39.68680191039995 ], [ -78.967453003012068, 39.686706542968324 ], [ -78.966918945394752, 39.686496734618778 ], [ -78.966293335043133, 39.686531066894126 ], [ -78.965408325277366, 39.686462402343373 ], [ -78.964668274007749, 39.686737060546477 ], [ -78.964141845784965, 39.686988830565966 ], [ -78.963699340902124, 39.687267303466356 ], [ -78.962959289632494, 39.687679290771072 ], [ -78.9617538452963, 39.689083099364808 ], [ -78.961219787679084, 39.689586639403892 ], [ -78.960807800374312, 39.689815521239858 ], [ -78.96010589607738, 39.690414428710511 ], [ -78.958625793538062, 39.691329956054297 ], [ -78.958099365315363, 39.692314147948871 ], [ -78.956283569416627, 39.695320129394133 ], [ -78.954727172931996, 39.696830749511314 ], [ -78.953720092853757, 39.697776794433189 ], [ -78.952606201251982, 39.698581695556271 ], [ -78.949974060138331, 39.700344085692933 ], [ -78.948387146075646, 39.701423645019148 ], [ -78.946701049883913, 39.702510833739879 ], [ -78.945030212481356, 39.704250335692954 ], [ -78.944175720293757, 39.705261230468395 ], [ -78.943885803301512, 39.705810546874602 ], [ -78.943321228106129, 39.706424713134432 ], [ -78.942115783769964, 39.707508087157798 ], [ -78.941642761308955, 39.708011627196896 ], [ -78.941291809160489, 39.708312988280888 ], [ -78.939964294511881, 39.709087371825831 ], [ -78.938842773515631, 39.709827423095355 ], [ -78.93795776374985, 39.710472106933217 ], [ -78.937103271562236, 39.711391448974204 ], [ -78.936485290605077, 39.712097167968366 ], [ -78.935836792069821, 39.712764739989858 ], [ -78.935340881425219, 39.713630676269169 ], [ -78.9349594116986, 39.714229583739886 ], [ -78.934783935624367, 39.714595794677379 ], [ -78.934494018632137, 39.71521759033164 ], [ -78.934288024979736, 39.71572113037071 ], [ -78.933990478593046, 39.716361999511321 ], [ -78.933464050370276, 39.717048645019155 ], [ -78.933052063065503, 39.717510223388281 ], [ -78.932609558182662, 39.718128204345341 ], [ -78.931930542069267, 39.718807220458636 ], [ -78.931198120194182, 39.71936416625941 ], [ -78.930366516190176, 39.719959259032869 ], [ -78.929893493729097, 39.720211029052372 ], [ -78.928802490311028, 39.720626831054361 ], [ -78.927505493240574, 39.721183776855128 ], [ -78.926589965896639, 39.721782684325852 ], [ -78.925910949783244, 39.722236633300433 ], [ -78.925056457595616, 39.722831726073892 ], [ -78.924346923904181, 39.723407745360916 ], [ -78.923965454177548, 39.724231719970355 ], [ -78.923706054763386, 39.724597930907841 ], [ -78.923088073806312, 39.725421905517187 ], [ -78.92253112800546, 39.726295471191037 ], [ -78.922119140700687, 39.72703170776326 ], [ -78.921676635817846, 39.727741241454709 ], [ -78.920967102126298, 39.728519439696939 ], [ -78.919761657790218, 39.729667663573878 ], [ -78.919113159254991, 39.730167388915703 ], [ -78.918258667067278, 39.730972290038693 ], [ -78.917053222731198, 39.73210144042929 ], [ -78.915016174391056, 39.733978271484048 ], [ -78.914749145582419, 39.734321594237919 ], [ -78.914283752515971, 39.735492706298523 ], [ -78.913963317945672, 39.736656188964545 ], [ -78.91417694099249, 39.737503051757507 ], [ -78.914443969801098, 39.738071441650078 ], [ -78.914802551344181, 39.738479614257429 ], [ -78.915306091383229, 39.739105224609041 ], [ -78.915931701734948, 39.73969650268522 ], [ -78.91638183601232, 39.740013122558217 ], [ -78.91646575935215, 39.740081787109062 ], [ -78.916824340895246, 39.740348815917642 ], [ -78.917274475172619, 39.740604400634396 ], [ -78.91786956794617, 39.741123199462557 ], [ -78.918312072828982, 39.7416954040524 ], [ -78.918609619215758, 39.742034912108998 ], [ -78.918968200758769, 39.742431640624645 ], [ -78.919120788649352, 39.743019104003558 ], [ -78.918945312575119, 39.743709564208672 ], [ -78.918266296461738, 39.744552612304368 ], [ -78.917533874586653, 39.745201110839496 ], [ -78.916297912672448, 39.746158599853182 ], [ -78.915435791090275, 39.746852874755554 ], [ -78.915031433180047, 39.747859954833629 ], [ -78.914916992262121, 39.748519897460582 ], [ -78.914710998609735, 39.749687194823878 ], [ -78.91451263435188, 39.750965118407898 ], [ -78.914428711012022, 39.751605987548508 ], [ -78.91416931159786, 39.753047943114922 ], [ -78.913871765211098, 39.753555297851193 ], [ -78.913284301832164, 39.754653930663736 ], [ -78.912727356031226, 39.755752563476186 ], [ -78.912551879957007, 39.75650787353478 ], [ -78.912437439039081, 39.757305145263324 ], [ -78.912239074781226, 39.757968902587542 ], [ -78.91165161140222, 39.759185791015263 ], [ -78.911155700757604, 39.760375976562159 ], [ -78.91091918952705, 39.76111221313441 ], [ -78.910751342847362, 39.762340545653949 ], [ -78.910812378003683, 39.763374328612912 ], [ -78.910942077710644, 39.765335083007493 ], [ -78.911033630445019, 39.766250610351214 ], [ -78.911369323804493, 39.767436981200852 ], [ -78.911544799878712, 39.767959594726186 ], [ -78.911788940503698, 39.76897048950164 ], [ -78.911880493238087, 39.769500732421513 ], [ -78.912239074781155, 39.770408630370781 ], [ -78.912483215406155, 39.770885467528984 ], [ -78.912872314527306, 39.771293640136356 ], [ -78.91358184821884, 39.771755218505554 ], [ -78.914413452222817, 39.772071838378551 ], [ -78.915039062574422, 39.772186279296527 ], [ -78.916160583570658, 39.772037506103224 ], [ -78.917228698805189, 39.771831512450859 ], [ -78.917999267652974, 39.771652221679375 ], [ -78.91867828376634, 39.771621704101229 ], [ -78.919090271071113, 39.771667480468366 ], [ -78.919715881422732, 39.771980285644169 ], [ -78.920166015700104, 39.772533416747677 ], [ -78.920463562086866, 39.773170471191094 ], [ -78.920791626051781, 39.773902893066065 ], [ -78.920974731520559, 39.77466201782191 ], [ -78.921073913649465, 39.775844573974283 ], [ -78.921401977614394, 39.776943206786754 ], [ -78.920997619704139, 39.778045654296584 ], [ -78.920555114821198, 39.779006958007429 ], [ -78.920295715407136, 39.78003311157196 ], [ -78.9202346802509, 39.78071975707978 ], [ -78.920211792067292, 39.78106307983365 ], [ -78.920303344801667, 39.782138824462585 ], [ -78.920547485426653, 39.782546997069936 ], [ -78.920722961500957, 39.782997131347351 ], [ -78.920814514235346, 39.78352737426723 ], [ -78.920669555739181, 39.784008026122699 ], [ -78.920585632399323, 39.784698486327798 ], [ -78.920410156325104, 39.785316467284787 ], [ -78.920204162672704, 39.785789489745724 ], [ -78.920028686598471, 39.786411285400057 ], [ -78.919853210524252, 39.78691864013642 ], [ -78.920242309645417, 39.787212371825802 ], [ -78.92083740241884, 39.787227630614865 ], [ -78.921546936110403, 39.787204742431349 ], [ -78.92243194587617, 39.786903381347344 ], [ -78.923500061110701, 39.786472320556278 ], [ -78.923942565993556, 39.786357879638288 ], [ -78.924713134841326, 39.786170959472273 ], [ -78.925926208571923, 39.786209106444979 ], [ -78.926933288650247, 39.786319732665696 ], [ -78.927795410232306, 39.786361694335568 ], [ -78.928421020583997, 39.786357879638288 ], [ -78.929244995193457, 39.786312103271143 ], [ -78.929870605545148, 39.786262512206655 ], [ -78.930732727127307, 39.786128997802415 ], [ -78.931495666580545, 39.78610229492152 ], [ -78.932685852127534, 39.78635025024375 ], [ -78.93331146247921, 39.786598205566058 ], [ -78.933990478592605, 39.787143707275021 ], [ -78.934448242264523, 39.788288116454709 ], [ -78.934715271073117, 39.788784027099268 ], [ -78.935607910233443, 39.789585113525085 ], [ -78.936149597245191, 39.790519714355135 ], [ -78.937095642167179, 39.791450500487919 ], [ -78.937904357987563, 39.792045593261385 ], [ -78.938560485917421, 39.792480468749638 ], [ -78.939506530839424, 39.793025970458579 ], [ -78.940490722734026, 39.793453216552372 ], [ -78.941497802812336, 39.793750762939119 ], [ -78.942535400468699, 39.794063568114915 ], [ -78.943931579668089, 39.794586181640263 ], [ -78.944412231523629, 39.79481124877897 ], [ -78.945594787676185, 39.7952842712399 ], [ -78.945983886797308, 39.795841217040653 ], [ -78.946403503496555, 39.796447753905923 ], [ -78.946762085039623, 39.797046661376562 ], [ -78.947151184160774, 39.797817230224226 ], [ -78.947456359941995, 39.798320770263324 ], [ -78.94792938240299, 39.799034118651946 ], [ -78.948226928789765, 39.799438476562138 ], [ -78.948646545489069, 39.79994583129848 ], [ -78.949539184649296, 39.80043792724576 ], [ -78.950164795000987, 39.800758361816008 ], [ -78.950904846270603, 39.800960540771094 ], [ -78.951416015704311, 39.801284790038693 ], [ -78.951622009356683, 39.801673889159822 ], [ -78.95174407966914, 39.802696228026974 ], [ -78.951866149981683, 39.803176879882464 ], [ -78.951660156329268, 39.803680419921534 ], [ -78.951522827227748, 39.804683685302351 ], [ -78.951408386309751, 39.805164337157834 ], [ -78.951293945391726, 39.805854797362926 ], [ -78.951683044512876, 39.806632995605121 ], [ -78.952186584552038, 39.807266235351179 ], [ -78.952812194903657, 39.807765960693004 ], [ -78.953437805255348, 39.807926177978132 ], [ -78.954238891681186, 39.808059692382471 ], [ -78.955009460528942, 39.808078765868807 ], [ -78.955810546954893, 39.808059692382479 ], [ -78.957023620685504, 39.808010101317969 ], [ -78.958511352619254, 39.808689117431264 ], [ -78.95973205574451, 39.809665679931278 ], [ -78.960479736408658, 39.810325622558231 ], [ -78.961700439533814, 39.811210632323878 ], [ -78.962677002033971, 39.811870574950817 ], [ -78.963279724201954, 39.81228256225554 ], [ -78.964080810627891, 39.812755584716456 ], [ -78.965446472249212, 39.813457489013274 ], [ -78.966041565022664, 39.813777923583622 ], [ -78.966491699300136, 39.814144134521108 ], [ -78.966880798421286, 39.815010070800412 ], [ -78.967269897542451, 39.815837860107038 ], [ -78.967666626058033, 39.817020416259425 ], [ -78.968315124593346, 39.817493438720334 ], [ -78.969154357991883, 39.817951202392202 ], [ -78.970039367757664, 39.818424224853139 ], [ -78.970970153890576, 39.819385528564077 ], [ -78.971176147542963, 39.819999694823878 ], [ -78.971481323324184, 39.820842742919581 ], [ -78.971427917562494, 39.821735382079673 ], [ -78.971229553304653, 39.822834014892209 ], [ -78.96977996834346, 39.823890686034794 ], [ -78.963409423908942, 39.82926940917929 ], [ -78.962051391682152, 39.830490112304361 ], [ -78.960662841877294, 39.831771850585554 ], [ -78.959487915119269, 39.833080291747635 ], [ -78.958099365314411, 39.834732055663693 ], [ -78.957748413165859, 39.835254669189126 ], [ -78.956367492755561, 39.837070465087564 ], [ -78.955276489337379, 39.838439941405873 ], [ -78.953712463458288, 39.840232849120689 ], [ -78.953300476153515, 39.840667724609034 ], [ -78.952743530352663, 39.8414268493649 ], [ -78.95183563240326, 39.843170166015312 ], [ -78.951721191485348, 39.843738555907883 ], [ -78.951431274493089, 39.845611572265263 ], [ -78.950759887774225, 39.846870422362954 ], [ -78.94993591316468, 39.847923278808246 ], [ -78.949340820391228, 39.848636627196903 ], [ -78.947723388750376, 39.849784851073842 ], [ -78.945945739824282, 39.851230621337535 ], [ -78.938392639237236, 39.857505798339481 ], [ -78.937088012772222, 39.858440399169638 ], [ -78.935760498123599, 39.859844207763359 ], [ -78.934638977127364, 39.861198425292663 ], [ -78.933815002517818, 39.862018585204737 ], [ -78.932754516677804, 39.863162994384432 ], [ -78.932312011794949, 39.863647460937187 ], [ -78.931190490798741, 39.864521026611023 ], [ -78.927650451735715, 39.867893218993778 ], [ -78.926765441969934, 39.868949890136371 ], [ -78.926261901930886, 39.869838714599275 ], [ -78.925590515212022, 39.871215820312216 ], [ -78.92485046394232, 39.872066497802429 ], [ -78.923904419020317, 39.873115539550497 ], [ -78.923080444410843, 39.873901367187138 ], [ -78.921989440992704, 39.874866485595348 ], [ -78.920806884840232, 39.876079559325888 ], [ -78.919570922926013, 39.877155303954716 ], [ -78.918594360425843, 39.877933502196939 ], [ -78.917739868238229, 39.878944396972372 ], [ -78.917327880933456, 39.879772186278998 ], [ -78.916831970288811, 39.881050109862926 ], [ -78.91629791267161, 39.881877899169638 ], [ -78.915802002026979, 39.882930755614936 ], [ -78.915214538647973, 39.883937835693025 ], [ -78.914627075269067, 39.88496780395473 ], [ -78.913803100659507, 39.886157989501633 ], [ -78.912590026928896, 39.887557983398111 ], [ -78.911911010815516, 39.888771057128636 ], [ -78.910820007397362, 39.889671325683267 ], [ -78.910110473705885, 39.89048767089816 ], [ -78.909553527905032, 39.891616821288771 ], [ -78.909118652416652, 39.893421173095405 ], [ -78.900787353587447, 39.90083694457978 ], [ -78.89673614509077, 39.904502868652095 ], [ -78.891952514719023, 39.908817291259439 ], [ -78.89086151130094, 39.910655975341513 ], [ -78.889503479074193, 39.91209411621066 ], [ -78.887519836495812, 39.913108825683281 ], [ -78.886390686105059, 39.913135528564169 ], [ -78.885971069405755, 39.91315841674777 ], [ -78.884841919015017, 39.912837982177436 ], [ -78.88418579108523, 39.912590026855199 ], [ -78.883323669503099, 39.912132263183352 ], [ -78.882698059151423, 39.911838531493899 ], [ -78.882194519112346, 39.911476135253587 ], [ -78.881744384834889, 39.911186218261385 ], [ -78.881118774483298, 39.910865783691143 ], [ -78.880111694404988, 39.910724639892251 ], [ -78.879455566475229, 39.910865783691129 ], [ -78.878952026436167, 39.911026000976243 ], [ -78.877685546943781, 39.911701202392273 ], [ -78.876228332588127, 39.91210937499973 ], [ -78.874511718818368, 39.913356781005596 ], [ -78.869338989325485, 39.917213439941101 ], [ -78.867912292547956, 39.918468475341506 ], [ -78.863563537664618, 39.922115325927486 ], [ -78.86128997809405, 39.92413711547826 ], [ -78.860076904363467, 39.925003051757585 ], [ -78.859458923406294, 39.926105499267294 ], [ -78.859458923406294, 39.926925659179375 ], [ -78.859527587957047, 39.927680969238047 ], [ -78.859649658269589, 39.928531646728274 ], [ -78.859924316472728, 39.929946899413807 ], [ -78.859657287664106, 39.930774688720426 ], [ -78.859245300359348, 39.931732177734112 ], [ -78.858741760320285, 39.932353973388452 ], [ -78.858276367253737, 39.932971954345426 ], [ -78.857467651433367, 39.933269500732166 ], [ -78.856674194401975, 39.933479309081783 ], [ -78.855575561589404, 39.933712005614943 ], [ -78.854415893620498, 39.934101104736044 ], [ -78.852752685612444, 39.934833526611094 ], [ -78.851776123112387, 39.93554687499973 ], [ -78.851043701237231, 39.936241149902095 ], [ -78.850303649967643, 39.937084197997784 ], [ -78.849617004459702, 39.937881469726349 ], [ -78.849029541080711, 39.93853378295875 ], [ -78.848495483463509, 39.93918991088843 ], [ -78.84773254401027, 39.940044403075916 ], [ -78.847198486393054, 39.940567016601264 ], [ -78.846519470279702, 39.941345214843473 ], [ -78.845832824771776, 39.941898345946974 ], [ -78.845184326236563, 39.942424774169659 ], [ -78.844436645572415, 39.942924499511491 ], [ -78.841850280825994, 39.943130493163842 ], [ -78.83943176275929, 39.942546844482202 ], [ -78.839126586977969, 39.942390441894247 ], [ -78.837966919009077, 39.941780090331797 ], [ -78.8370971680325, 39.941413879394311 ], [ -78.836235046450369, 39.940872192382535 ], [ -78.835525512758849, 39.940349578857187 ], [ -78.834243774477414, 39.939617156982145 ], [ -78.83352661139142, 39.939235687255589 ], [ -78.833168029848437, 39.93907546997044 ], [ -78.832756042543679, 39.938758850097358 ], [ -78.832275390688139, 39.938140869140391 ], [ -78.831825256410781, 39.937587738036903 ], [ -78.831138610902869, 39.937000274657976 ], [ -78.830398559633281, 39.936492919921626 ], [ -78.829650878969147, 39.935997009277052 ], [ -78.828697204652627, 39.935512542724318 ], [ -78.827453613343906, 39.934921264648224 ], [ -78.826583862367215, 39.934539794921669 ], [ -78.825668335023323, 39.934406280517315 ], [ -78.824623107972414, 39.934432983398217 ], [ -78.823585510316065, 39.93445587158174 ], [ -78.822875976624616, 39.934528350829858 ], [ -78.821060180725979, 39.934619903564226 ], [ -78.819725036682854, 39.93463134765603 ], [ -78.818862915100723, 39.934650421142301 ], [ -78.817794799866206, 39.934585571288821 ], [ -78.816223144592541, 39.934539794921669 ], [ -78.815238952697982, 39.934410095214602 ], [ -78.81369781500247, 39.935115814208778 ], [ -78.81278228765855, 39.935352325439197 ], [ -78.811943054260027, 39.935371398925547 ], [ -78.811904907287442, 39.935367584228267 ], [ -78.810966491759999, 39.935260772704822 ], [ -78.809898376525496, 39.934989929198991 ], [ -78.808525085509672, 39.934467315673558 ], [ -78.807518005431476, 39.934059143066193 ], [ -78.806800842345424, 39.933784484863082 ], [ -78.806442260802427, 39.933628082275142 ], [ -78.805252075255368, 39.933151245116932 ], [ -78.804389953673251, 39.932971954345462 ], [ -78.803199768126291, 39.932518005370859 ], [ -78.801803588926944, 39.931903839111072 ], [ -78.800971984922896, 39.931419372558331 ], [ -78.799842834532157, 39.93067169189429 ], [ -78.798202514707754, 39.929718017577876 ], [ -78.797073364317029, 39.929054260253665 ], [ -78.796241760313038, 39.928710937499794 ], [ -78.795112609922313, 39.928367614745824 ], [ -78.794395446836248, 39.928123474120873 ], [ -78.793563842832285, 39.927646636962677 ], [ -78.791748046933648, 39.926418304443132 ], [ -78.790939331113293, 39.92582321166968 ], [ -78.790405273495992, 39.92565917968728 ], [ -78.789901733456844, 39.925567626952912 ], [ -78.78939819341781, 39.92578124999973 ], [ -78.788719177304429, 39.926307678222415 ], [ -78.788276672421503, 39.926879882812266 ], [ -78.788009643612895, 39.927520751952862 ], [ -78.788192749081674, 39.928550720214574 ], [ -78.788726806698961, 39.929443359374766 ], [ -78.788848877011418, 39.929916381835696 ], [ -78.788612365780949, 39.930881500243906 ], [ -78.788230896054344, 39.931270599365014 ], [ -78.787132263241674, 39.931980133056371 ], [ -78.786186218319699, 39.932460784911839 ], [ -78.785385131893875, 39.932830810546683 ], [ -78.783569335995253, 39.933223724364993 ], [ -78.782173156795821, 39.93341064453098 ], [ -78.780395507869883, 39.933643341064226 ], [ -78.779388427791687, 39.933803558349354 ], [ -78.778289794979017, 39.934082031249737 ], [ -78.777160644588292, 39.934242248534964 ], [ -78.77576446538896, 39.933898925780994 ], [ -78.774780273494301, 39.933654785156044 ], [ -78.773712158259784, 39.933517456054439 ], [ -78.772315979060451, 39.934272766113011 ], [ -78.771102905329869, 39.93539428710919 ], [ -78.770187377985962, 39.936702728271271 ], [ -78.769744873103122, 39.937503814697081 ], [ -78.769180297907766, 39.938537597656065 ], [ -78.768859863337383, 39.939521789550525 ], [ -78.768806457575707, 39.940208435058352 ], [ -78.768661499079528, 39.94146347045875 ], [ -78.768844604548292, 39.943176269531023 ], [ -78.769081115778818, 39.944160461425589 ], [ -78.769355773981957, 39.945159912109133 ], [ -78.769561767634329, 39.94585037231424 ], [ -78.770339965876616, 39.947353363036861 ], [ -78.770851135310195, 39.948184967040838 ], [ -78.771209716853164, 39.949207305908004 ], [ -78.771240234431318, 39.949592590331832 ], [ -78.770591735896119, 39.951038360595504 ], [ -78.770057678278832, 39.951614379882635 ], [ -78.769439697321758, 39.952274322509581 ], [ -78.768966674860778, 39.952831268310341 ], [ -78.768402099665408, 39.95426940917951 ], [ -78.767601013239499, 39.954952239990057 ], [ -78.76671600347386, 39.955921173095447 ], [ -78.766036987360479, 39.956626892089623 ], [ -78.765441894586971, 39.957149505615078 ], [ -78.764495849664996, 39.957687377929496 ], [ -78.763481140192155, 39.958141326904084 ], [ -78.762802124078902, 39.958343505859155 ], [ -78.761817932184243, 39.958187103271293 ], [ -78.760841369684101, 39.958030700683366 ], [ -78.760093689019982, 39.957965850829865 ], [ -78.758430481011956, 39.958080291747862 ], [ -78.757507324273604, 39.958065032958771 ], [ -78.756469726617269, 39.957790374755653 ], [ -78.755455017144527, 39.957355499267351 ], [ -78.755104064996019, 39.957015991210717 ], [ -78.754447937066274, 39.956165313720497 ], [ -78.753906250054527, 39.955505371093551 ], [ -78.753341674859158, 39.954776763915767 ], [ -78.752922058159868, 39.954341888427528 ], [ -78.752090454155919, 39.953701019286918 ], [ -78.751342773491785, 39.953319549560362 ], [ -78.7499160767143, 39.952774047851321 ], [ -78.748786926323589, 39.952342987060341 ], [ -78.74765777593278, 39.952014923095469 ], [ -78.746620178276416, 39.951816558837656 ], [ -78.745964050346672, 39.951980590820135 ], [ -78.744895935112183, 39.952411651611108 ], [ -78.744453430229342, 39.952625274658011 ], [ -78.743736267143291, 39.953395843505668 ], [ -78.742912292533859, 39.95426940917951 ], [ -78.741279602103987, 39.955764770507614 ], [ -78.740211486869484, 39.956443786620902 ], [ -78.739326477103845, 39.957069396972422 ], [ -78.738311767631018, 39.957481384277145 ], [ -78.737747192435648, 39.957778930663864 ], [ -78.736885070853532, 39.958209991454837 ], [ -78.735763549857353, 39.958698272704858 ], [ -78.734664917044768, 39.959110260009567 ], [ -78.733596801810279, 39.959434509277195 ], [ -78.730651855520932, 39.960140228271264 ], [ -78.728752136282452, 39.960426330566207 ], [ -78.726196289114171, 39.960861206054524 ], [ -78.723968505910875, 39.961231231689275 ], [ -78.722129821828659, 39.9615058898924 ], [ -78.720642089894952, 39.96174240112282 ], [ -78.719131469777551, 39.962104797363132 ], [ -78.71737670903525, 39.962432861327919 ], [ -78.714881897023261, 39.963054656982258 ], [ -78.712623596241826, 39.963764190673622 ], [ -78.71090698247211, 39.964595794677514 ], [ -78.708915710499269, 39.964954376220533 ], [ -78.707847595264795, 39.964935302734197 ], [ -78.706207275440406, 39.964572906493984 ], [ -78.704750061084766, 39.964187622070163 ], [ -78.703353881885434, 39.96371078491196 ], [ -78.701835632373601, 39.962913513183402 ], [ -78.701210022021939, 39.962528228759567 ], [ -78.700469970752351, 39.961929321288849 ], [ -78.699783325244454, 39.961475372314254 ], [ -78.69900512700228, 39.960651397704908 ], [ -78.698173522998232, 39.959716796874844 ], [ -78.697723388720874, 39.958980560302514 ], [ -78.697280883838047, 39.958160400390447 ], [ -78.696388244677792, 39.957252502441179 ], [ -78.695999145556655, 39.956768035888523 ], [ -78.695701599169908, 39.95631027221657 ], [ -78.694633483935405, 39.955947875976364 ], [ -78.693901062060377, 39.955738067626733 ], [ -78.693351745654084, 39.955581665038871 ], [ -78.691802978564084, 39.955017089843579 ], [ -78.690551757860831, 39.954608917236115 ], [ -78.689422607470121, 39.954399108886513 ], [ -78.688179016161413, 39.954360961913899 ], [ -78.687080383348857, 39.954315185546676 ], [ -78.685859680223672, 39.954063415527173 ], [ -78.684852600145476, 39.953701019286939 ], [ -78.683898925828998, 39.953128814697102 ], [ -78.683273315477336, 39.952465057372891 ], [ -78.682777404832834, 39.951793670654162 ], [ -78.682586669969538, 39.951530456542741 ], [ -78.681632995653047, 39.950595855712685 ], [ -78.681037902879524, 39.949901580810419 ], [ -78.680648803758388, 39.949222564697116 ], [ -78.680351257371655, 39.948196411132585 ], [ -78.680168151902905, 39.947555541991989 ], [ -78.67993164067245, 39.947002410888501 ], [ -78.67903900151218, 39.946186065673608 ], [ -78.678443908738672, 39.944995880126783 ], [ -78.677665710496413, 39.944282531738061 ], [ -78.676658630418231, 39.943737030029098 ], [ -78.676063537644708, 39.943603515624858 ], [ -78.674697876023473, 39.943439483642365 ], [ -78.673088073777251, 39.943103790283054 ], [ -78.672439575242052, 39.943016052245945 ], [ -78.671188354538799, 39.942562103271264 ], [ -78.670417785691072, 39.941802978515412 ], [ -78.669670105026967, 39.940860748290802 ], [ -78.669013977097237, 39.940177917480248 ], [ -78.668273925827663, 39.939537048339652 ], [ -78.667617797897918, 39.939060211181456 ], [ -78.666549682663444, 39.938491821288864 ], [ -78.665832519577393, 39.938381195068153 ], [ -78.665237426803969, 39.93826293945299 ], [ -78.664375305221853, 39.938217163085774 ], [ -78.6633682251436, 39.938377380370888 ], [ -78.662658691452179, 39.938545227050632 ], [ -78.658531189010361, 39.940303802490035 ], [ -78.657104492232918, 39.940719604492031 ], [ -78.656036376998415, 39.940906524658054 ], [ -78.655715942428046, 39.94084167480456 ], [ -78.654029846236512, 39.939098358154155 ], [ -78.65337371830681, 39.93593215942365 ], [ -78.653297424361526, 39.930942535400185 ], [ -78.655601501510191, 39.925025939941207 ], [ -78.658508300826838, 39.919563293456896 ], [ -78.659622192428486, 39.91411209106429 ], [ -78.663612365768799, 39.901374816894318 ], [ -78.664047241257123, 39.891399383544751 ], [ -78.663978576706384, 39.886863708495966 ], [ -78.663360595749268, 39.885955810546697 ], [ -78.663574218796171, 39.885536193847443 ], [ -78.66416931156968, 39.884689331054474 ], [ -78.66464233403066, 39.883754730224418 ], [ -78.665054321335433, 39.88287734985331 ], [ -78.66532135014404, 39.882129669189261 ], [ -78.665405273483884, 39.881576538085767 ], [ -78.664962768600958, 39.880935668945149 ], [ -78.664276123093174, 39.880756378173693 ], [ -78.663063049362506, 39.880760192870973 ], [ -78.661430358932776, 39.880714416503743 ], [ -78.660064697311512, 39.880943298339695 ], [ -78.659263610885631, 39.880897521972464 ], [ -78.658569335983302, 39.880722045898274 ], [ -78.657928466842549, 39.880554199218587 ], [ -78.657150268600262, 39.880119323730263 ], [ -78.657058715865915, 39.880039215087699 ], [ -78.656082153365873, 39.879234313964709 ], [ -78.653823852584381, 39.878044128417784 ], [ -78.65293121342421, 39.877334594726356 ], [ -78.652252197310858, 39.876537322997891 ], [ -78.651420593306824, 39.875923156738082 ], [ -78.650375366255943, 39.875305175781094 ], [ -78.649337768599622, 39.874691009521293 ], [ -78.648300170943301, 39.874164581298672 ], [ -78.647468566939352, 39.873939514159972 ], [ -78.646400451704849, 39.874027252197095 ], [ -78.645538330122761, 39.87416076660142 ], [ -78.644706726118798, 39.874664306640426 ], [ -78.644264221235986, 39.875400543212749 ], [ -78.643112182661625, 39.877624511718537 ], [ -78.642669677778727, 39.878559112548693 ], [ -78.641868591352932, 39.879520416259631 ], [ -78.641036987348883, 39.880203247070106 ], [ -78.640327453657463, 39.8807563781737 ], [ -78.639671325727733, 39.881397247314283 ], [ -78.639137268110431, 39.882244110107266 ], [ -78.637832641645502, 39.883827209472443 ], [ -78.637245178266539, 39.884628295898281 ], [ -78.633659362836568, 39.890136718749808 ], [ -78.633186340375588, 39.890483856201044 ], [ -78.632263183637164, 39.892059326171704 ], [ -78.631759643598116, 39.893661499023267 ], [ -78.63081359867617, 39.895195007324041 ], [ -78.630279541058869, 39.896358489990071 ], [ -78.629776001019735, 39.897319793701023 ], [ -78.629188537640843, 39.898460388183423 ], [ -78.628059387250048, 39.900840759277195 ], [ -78.625747680706937, 39.904823303222464 ], [ -78.625244140667803, 39.905693054199062 ], [ -78.623435974163741, 39.908695220947131 ], [ -78.622634887737846, 39.909538269042827 ], [ -78.621597290081539, 39.910797119140511 ], [ -78.620231628460388, 39.912441253661925 ], [ -78.619491577190715, 39.913429260253757 ], [ -78.613739013713712, 39.921436309814304 ], [ -78.612014770549493, 39.924018859863132 ], [ -78.609909057658683, 39.926742553710753 ], [ -78.609054565471112, 39.927932739257677 ], [ -78.60795593265847, 39.929534912109212 ], [ -78.606796264689606, 39.931274414062379 ], [ -78.605964660685643, 39.932189941406065 ], [ -78.60519409183793, 39.933032989501768 ], [ -78.604911804240245, 39.933349609374844 ], [ -78.601760864298598, 39.933673858642472 ], [ -78.597549438516992, 39.932804107665902 ], [ -78.59090423587979, 39.929687499999808 ], [ -78.587852478067063, 39.926086425781094 ], [ -78.58839416507881, 39.922454833984197 ], [ -78.593086242715941, 39.915611267089673 ], [ -78.597122192423342, 39.905147552490099 ], [ -78.598884582560174, 39.902416229247862 ], [ -78.595222473184947, 39.898818969726399 ], [ -78.595748901407589, 39.897891998290874 ], [ -78.596672058146027, 39.895812988281129 ], [ -78.597084045450686, 39.894527435302578 ], [ -78.5974121094156, 39.893772125243963 ], [ -78.597320556681211, 39.892654418945185 ], [ -78.597290039103058, 39.892513275146307 ], [ -78.596931457560089, 39.891860961913892 ], [ -78.596130371134208, 39.891422271728388 ], [ -78.595245361368598, 39.891262054443175 ], [ -78.594024658243413, 39.891372680663899 ], [ -78.593193054239478, 39.891471862792812 ], [ -78.591949462930771, 39.891948699951001 ], [ -78.591087341348668, 39.892364501952983 ], [ -78.590194702188413, 39.892608642577947 ], [ -78.589424133340771, 39.89237976074206 ], [ -78.588500976602361, 39.892227172851392 ], [ -78.587524414102262, 39.891609191894403 ], [ -78.586990356485074, 39.891490936279133 ], [ -78.586006164590444, 39.891315460204943 ], [ -78.585388183633412, 39.891307830810398 ], [ -78.584815979043512, 39.89138031005843 ], [ -78.582473754922205, 39.887592315673686 ], [ -78.582977294961353, 39.88124465942365 ], [ -78.585273742715458, 39.874874114990057 ], [ -78.588119506875856, 39.864875793456861 ], [ -78.586265564004677, 39.861263275146328 ], [ -78.582740783730983, 39.859443664550632 ], [ -78.582786560098128, 39.859249114990085 ], [ -78.582695007363753, 39.858333587646364 ], [ -78.582633972207532, 39.857875823974418 ], [ -78.58192443851604, 39.857051849365071 ], [ -78.581245422402688, 39.856487274169773 ], [ -78.581123352090245, 39.856422424316285 ], [ -78.582084655801268, 39.854579925536953 ], [ -78.577949523964989, 39.854400634765483 ], [ -78.577796936074293, 39.854225158691271 ], [ -78.577529907265685, 39.853740692138523 ], [ -78.576911926308654, 39.852981567382685 ], [ -78.576080322304634, 39.852504730224474 ], [ -78.575302124062475, 39.852123260497926 ], [ -78.574478149452972, 39.851844787597535 ], [ -78.573646545449023, 39.851596832275227 ], [ -78.572578430214548, 39.85131454467755 ], [ -78.571716308632446, 39.851501464843579 ], [ -78.570976257362886, 39.851867675781072 ], [ -78.57035064701131, 39.852256774902159 ], [ -78.569786071815855, 39.852691650390504 ], [ -78.56913757328067, 39.852851867675618 ], [ -78.568717956581494, 39.85309982299794 ], [ -78.567977905311821, 39.853240966796719 ], [ -78.567382812538412, 39.853061676025256 ], [ -78.566497802772687, 39.852970123290881 ], [ -78.565750122108597, 39.852550506591619 ], [ -78.565246582069463, 39.852115631103381 ], [ -78.564918518104633, 39.851760864257699 ], [ -78.564445495643596, 39.850845336913899 ], [ -78.564353942909207, 39.850566864013523 ], [ -78.56405639652256, 39.85024261474598 ], [ -78.56349945072165, 39.849628448486193 ], [ -78.562873840370088, 39.849174499511605 ], [ -78.56186676029192, 39.848670959472507 ], [ -78.56079864505746, 39.848487854003757 ], [ -78.559402465858085, 39.848258972167791 ], [ -78.558395385779917, 39.848094940185391 ], [ -78.557174682654846, 39.848079681396321 ], [ -78.555961608924207, 39.848079681396321 ], [ -78.554626464881153, 39.848148345947067 ], [ -78.553794860877218, 39.848308563232294 ], [ -78.552574157752133, 39.848743438720525 ], [ -78.551773071326267, 39.849056243896342 ], [ -78.550857543982474, 39.849380493163963 ], [ -78.54985046390432, 39.849651336669808 ], [ -78.548835754431522, 39.849929809570199 ], [ -78.547889709509576, 39.850273132324048 ], [ -78.546646118200897, 39.850776672363153 ], [ -78.545661926306266, 39.850955963134624 ], [ -78.544654846228099, 39.851093292236236 ], [ -78.543525695837403, 39.851367950439339 ], [ -78.542816162145911, 39.851673126220604 ], [ -78.541656494177062, 39.852283477783047 ], [ -78.541213989294249, 39.852783203124872 ], [ -78.540588378942687, 39.85324096679674 ], [ -78.539787292516806, 39.853698730468594 ], [ -78.539077758825314, 39.854225158691285 ], [ -78.538215637243297, 39.854888916015518 ], [ -78.537536621129959, 39.855163574218622 ], [ -78.536819458043922, 39.855300903320142 ], [ -78.535720825231365, 39.855327606201016 ], [ -78.535278320348482, 39.855163574218615 ], [ -78.534446716344533, 39.854961395263537 ], [ -78.53325653079763, 39.85468292236316 ], [ -78.532432556188141, 39.854385375976413 ], [ -78.53144836429351, 39.854385375976427 ], [ -78.530502319371564, 39.854568481445163 ], [ -78.529754638707459, 39.854751586913913 ], [ -78.52898406985976, 39.854938507079929 ], [ -78.528244018590172, 39.85518646240223 ], [ -78.5280380249378, 39.855327606201016 ], [ -78.527946472203439, 39.855617523193217 ], [ -78.527976989781592, 39.856285095214695 ], [ -78.528152465855811, 39.856857299804531 ], [ -78.528450012242544, 39.857360839843629 ], [ -78.528900146519916, 39.857795715331875 ], [ -78.529220581090257, 39.858139038085824 ], [ -78.529670715367615, 39.858638763427557 ], [ -78.529968261754362, 39.859024047851399 ], [ -78.53008270267236, 39.859371185302621 ], [ -78.5303192139028, 39.860195159911953 ], [ -78.529876709019987, 39.861198425292876 ], [ -78.525894165074405, 39.865573883056548 ], [ -78.523849487339831, 39.867580413818253 ], [ -78.522514343296777, 39.86886215209946 ], [ -78.521652221714675, 39.869319915771314 ], [ -78.520111084019234, 39.870025634765483 ], [ -78.519065856968382, 39.870391845702976 ], [ -78.517944335972217, 39.871036529540838 ], [ -78.517318725620655, 39.871444702148295 ], [ -78.516632080112785, 39.872291564941264 ], [ -78.516036987339277, 39.873363494872912 ], [ -78.514938354526734, 39.874488830566243 ], [ -78.513458251987529, 39.874504089355348 ], [ -78.512329101596833, 39.87398147583 ], [ -78.511138916049845, 39.873367309570192 ], [ -78.510101318393524, 39.872886657714716 ], [ -78.508796691928623, 39.87215423583973 ], [ -78.50743103030743, 39.871829986572124 ], [ -78.506896972690228, 39.871921539306499 ], [ -78.506515502963637, 39.872043609619034 ], [ -78.5057983398776, 39.872451782226477 ], [ -78.505264282260413, 39.873321533203047 ], [ -78.501495361361762, 39.878761291503736 ], [ -78.500099182162373, 39.880683898925625 ], [ -78.497894287142685, 39.882896423339716 ], [ -78.496528625521549, 39.884223937988153 ], [ -78.496070861849574, 39.884731292724503 ], [ -78.494926452669816, 39.885143280029219 ], [ -78.491363525423523, 39.887893676757713 ], [ -78.477722168000724, 39.897499084472543 ], [ -78.476036071809247, 39.896999359130724 ], [ -78.473922729523935, 39.896244049072145 ], [ -78.471580505402642, 39.895366668701037 ], [ -78.469238281281449, 39.894931793212784 ], [ -78.467247009308679, 39.894821166992067 ], [ -78.465911865265625, 39.894798278808452 ], [ -78.464691162140468, 39.895141601562415 ], [ -78.463623046906093, 39.895732879638601 ], [ -78.462402343780937, 39.896850585937415 ], [ -78.455360412628153, 39.903942108154162 ], [ -78.453903198272656, 39.905281066894396 ], [ -78.452117919952158, 39.907165527343672 ], [ -78.449859619170795, 39.909103393554552 ], [ -78.449470520049658, 39.909305572509645 ], [ -78.448486328155056, 39.909561157226513 ], [ -78.447601318389431, 39.909534454345611 ], [ -78.446617126494814, 39.909400939941293 ], [ -78.445732116729104, 39.909236907958892 ], [ -78.444213867217314, 39.908760070800689 ], [ -78.442787170439871, 39.908370971679588 ], [ -78.441658020049204, 39.908069610595589 ], [ -78.440620422392911, 39.9081802368163 ], [ -78.439430236845908, 39.90852355957017 ], [ -78.438537597685766, 39.908939361572166 ], [ -78.437561035185666, 39.909225463867088 ], [ -78.436668396025425, 39.909431457519439 ], [ -78.435897827177712, 39.909427642822166 ], [ -78.435035705595624, 39.909156799316328 ], [ -78.434326171904232, 39.908775329589773 ], [ -78.433761596708905, 39.908332824706896 ], [ -78.433227539091618, 39.907394409179574 ], [ -78.43311309817372, 39.906532287597543 ], [ -78.432929992704985, 39.905860900878778 ], [ -78.432609558134615, 39.905086517333849 ], [ -78.432167053251817, 39.904289245605405 ], [ -78.43168640139632, 39.903987884521392 ], [ -78.430976867704814, 39.903919219970639 ], [ -78.429672241239928, 39.904029846191342 ], [ -78.428451538114771, 39.904045104980341 ], [ -78.429199218778976, 39.901062011718686 ], [ -78.430038452177484, 39.887664794921768 ], [ -78.430526733427513, 39.886970520019396 ], [ -78.430801391630652, 39.886215209960817 ], [ -78.430679321318109, 39.885734558105334 ], [ -78.430191040068067, 39.885265350341676 ], [ -78.430191040068067, 39.885185241699098 ], [ -78.428947448759416, 39.881568908691307 ], [ -78.42704010012649, 39.880432128906158 ], [ -78.427009582548422, 39.879806518554616 ], [ -78.427009582548422, 39.87924194335924 ], [ -78.426948547392115, 39.878528594970618 ], [ -78.426803588896064, 39.878047943115142 ], [ -78.426567077665538, 39.877449035644396 ], [ -78.426239013700723, 39.877182006835838 ], [ -78.425292968778791, 39.876010894775263 ], [ -78.424285888700567, 39.875484466552635 ], [ -78.423309326200481, 39.875205993652266 ], [ -78.422561645536405, 39.875003814697173 ], [ -78.421760559110638, 39.874729156494048 ], [ -78.420906066923067, 39.874404907226456 ], [ -78.42034149172774, 39.874130249023331 ], [ -78.419364929227655, 39.873260498046761 ], [ -78.418090820340851, 39.871639251708871 ], [ -78.417404174832981, 39.870830535888615 ], [ -78.417114257840765, 39.870441436767493 ], [ -78.416549682645424, 39.869621276855341 ], [ -78.41619110110247, 39.868869781494027 ], [ -78.415664672879828, 39.867973327636662 ], [ -78.415443420438379, 39.86760711669907 ], [ -78.416160583524317, 39.865795135497919 ], [ -78.416839599637655, 39.861927032470604 ], [ -78.417098999051802, 39.861434936523331 ], [ -78.417488098172839, 39.860363006591655 ], [ -78.417877197293976, 39.859542846679602 ], [ -78.418708801297981, 39.858371734619027 ], [ -78.419036865262811, 39.857955932617116 ], [ -78.419601440458123, 39.85702133178696 ], [ -78.420013427762882, 39.856109619140533 ], [ -78.42031860354416, 39.855587005615099 ], [ -78.420524597196533, 39.854717254638608 ], [ -78.420524597196533, 39.854183197021371 ], [ -78.420440673856618, 39.853321075439332 ], [ -78.42031860354416, 39.852657318115121 ], [ -78.420051574735581, 39.852241516113224 ], [ -78.419609069852697, 39.851806640624879 ], [ -78.418693542508919, 39.851299285888544 ], [ -78.418006897001064, 39.850917816161967 ], [ -78.416793823270552, 39.850414276122976 ], [ -78.415550231961873, 39.850135803222592 ], [ -78.41459655764541, 39.850341796874865 ], [ -78.413467407254728, 39.850681304931548 ], [ -78.412338256863961, 39.850955963134659 ], [ -78.411155700711603, 39.851345062255774 ], [ -78.411125183133436, 39.851348876953033 ], [ -78.40955352785997, 39.851615905761619 ], [ -78.408363342312981, 39.851612091064347 ], [ -78.40720367434416, 39.851520538329979 ], [ -78.4061355591097, 39.851543426513594 ], [ -78.405250549344089, 39.85154342651358 ], [ -78.40456390383622, 39.851535797119048 ], [ -78.403381347683762, 39.851448059081953 ], [ -78.402694702175992, 39.851356506347571 ], [ -78.401954650906362, 39.85126113891593 ], [ -78.400741577175836, 39.8512153625487 ], [ -78.399848938015595, 39.851188659667905 ], [ -78.399131774929657, 39.851119995117067 ], [ -78.398277282742129, 39.850967407226463 ], [ -78.397323608425651, 39.850864410400291 ], [ -78.396469116238123, 39.850460052490114 ], [ -78.395576477077881, 39.849838256835859 ], [ -78.394836425808336, 39.849353790283125 ], [ -78.394424438503592, 39.848968505859283 ], [ -78.393836975124643, 39.848438262939325 ], [ -78.3937149048122, 39.84832382202142 ], [ -78.393356323269145, 39.848049163818317 ], [ -78.392944335964501, 39.847751617431584 ], [ -78.39228820803477, 39.847412109374893 ], [ -78.391609191921447, 39.847087860107372 ], [ -78.39154815676514, 39.847064971923743 ], [ -78.390922546413591, 39.846900939941357 ], [ -78.390632629421376, 39.84701919555652 ], [ -78.390121459987697, 39.847656249999936 ], [ -78.389732360866574, 39.848846435546776 ], [ -78.389434814479927, 39.849964141845575 ], [ -78.389015197780651, 39.851066589355398 ], [ -78.388481140163449, 39.852340698242145 ], [ -78.387855529811816, 39.853370666503857 ], [ -78.387077331569571, 39.85461044311517 ], [ -78.386039733913265, 39.855541229247969 ], [ -78.385444641139784, 39.85602188110343 ], [ -78.384284973171034, 39.856185913085838 ], [ -78.383125305202199, 39.856632232665973 ], [ -78.381698608424784, 39.857250213622947 ], [ -78.380989074733307, 39.857616424560447 ], [ -78.379707336452029, 39.858184814452997 ], [ -78.378761291530111, 39.858642578124872 ], [ -78.37760162356129, 39.859622955322159 ], [ -78.376411438014301, 39.861000061035099 ], [ -78.375900268580736, 39.861976623535021 ], [ -78.375305175807227, 39.863372802734297 ], [ -78.375450134303279, 39.86376571655267 ], [ -78.37500762942048, 39.864425659179624 ], [ -78.374702453639202, 39.86542510986316 ], [ -78.374137878443861, 39.866504669189361 ], [ -78.373100280787583, 39.867534637451072 ], [ -78.369819641138903, 39.872421264648338 ], [ -78.369224548365494, 39.873313903808544 ], [ -78.368896484400594, 39.874412536621001 ], [ -78.368774414088065, 39.875778198242116 ], [ -78.368476867701318, 39.876075744628849 ], [ -78.365348815943349, 39.880283355712848 ], [ -78.364273071314358, 39.882087707519482 ], [ -78.362899780298704, 39.88416290283196 ], [ -78.362960815454926, 39.885215759277273 ], [ -78.362663269068193, 39.88613510131826 ], [ -78.362541198755736, 39.886974334716683 ], [ -78.362243652369003, 39.887874603271392 ], [ -78.361885070825934, 39.888397216796754 ], [ -78.361572265650196, 39.888782501220589 ], [ -78.357727050806218, 39.889781951904219 ], [ -78.34939575197761, 39.894824981689389 ], [ -78.348823547387738, 39.897552490234247 ], [ -78.347656250024471, 39.90027999877924 ], [ -78.346992492700195, 39.901355743408168 ], [ -78.346549987817312, 39.901405334472571 ], [ -78.345245361352426, 39.902050018310455 ], [ -78.344024658227383, 39.903434753417919 ], [ -78.343635559106261, 39.904075622558523 ], [ -78.343246459985139, 39.905132293701101 ], [ -78.342857360864016, 39.906162261962798 ], [ -78.342582702660877, 39.907352447509723 ], [ -78.342674255395252, 39.908241271972543 ], [ -78.342681884789812, 39.90833282470691 ], [ -78.341186523461616, 39.910751342773345 ], [ -78.338203430199727, 39.912132263183558 ], [ -78.33419036867609, 39.911399841308487 ], [ -78.334388732933917, 39.90699005126941 ], [ -78.334510803246459, 39.905826568603473 ], [ -78.33460235598082, 39.905212402343665 ], [ -78.334457397484684, 39.904064178466705 ], [ -78.333984375023732, 39.903282165527244 ], [ -78.33318328859788, 39.902919769287024 ], [ -78.332145690941587, 39.902851104736264 ], [ -78.331520080590025, 39.903076171874957 ], [ -78.330451965355579, 39.903827667236285 ], [ -78.329017639183618, 39.904949188232365 ], [ -78.328041076683562, 39.905742645263643 ], [ -78.327384948753831, 39.906200408935504 ], [ -78.326698303245976, 39.906150817870987 ], [ -78.326049804710806, 39.906017303466761 ], [ -78.325454711937326, 39.905834197998004 ], [ -78.325218200706871, 39.905761718749886 ], [ -78.324058532738064, 39.905624389648381 ], [ -78.322631835960635, 39.905158996581989 ], [ -78.320350646995706, 39.904674530029226 ], [ -78.318954467796445, 39.904560089111264 ], [ -78.317138671897922, 39.904602050781222 ], [ -78.315505981468149, 39.90503692626946 ], [ -78.314048767112581, 39.905853271484268 ], [ -78.312942504905536, 39.906726837158111 ], [ -78.311813354514868, 39.907478332519432 ], [ -78.310531616233519, 39.908390045165959 ], [ -78.30934143068653, 39.909206390380767 ], [ -78.308448791526402, 39.910121917724581 ], [ -78.307525634788007, 39.911193847656143 ], [ -78.305435180686331, 39.913730621337841 ], [ -78.304214477561302, 39.91475677490228 ], [ -78.303054809592496, 39.915512084960852 ], [ -78.301177978537737, 39.916419982910114 ], [ -78.299095153830621, 39.917190551757777 ], [ -78.299308776877524, 39.916645050048736 ], [ -78.298088073752396, 39.916507720947223 ], [ -78.296752929709356, 39.916248321533111 ], [ -78.295242309592126, 39.915515899658125 ], [ -78.294143676779612, 39.914691925048778 ], [ -78.29334259035376, 39.914272308349545 ], [ -78.29334259035376, 39.914230346679666 ], [ -78.292694091818603, 39.91372299194331 ], [ -78.291213989279512, 39.913154602050739 ], [ -78.290290832541118, 39.912574768066349 ], [ -78.289611816427808, 39.912208557128857 ], [ -78.288955688498092, 39.911937713623004 ], [ -78.288101196310549, 39.911613464355398 ], [ -78.287445068380862, 39.911376953124886 ], [ -78.286376953146402, 39.911262512206989 ], [ -78.285278320333887, 39.911376953124893 ], [ -78.284446716329896, 39.911716461181577 ], [ -78.283340454122836, 39.911918640136669 ], [ -78.282928466818106, 39.911876678466697 ], [ -78.282394409200933, 39.911781311035064 ], [ -78.282066345236032, 39.911621093749929 ], [ -78.281562805197012, 39.911346435546839 ], [ -78.281234741232126, 39.911186218261612 ], [ -78.280792236349313, 39.910984039306619 ], [ -78.280464172384413, 39.910820007324119 ], [ -78.27984619142741, 39.910541534423729 ], [ -78.279724121114882, 39.910499572753871 ], [ -78.279281616232069, 39.910312652587862 ], [ -78.278831481954654, 39.91024398803701 ], [ -78.278480529806231, 39.910217285156207 ], [ -78.277793884298362, 39.91035461425772 ], [ -78.277412414571785, 39.910419464111314 ], [ -78.276725769063916, 39.910449981689375 ], [ -78.276313781759271, 39.910369873046804 ], [ -78.275833129903774, 39.910194396972607 ], [ -78.274917602559952, 39.909870147704993 ], [ -78.274177551290393, 39.909500122070227 ], [ -78.273529052755222, 39.908790588378871 ], [ -78.273254394552097, 39.908512115478501 ], [ -78.272605896016941, 39.907737731933565 ], [ -78.272254943868433, 39.907051086425724 ], [ -78.27181243898562, 39.906200408935504 ], [ -78.271461486837211, 39.905128479003842 ], [ -78.271049499532481, 39.904510498046776 ], [ -78.270751953145719, 39.904232025146392 ], [ -78.270309448262935, 39.903793334960881 ], [ -78.269317626973788, 39.902435302734276 ], [ -78.269271850606643, 39.902374267578068 ], [ -78.269218444844881, 39.901229858398374 ], [ -78.269165039083205, 39.900562286376903 ], [ -78.269462585469938, 39.899131774902294 ], [ -78.270072937032424, 39.896595001220589 ], [ -78.271751403829427, 39.890987396240142 ], [ -78.27283477785285, 39.888137817382734 ], [ -78.273193359395847, 39.887012481689389 ], [ -78.274154663106813, 39.885391235351506 ], [ -78.274749755880308, 39.88464355468745 ], [ -78.276245117208475, 39.881599426269496 ], [ -78.277053833028873, 39.880210876464773 ], [ -78.277389526388234, 39.878398895263587 ], [ -78.279548645040734, 39.872367858886705 ], [ -78.280540466329782, 39.869670867919879 ], [ -78.282333374044782, 39.865352630615163 ], [ -78.283264160177637, 39.863208770751918 ], [ -78.285362243673845, 39.857860565185518 ], [ -78.286560058615265, 39.855979919433501 ], [ -78.288261413595791, 39.851825714111257 ], [ -78.289703369162282, 39.84857559204093 ], [ -78.29033660890849, 39.846363067626868 ], [ -78.292579650900748, 39.84103775024407 ], [ -78.29299926760001, 39.840187072753849 ], [ -78.293327331564825, 39.83951187133782 ], [ -78.293777465842254, 39.837543487548778 ], [ -78.294555664084413, 39.83594512939441 ], [ -78.295211792014186, 39.834575653076115 ], [ -78.295806884787609, 39.833820343017535 ], [ -78.296379089377481, 39.832813262939354 ], [ -78.297035217307197, 39.831604003906186 ], [ -78.297660827658817, 39.830390930175732 ], [ -78.298019409201785, 39.82963943481441 ], [ -78.298377990744754, 39.828674316406214 ], [ -78.298561096213518, 39.827949523925675 ], [ -78.298828125022197, 39.827301025390554 ], [ -78.298858642600266, 39.826751708984311 ], [ -78.2987136841042, 39.826431274413977 ], [ -78.298332214377623, 39.826019287109354 ], [ -78.297531127951771, 39.825836181640497 ], [ -78.296577453635308, 39.825862884521385 ], [ -78.295745849631402, 39.825946807861236 ], [ -78.294593811057098, 39.826271057128842 ], [ -78.293548584006288, 39.826885223388565 ], [ -78.292541503928135, 39.827682495117095 ], [ -78.291885375998362, 39.828247070312408 ], [ -78.289352417013902, 39.831401824951101 ], [ -78.284843444845677, 39.837383270263565 ], [ -78.282218933126856, 39.840774536132756 ], [ -78.275032043478035, 39.850036621093707 ], [ -78.272735595724015, 39.85327529907223 ], [ -78.265007019063489, 39.864074707031136 ], [ -78.264289855977566, 39.865196228027308 ], [ -78.263755798360279, 39.865558624267528 ], [ -78.261161804219611, 39.868003845214766 ], [ -78.259429931660932, 39.86927795410152 ], [ -78.258537292500719, 39.869998931884666 ], [ -78.256904602070932, 39.871311187744126 ], [ -78.255378723164625, 39.872497558593672 ], [ -78.253471374531713, 39.874206542968679 ], [ -78.246498107929824, 39.881412506103473 ], [ -78.245956420918105, 39.882949829101541 ], [ -78.245445251484469, 39.883838653564368 ], [ -78.242973327656244, 39.886096954345696 ], [ -78.242256164570335, 39.886573791503899 ], [ -78.241035461445279, 39.887123107910121 ], [ -78.240417480488176, 39.887184143066328 ], [ -78.239341735859213, 39.887248992919815 ], [ -78.238601684589668, 39.887298583984325 ], [ -78.237174987812267, 39.887355804443267 ], [ -78.236228942890349, 39.887519836425753 ], [ -78.234741210956727, 39.888080596923793 ], [ -78.232955932636287, 39.889026641845668 ], [ -78.231460571308119, 39.889884948730419 ], [ -78.230186462421301, 39.890613555908125 ], [ -78.228874206561926, 39.891613006591761 ], [ -78.227737426776699, 39.892322540283125 ], [ -78.226463317889909, 39.893188476562443 ], [ -78.225509643573474, 39.893898010253864 ], [ -78.225028991718062, 39.894557952880817 ], [ -78.224578857440633, 39.895282745361257 ], [ -78.224159240741443, 39.895851135253828 ], [ -78.223831176776542, 39.896385192871065 ], [ -78.223289489764824, 39.897094726562422 ], [ -78.222908020038247, 39.897663116455 ], [ -78.222221374530406, 39.898391723632798 ], [ -78.221679687518673, 39.898986816406165 ], [ -78.221054077167054, 39.899536132812479 ], [ -78.220573425311542, 39.899898529052692 ], [ -78.220130920428758, 39.900337219238203 ], [ -78.2196807861514, 39.900627136230398 ], [ -78.218971252459951, 39.901103973388594 ], [ -78.218643188495051, 39.901268005370987 ], [ -78.217750549334909, 39.901535034179659 ], [ -78.217330932635633, 39.901691436767521 ], [ -78.216499328631727, 39.901851654052663 ], [ -78.215576171893431, 39.902011871337862 ], [ -78.214950561541798, 39.902191162109332 ], [ -78.214210510272252, 39.902343749999915 ], [ -78.213737487811287, 39.902603149413963 ], [ -78.212661743182338, 39.903259277343736 ], [ -78.211708068865875, 39.904037475585852 ], [ -78.211196899432338, 39.904563903808544 ], [ -78.210868835467437, 39.904968261718722 ], [ -78.210365295428318, 39.905452728271477 ], [ -78.209556579608005, 39.90650177001951 ], [ -78.209136962908744, 39.907386779785071 ], [ -78.209045410174369, 39.90819168090816 ], [ -78.208923339861826, 39.908943176269467 ], [ -78.20874023439309, 39.909561157226555 ], [ -78.208198547381386, 39.910472869872976 ], [ -78.207984924334454, 39.911346435546847 ], [ -78.207626342791499, 39.91198730468745 ], [ -78.207237243670377, 39.912483215331996 ], [ -78.206489563006301, 39.913513183593707 ], [ -78.206039428728971, 39.914352416992124 ], [ -78.205833435076599, 39.914611816406243 ], [ -78.20410156251792, 39.916820526122955 ], [ -78.20332336427569, 39.917228698730412 ], [ -78.202995300310889, 39.917617797851506 ], [ -78.202697753924156, 39.917961120605383 ], [ -78.202430725115462, 39.91823577880858 ], [ -78.202217102068659, 39.918483734130824 ], [ -78.201950073260051, 39.91878128051755 ], [ -78.20162200929515, 39.919197082519439 ], [ -78.201232910174042, 39.919582366943267 ], [ -78.201087951677991, 39.919830322265589 ], [ -78.201141357439681, 39.920063018798736 ], [ -78.20039367677559, 39.920833587646406 ], [ -78.20006561281069, 39.921337127685504 ], [ -78.199531555193545, 39.922046661376939 ], [ -78.199081420916187, 39.922542572021399 ], [ -78.1984252929864, 39.923122406005781 ], [ -78.197883605974681, 39.923622131347592 ], [ -78.197380065935576, 39.924140930175774 ], [ -78.197052001970775, 39.924625396728509 ], [ -78.196868896502011, 39.925098419189439 ], [ -78.196716308611329, 39.925373077392557 ], [ -78.196388244646542, 39.925880432128814 ], [ -78.196182250994156, 39.926128387451143 ], [ -78.195938110369198, 39.926540374755767 ], [ -78.195373535173758, 39.927158355712841 ], [ -78.195251464861315, 39.927524566650327 ], [ -78.194770813005832, 39.927932739257784 ], [ -78.194107055681584, 39.930103302001889 ], [ -78.193954467790917, 39.930854797363217 ], [ -78.193748474138644, 39.931365966796839 ], [ -78.193206787126826, 39.932018280029233 ], [ -78.193000793474482, 39.932621002197244 ], [ -78.192550659197124, 39.93310165405272 ], [ -78.192253112810391, 39.933551788330043 ], [ -78.192070007341641, 39.933853149414041 ], [ -78.191528320329923, 39.934490203857372 ], [ -78.191444396990093, 39.93462753295897 ], [ -78.191116333025192, 39.935062408447209 ], [ -78.190841674822067, 39.935447692871051 ], [ -78.190361022966584, 39.936088562011648 ], [ -78.190032959001684, 39.936450958251939 ], [ -78.189285278337593, 39.937110900878892 ], [ -78.188842773454795, 39.937843322753864 ], [ -78.188270568864937, 39.938137054443331 ], [ -78.187858581560207, 39.938407897949162 ], [ -78.1863327026539, 39.939388275146456 ], [ -78.186187744157834, 39.939456939697223 ], [ -78.185592651384354, 39.939796447753821 ], [ -78.185470581071826, 39.939846038818331 ], [ -78.184692382829596, 39.94037246704093 ], [ -78.183921813981982, 39.940753936767493 ], [ -78.183624267595263, 39.940986633300724 ], [ -78.183235168474127, 39.941211700439446 ], [ -78.182785034196698, 39.941558837890582 ], [ -78.182785034196698, 39.942035675048785 ], [ -78.182632446306101, 39.942329406738239 ], [ -78.182777404802252, 39.942790985107372 ], [ -78.182960510271002, 39.943317413330071 ], [ -78.182922363298317, 39.943725585937436 ], [ -78.182830810563942, 39.944503784179638 ], [ -78.182769775407721, 39.944873809814382 ], [ -78.182861328142081, 39.945079803466747 ], [ -78.182731628435022, 39.945873260498018 ], [ -78.182525634782664, 39.946357727050746 ], [ -78.182044982927152, 39.946792602539006 ], [ -78.181838989274794, 39.947105407714808 ], [ -78.181571960466215, 39.947456359863217 ], [ -78.180854797380292, 39.948043823242138 ], [ -78.180488586442792, 39.948612213134723 ], [ -78.179718017595093, 39.949089050292919 ], [ -78.179031372087238, 39.949642181396406 ], [ -78.177871704118417, 39.950042724609339 ], [ -78.177391052262934, 39.950225830078068 ], [ -78.17652893068086, 39.950664520263665 ], [ -78.174858093278502, 39.951271057128842 ], [ -78.174179077165206, 39.951431274413977 ], [ -78.173522949235476, 39.951728820800703 ], [ -78.171974182145561, 39.952159881591761 ], [ -78.171195983903331, 39.952453613281222 ], [ -78.170539855973644, 39.952701568603459 ], [ -78.169975280778303, 39.953132629394524 ], [ -78.169082641618076, 39.953887939453104 ], [ -78.168273925797777, 39.954315185546811 ], [ -78.167587280289922, 39.954818725585895 ], [ -78.166900634782081, 39.955387115478473 ], [ -78.166481018082806, 39.95598602294919 ], [ -78.164237976090575, 39.9592895507812 ], [ -78.163276672379595, 39.960998535156186 ], [ -78.161285400406868, 39.965133666992159 ], [ -78.160873413102138, 39.965480804443295 ], [ -78.160003662125533, 39.966484069824212 ], [ -78.159080505387237, 39.967304229736285 ], [ -78.158210754410646, 39.968326568603452 ], [ -78.157104492203601, 39.969284057617124 ], [ -78.156204223648842, 39.970588684082017 ], [ -78.153541564957337, 39.973415374755831 ], [ -78.149803161636868, 39.977958679199148 ], [ -78.148841857925888, 39.979164123535149 ], [ -78.148330688492337, 39.979946136474531 ], [ -78.147346496597734, 39.980941772460888 ], [ -78.146209716812564, 39.981876373290959 ], [ -78.144958496109368, 39.982738494872997 ], [ -78.144119262710916, 39.983516693115185 ], [ -78.143547058121044, 39.984436035156172 ], [ -78.143188476578089, 39.98518371582032 ], [ -78.142288208023345, 39.986236572265632 ], [ -78.141448974624879, 39.987255096435518 ], [ -78.140762329117024, 39.988239288330071 ], [ -78.13995361329674, 39.989227294921818 ], [ -78.139320373550561, 39.990711212158203 ], [ -78.138687133804467, 39.99178314208978 ], [ -78.138175964370831, 39.992622375488295 ], [ -78.137222290054382, 39.993217468261648 ], [ -78.136528015152081, 39.994495391845675 ], [ -78.136352539077791, 39.994972229003871 ], [ -78.135864257827748, 39.996116638183565 ], [ -78.135566711441101, 39.996685028076129 ], [ -78.135177612319993, 39.997299194335945 ], [ -78.134811401382493, 39.998054504394524 ], [ -78.133636474624609, 39.999671936035149 ], [ -78.133575439468302, 40.000225067138643 ], [ -78.133186340347279, 40.001251220703068 ], [ -78.13300323487843, 40.001781463623047 ], [ -78.132789611831626, 40.002300262451122 ], [ -78.132492065444879, 40.00280380249022 ], [ -78.132125854507379, 40.003604888915952 ], [ -78.1318588256987, 40.004226684570291 ], [ -78.131469726577691, 40.005046844482358 ], [ -78.131164550796399, 40.005729675292933 ], [ -78.13085937501512, 40.00643157958983 ], [ -78.130622863784595, 40.007007598876939 ], [ -78.130409240737791, 40.007671356201158 ], [ -78.13034820558147, 40.008327484130824 ], [ -78.130516052261243, 40.009044647216719 ], [ -78.130638122573671, 40.009319305419851 ], [ -78.130897521987819, 40.009609222412045 ], [ -78.131401062026825, 40.010047912597635 ], [ -78.132026672378473, 40.010356903076165 ], [ -78.132560729995632, 40.010494232177685 ], [ -78.133392333999524, 40.0106811523437 ], [ -78.134132385269154, 40.010795593261669 ], [ -78.135086059585603, 40.010910034179659 ], [ -78.136337280288785, 40.011074066162074 ], [ -78.137077331558302, 40.011028289794929 ], [ -78.137763977066172, 40.011039733886648 ], [ -78.138412475601328, 40.011100769042955 ], [ -78.13916015626539, 40.011154174804638 ], [ -78.139518737808359, 40.011154174804631 ], [ -78.140289306656058, 40.011177062988253 ], [ -78.141006469742067, 40.011203765869126 ], [ -78.141593933120902, 40.011203765869126 ], [ -78.142250061050703, 40.01118469238277 ], [ -78.142608642593657, 40.011165618896435 ], [ -78.143737792984297, 40.011127471923828 ], [ -78.144485473648373, 40.011108398437493 ], [ -78.145965576187535, 40.011222839355483 ], [ -78.14632415773049, 40.011287689208963 ], [ -78.150878906265802, 40.016162872314432 ], [ -78.152076721207195, 40.018115997314375 ], [ -78.151992797867365, 40.018245697021463 ], [ -78.151573181168175, 40.018905639648402 ], [ -78.151306152359595, 40.019363403320256 ], [ -78.151153564468913, 40.019592285156236 ], [ -78.150947570816541, 40.019748687744091 ], [ -78.150405883804851, 40.019908905029219 ], [ -78.149963378922024, 40.019927978515561 ], [ -78.149337768570419, 40.019931793212827 ], [ -78.148681640640703, 40.019947052001918 ], [ -78.147911071793018, 40.019897460937507 ], [ -78.147079467789098, 40.019870758056619 ], [ -78.146064758316456, 40.019550323486271 ], [ -78.145202636734382, 40.019454956054638 ], [ -78.144195556656172, 40.019474029540966 ], [ -78.142822265640547, 40.019420623779304 ], [ -78.141693115249822, 40.019577026367166 ], [ -78.140739440933388, 40.019828796386655 ], [ -78.139785766616953, 40.020145416259744 ], [ -78.138923645034865, 40.020526885986307 ], [ -78.137733459488004, 40.02082061767576 ], [ -78.137016296401981, 40.021076202392521 ], [ -78.136390686050447, 40.021434783935469 ], [ -78.135704040542592, 40.021823883056577 ], [ -78.134689331069936, 40.022228240966761 ], [ -78.133857727066015, 40.022365570068352 ], [ -78.132843017593288, 40.022476196289077 ], [ -78.131919860854993, 40.02265548706054 ], [ -78.13093566896039, 40.022762298583991 ], [ -78.129600524917379, 40.023059844970618 ], [ -78.127388000503231, 40.023849487304652 ], [ -78.126617431655532, 40.02412033081049 ], [ -78.125335693374296, 40.024570465087891 ], [ -78.124496459975845, 40.024871826171804 ], [ -78.12380981446799, 40.025142669677749 ], [ -78.122772216811697, 40.025730133056562 ], [ -78.12171936036637, 40.026641845703097 ], [ -78.121032714858515, 40.02789306640625 ], [ -78.120246887221739, 40.028964996337812 ], [ -78.119110107436555, 40.030151367187464 ], [ -78.118156433120106, 40.030971527099538 ], [ -78.11746215821772, 40.031608581542955 ], [ -78.116569519057592, 40.032634735107393 ], [ -78.115638732924779, 40.033477783203075 ], [ -78.115013122573131, 40.034000396728501 ], [ -78.114143371596526, 40.034481048583991 ], [ -78.113700866713742, 40.034755706787102 ], [ -78.112770080580916, 40.035411834716776 ], [ -78.112236022963643, 40.035686492919879 ], [ -78.111724853530092, 40.035934448242109 ], [ -78.111038208022237, 40.036159515380824 ], [ -78.110534667983131, 40.036182403564446 ], [ -78.10984802247529, 40.036113739013672 ], [ -78.109169006361967, 40.03606414794919 ], [ -78.108718872084637, 40.035942077636662 ], [ -78.108360290541697, 40.035854339599553 ], [ -78.107856750502592, 40.03569793701169 ], [ -78.106941223158842, 40.035278320312443 ], [ -78.106140136733003, 40.035247802734375 ], [ -78.104827880873586, 40.035064697265625 ], [ -78.10363769532664, 40.03491592407223 ], [ -78.102478027357932, 40.034805297851513 ], [ -78.101020813002393, 40.034637451171847 ], [ -78.100372314467222, 40.034591674804609 ], [ -78.097816467299111, 40.034099578857422 ], [ -78.09707641602958, 40.033912658691413 ], [ -78.096595764174083, 40.033611297607422 ], [ -78.09597778321708, 40.033313751220689 ], [ -78.095291137709239, 40.033016204833949 ], [ -78.094467163099878, 40.032711029052678 ], [ -78.093811035170077, 40.032642364501939 ], [ -78.093154907240375, 40.032524108886669 ], [ -78.092529296888841, 40.032405853271428 ], [ -78.091728210462989, 40.032363891601541 ], [ -78.090629577650503, 40.032268524169908 ], [ -78.089530944837932, 40.032096862792983 ], [ -78.089111328138756, 40.032009124755866 ], [ -78.088165283216838, 40.031745910644482 ], [ -78.087509155287165, 40.031520843505852 ], [ -78.087127685560588, 40.031242370605469 ], [ -78.086441040052733, 40.030757904052727 ], [ -78.085823059095645, 40.030113220214787 ], [ -78.085502624525375, 40.029754638671832 ], [ -78.08526611329485, 40.029499053955064 ], [ -78.08499908448627, 40.029201507568317 ], [ -78.084732055677676, 40.028945922851555 ], [ -78.08399200440806, 40.028625488281229 ], [ -78.083244323743983, 40.02848052978517 ], [ -78.082595825208841, 40.028411865234318 ], [ -78.082237243665872, 40.028411865234311 ], [ -78.081138610853301, 40.028293609619141 ], [ -78.080810546888486, 40.028293609619148 ], [ -78.080062866224424, 40.028614044189418 ], [ -78.07952117921262, 40.029041290283203 ], [ -78.078987121595461, 40.029449462890568 ], [ -78.078414917005603, 40.029953002929652 ], [ -78.07769775391958, 40.030521392822216 ], [ -78.077369689954779, 40.030727386474588 ], [ -78.076148986829764, 40.031337738037116 ], [ -78.074569702161696, 40.031810760498061 ], [ -78.069664001477989, 40.033782958984347 ], [ -78.063354492200446, 40.0338134765625 ], [ -78.062591552747307, 40.033958435058572 ], [ -78.062240600598798, 40.033569335937457 ], [ -78.061470031751199, 40.032852172851555 ], [ -78.060997009290247, 40.032459259033189 ], [ -78.060401916516781, 40.03197860717772 ], [ -78.059547424329253, 40.031585693359347 ], [ -78.058746337903415, 40.031356811523366 ], [ -78.058059692395574, 40.031196594238239 ], [ -78.057228088391668, 40.031162261962827 ], [ -78.056129455579168, 40.031326293945305 ], [ -78.055557250989324, 40.031478881835895 ], [ -78.054397583020517, 40.031841278076115 ], [ -78.053199768079011, 40.032566070556648 ], [ -78.052810668957903, 40.032817840576129 ], [ -78.052032470715787, 40.033451080322209 ], [ -78.051315307629778, 40.034137725830035 ], [ -78.050628662121895, 40.034660339355469 ], [ -78.049995422375844, 40.035301208496072 ], [ -78.049278259289821, 40.036190032958999 ], [ -78.048706054699977, 40.037231445312493 ], [ -78.047950744641369, 40.03803634643549 ], [ -78.047470092785872, 40.038951873779297 ], [ -78.047142028821071, 40.039474487304652 ], [ -78.046455383313216, 40.039772033691357 ], [ -78.045829772961682, 40.039947509765582 ], [ -78.045021057141298, 40.040103912353501 ], [ -78.044281005871767, 40.04016876220701 ], [ -78.043327331555332, 40.040229797363239 ], [ -78.042671203625645, 40.040302276611342 ], [ -78.042251586926369, 40.040386199951172 ], [ -78.04075622559823, 40.041477203369091 ], [ -78.039619445813059, 40.042228698730398 ], [ -78.038543701184082, 40.043003082275341 ], [ -78.038040161144977, 40.043369293212827 ], [ -78.037315368664537, 40.043956756591754 ], [ -78.036750793469196, 40.04432296752924 ], [ -78.036453247082491, 40.044483184814453 ], [ -78.036125183117591, 40.044525146484311 ], [ -78.035354614269878, 40.04433822631831 ], [ -78.034278869641028, 40.044170379638665 ], [ -78.033538818371397, 40.044216156005866 ], [ -78.032371521008159, 40.04448318481446 ], [ -78.031211853039352, 40.044933319091761 ], [ -78.030342102062761, 40.045524597167955 ], [ -78.029716491711227, 40.045936584472678 ], [ -78.029022216808826, 40.046592712402358 ], [ -78.028007507336099, 40.047531127929673 ], [ -78.027587890636923, 40.048099517822266 ], [ -78.026679992687619, 40.050090789794915 ], [ -78.025901794445488, 40.051181793212912 ], [ -78.013023376476383, 40.050350189208942 ], [ -78.009674072277051, 40.050361633300746 ], [ -78.009681701671596, 40.050235748290952 ], [ -78.009574890148144, 40.04950714111326 ], [ -78.009521484386369, 40.048656463623026 ], [ -78.009254455577789, 40.048427581787045 ], [ -78.008636474620801, 40.047828674316399 ], [ -78.008422851573883, 40.047691345214808 ], [ -78.007804870616809, 40.047275543212834 ], [ -78.007209777843428, 40.046749114990213 ], [ -78.006469726573798, 40.046382904052713 ], [ -78.005371093761312, 40.046005249023445 ], [ -78.004814147960531, 40.045848846435483 ], [ -78.00412750245269, 40.045612335205071 ], [ -78.003417968761227, 40.045333862304666 ], [ -78.002731323253371, 40.044994354247997 ], [ -78.002204895030744, 40.044113159179702 ], [ -78.00194549561671, 40.043457031250021 ], [ -78.001594543468187, 40.042762756347649 ], [ -78.001388549815942, 40.041984558105447 ], [ -78.001213073741624, 40.041366577148381 ], [ -78.001014709483798, 40.040679931640639 ], [ -78.000839233409593, 40.040088653564439 ], [ -78.000595092784636, 40.037528991699233 ], [ -77.999702453624408, 40.037090301513636 ], [ -77.998062133800119, 40.036781311035192 ], [ -77.997016906749323, 40.036716461181598 ], [ -77.995803833018869, 40.036930084228501 ], [ -77.994377136241482, 40.037372589111278 ], [ -77.993370056163371, 40.037750244140575 ], [ -77.992362976085175, 40.03812026977532 ], [ -77.991714477550005, 40.038375854492195 ], [ -77.991088867198471, 40.038566589355476 ], [ -77.99013519288205, 40.038311004638601 ], [ -77.989356994639834, 40.037979125976541 ], [ -77.988311767589025, 40.037231445312493 ], [ -77.987976074229593, 40.036773681640646 ], [ -77.987617492686624, 40.036365509033203 ], [ -77.987350463878045, 40.036022186279233 ], [ -77.987075805674934, 40.035812377929702 ], [ -77.986503601085062, 40.035179138183544 ], [ -77.985939025889763, 40.034564971923828 ], [ -77.985633850108471, 40.034175872802734 ], [ -77.985214233409224, 40.03365707397456 ], [ -77.98481750489357, 40.033107757568338 ], [ -77.984397888194394, 40.032630920410128 ], [ -77.984222412120175, 40.032474517822273 ], [ -77.98377227784276, 40.032249450683565 ], [ -77.983085632334905, 40.032176971435554 ], [ -77.981216430674749, 40.032623291015597 ], [ -77.979789733897377, 40.032867431640632 ], [ -77.97813415528401, 40.03321456909179 ], [ -77.976524353037888, 40.033336639404311 ], [ -77.975456237803471, 40.03364562988277 ], [ -77.974357604990971, 40.033897399902337 ], [ -77.972663879405019, 40.033885955810547 ], [ -77.971565246592448, 40.033824920654311 ], [ -77.970932006846382, 40.033435821533217 ], [ -77.970390319834664, 40.032478332519545 ], [ -77.970024108897078, 40.031570434570284 ], [ -77.969779968272121, 40.030673980712919 ], [ -77.96950531006901, 40.029628753662124 ], [ -77.969284057627576, 40.028236389160121 ], [ -77.968910217295516, 40.026885986328089 ], [ -77.968605041514266, 40.026046752929659 ], [ -77.968154907236936, 40.025428771972678 ], [ -77.96781921387759, 40.025066375732379 ], [ -77.967193603525956, 40.024677276611271 ], [ -77.96636199952205, 40.024322509765582 ], [ -77.965759277354053, 40.023883819580085 ], [ -77.965103149424365, 40.023597717285163 ], [ -77.963760375986809, 40.023307800292969 ], [ -77.962928771982916, 40.023056030273381 ], [ -77.961975097666482, 40.022903442382798 ], [ -77.960868835459365, 40.022750854492195 ], [ -77.960395812998428, 40.022769927978452 ], [ -77.958595275889024, 40.023834228515604 ], [ -77.95541381836945, 40.026962280273381 ], [ -77.952850341806908, 40.029720306396506 ], [ -77.952171325693598, 40.030357360839844 ], [ -77.950431823740416, 40.032043457031229 ], [ -77.949111938486496, 40.034057617187486 ], [ -77.947875976572405, 40.035663604736285 ], [ -77.947196960459081, 40.036422729492152 ], [ -77.945518493662107, 40.038127899169886 ], [ -77.943687438974649, 40.039482116699183 ], [ -77.942092895517519, 40.040794372558537 ], [ -77.941146850595629, 40.041305541992159 ], [ -77.93978881836901, 40.042160034179673 ], [ -77.933273315439237, 40.045394897460923 ], [ -77.932296752939195, 40.046131134033146 ], [ -77.930046081552447, 40.04743957519532 ], [ -77.928916931161737, 40.047657012939389 ], [ -77.927307128915615, 40.047573089599545 ], [ -77.925193786630487, 40.04719543457027 ], [ -77.923759460458555, 40.046562194824212 ], [ -77.921485900888129, 40.04510879516598 ], [ -77.919815063485785, 40.044231414794872 ], [ -77.918472290048271, 40.043457031250028 ], [ -77.917839050302163, 40.042823791503878 ], [ -77.917236328134166, 40.04225158691402 ], [ -77.917388916024777, 40.039756774902294 ], [ -77.917427062997461, 40.039688110351541 ], [ -77.918029785165459, 40.037715911865241 ], [ -77.918716430673229, 40.0371704101562 ], [ -77.918914794931069, 40.036731719970675 ], [ -77.922599792489791, 40.029369354248004 ], [ -77.923507690438996, 40.028129577636669 ], [ -77.924591064462476, 40.026023864746044 ], [ -77.92640686036097, 40.02222061157223 ], [ -77.927223205575785, 40.021163940429659 ], [ -77.929512023935217, 40.015617370605412 ], [ -77.929756164560288, 40.015018463134773 ], [ -77.930137634286851, 40.014110565185518 ], [ -77.93054199219695, 40.012935638427763 ], [ -77.931098937997817, 40.011932373046854 ], [ -77.931388854990018, 40.010536193847685 ], [ -77.932235717783001, 40.008888244628885 ], [ -77.933403015146226, 40.006271362304645 ], [ -77.93407440186499, 40.00517272949218 ], [ -77.934776306161936, 40.003974914550788 ], [ -77.93485260010722, 40.002468109130817 ], [ -77.935585021982305, 40.001091003417969 ], [ -77.935783386240047, 39.999996185302685 ], [ -77.936599731454947, 39.999469757080078 ], [ -77.937042236337746, 39.99836730957027 ], [ -77.937454223642476, 39.99747467041017 ], [ -77.938186645517447, 39.996059417724638 ], [ -77.938812255869109, 39.995342254638643 ], [ -77.941261291513655, 39.991630554199205 ], [ -77.942321777353527, 39.990207672119148 ], [ -77.943092346201226, 39.989341735839837 ], [ -77.944122314462959, 39.987922668457017 ], [ -77.944511413584067, 39.987369537353523 ], [ -77.946365356455232, 39.984207153320327 ], [ -77.947570800791169, 39.981689453124964 ], [ -77.947952270517746, 39.980545043945277 ], [ -77.948722839365431, 39.979057312011712 ], [ -77.94948577881857, 39.978000640869141 ], [ -77.950164794931879, 39.976894378662038 ], [ -77.950958251963087, 39.975654602050717 ], [ -77.951698303232703, 39.974395751953132 ], [ -77.952346801767845, 39.973846435546832 ], [ -77.953414917002277, 39.972362518310511 ], [ -77.954414367685843, 39.971118927001932 ], [ -77.955421447764053, 39.969993591308594 ], [ -77.956840515146894, 39.96861648559566 ], [ -77.957908630381226, 39.967472076415973 ], [ -77.958969116221098, 39.966571807861342 ], [ -77.959884643564919, 39.965610504150391 ], [ -77.961601257334493, 39.96343231201174 ], [ -77.962127685557121, 39.962768554687528 ], [ -77.962776184092277, 39.961421966552734 ], [ -77.963127136240772, 39.960456848144517 ], [ -77.963447570811041, 39.959213256835923 ], [ -77.963592529307206, 39.958435058593729 ], [ -77.963859558115772, 39.957366943359325 ], [ -77.96403503418999, 39.956470489501982 ], [ -77.964118957529834, 39.955875396728509 ], [ -77.964019775400928, 39.954433441162081 ], [ -77.963279724131382, 39.948768615722592 ], [ -77.96302795411188, 39.94597244262696 ], [ -77.962562561045502, 39.942382812499957 ], [ -77.962402343760274, 39.940189361572216 ], [ -77.962341308604053, 39.938911437988274 ], [ -77.962249755869664, 39.937744140624979 ], [ -77.962181091318925, 39.936485290527301 ], [ -77.96217346192438, 39.935474395751946 ], [ -77.962226867686056, 39.934223175048821 ], [ -77.962188720713442, 39.932842254638601 ], [ -77.961975097666567, 39.931434631347607 ], [ -77.961769104014195, 39.930793762207017 ], [ -77.961433410654848, 39.929691314697209 ], [ -77.960899353037604, 39.92919158935549 ], [ -77.960182189951681, 39.928581237792955 ], [ -77.959793090830587, 39.928302764892571 ], [ -77.959289550791482, 39.927890777587848 ], [ -77.958869934092206, 39.927509307861278 ], [ -77.958511352549266, 39.927253723144503 ], [ -77.957916259775786, 39.927261352539041 ], [ -77.957176208506269, 39.927604675292919 ], [ -77.956642150889095, 39.928176879882763 ], [ -77.955787658701595, 39.929351806640618 ], [ -77.955139160166425, 39.930717468261733 ], [ -77.954078674326539, 39.931846618652337 ], [ -77.953163146982703, 39.932830810546896 ], [ -77.951683044443641, 39.933979034423764 ], [ -77.950851440439678, 39.934532165527351 ], [ -77.949615478525573, 39.93547058105468 ], [ -77.948249816904507, 39.936939239501889 ], [ -77.947395324717007, 39.938232421874993 ], [ -77.945861816416169, 39.940582275390575 ], [ -77.945037841806723, 39.942028045654276 ], [ -77.944358825693499, 39.943084716796854 ], [ -77.94359588624036, 39.944477081298771 ], [ -77.942741394052831, 39.945743560790994 ], [ -77.941436767587902, 39.947372436523409 ], [ -77.940223693857419, 39.948429107666001 ], [ -77.93946075440428, 39.949546813964808 ], [ -77.938873291025345, 39.950740814208984 ], [ -77.938674926767533, 39.952522277832017 ], [ -77.938529968271467, 39.953830718994084 ], [ -77.93827056885732, 39.955844879150355 ], [ -77.938308715830033, 39.957973480224616 ], [ -77.938194274912036, 39.958522796630824 ], [ -77.937255859384692, 39.961540222167905 ], [ -77.936729431162064, 39.962371826171861 ], [ -77.936492919931538, 39.963882446289055 ], [ -77.936058044443286, 39.965270996093693 ], [ -77.93540954590803, 39.967018127441385 ], [ -77.934791564951041, 39.968662261962876 ], [ -77.933937072763513, 39.969902038574219 ], [ -77.933082580576013, 39.97113800048826 ], [ -77.931549072275189, 39.973220825195284 ], [ -77.929656982431396, 39.976772308349624 ], [ -77.928184509286794, 39.979621887207031 ], [ -77.924438476571822, 39.986427307128928 ], [ -77.921348571786666, 39.992153167724538 ], [ -77.920730590829564, 39.99341201782223 ], [ -77.920463562020984, 39.994304656982408 ], [ -77.920761108407717, 39.994987487792976 ], [ -77.921333312997575, 39.995674133300795 ], [ -77.921897888192873, 39.996311187744148 ], [ -77.922470092782746, 39.996864318847635 ], [ -77.922943115243697, 39.99754714965821 ], [ -77.923126220712433, 39.998531341552756 ], [ -77.923484802255388, 39.999259948730469 ], [ -77.921577453622533, 39.999885559081974 ], [ -77.920669555673342, 40.001243591308565 ], [ -77.919868469247518, 40.002342224121108 ], [ -77.918968200692845, 40.004013061523416 ], [ -77.918052673349024, 40.005073547363274 ], [ -77.917175292977959, 40.006431579589851 ], [ -77.916084289559947, 40.007709503173771 ], [ -77.915107727059905, 40.008678436279268 ], [ -77.914260864266922, 40.010231018066392 ], [ -77.912971496591169, 40.011913299560511 ], [ -77.911903381356751, 40.012668609619084 ], [ -77.910514831551978, 40.013912200927706 ], [ -77.90957641602462, 40.01504135131831 ], [ -77.908660888680885, 40.016029357910128 ], [ -77.907661437997234, 40.017063140869105 ], [ -77.906684875497277, 40.018142700195291 ], [ -77.90612792969641, 40.019054412841747 ], [ -77.905250549325345, 40.020427703857415 ], [ -77.904960632333172, 40.021121978759794 ], [ -77.904907226571382, 40.021781921386712 ], [ -77.90444183350499, 40.022972106933544 ], [ -77.903289794930743, 40.024379730224638 ], [ -77.901550292977561, 40.026306152343707 ], [ -77.8999938964932, 40.027866363525384 ], [ -77.898490905770529, 40.029975891113288 ], [ -77.897277832039961, 40.03097152709956 ], [ -77.895332336434507, 40.032577514648466 ], [ -77.893676757821169, 40.034301757812528 ], [ -77.892677307137504, 40.035400390624993 ], [ -77.891967773446126, 40.036254882812486 ], [ -77.890388488778086, 40.038917541503885 ], [ -77.884712219246765, 40.046878814697294 ], [ -77.882980346688115, 40.049308776855447 ], [ -77.881233215340387, 40.051052093505859 ], [ -77.880050659188072, 40.051948547363217 ], [ -77.878929138191978, 40.052867889404297 ], [ -77.877098083504421, 40.054317474365256 ], [ -77.875793457039592, 40.055080413818381 ], [ -77.874168396004379, 40.056301116943352 ], [ -77.872985839851978, 40.057128906249972 ], [ -77.872276306160501, 40.057682037353473 ], [ -77.870796203621467, 40.05878829956054 ], [ -77.868721008308938, 40.059505462646449 ], [ -77.866912841805004, 40.060333251953146 ], [ -77.865341186531495, 40.061183929443388 ], [ -77.864364624031452, 40.06169509887691 ], [ -77.863365173347887, 40.062191009521463 ], [ -77.862968444832234, 40.062389373779283 ], [ -77.862052917488498, 40.06273651123044 ], [ -77.86080932617989, 40.064369201660128 ], [ -77.858566284187603, 40.066612243652358 ], [ -77.857719421394634, 40.067985534667933 ], [ -77.857566833504052, 40.06822204589843 ], [ -77.856246948250018, 40.070312499999986 ], [ -77.854957580574265, 40.072647094726506 ], [ -77.853317260750003, 40.075965881347678 ], [ -77.851577758796807, 40.078125 ], [ -77.850868225105458, 40.078819274902372 ], [ -77.849899291999947, 40.080303192138643 ], [ -77.848716735847518, 40.082023620605455 ], [ -77.848159790046751, 40.083236694335895 ], [ -77.845138549812347, 40.088214874267557 ], [ -77.844200134285003, 40.090026855468722 ], [ -77.843757629402134, 40.09133529663081 ], [ -77.843322753913867, 40.092479705810504 ], [ -77.842742919929478, 40.094108581542926 ], [ -77.841972351081807, 40.095386505126953 ], [ -77.839828491218512, 40.098754882812528 ], [ -77.836975097663796, 40.103778839111314 ], [ -77.83547210694104, 40.105934143066357 ], [ -77.832176208503512, 40.110366821289048 ], [ -77.828109741218313, 40.11652374267576 ], [ -77.824401855475955, 40.12214660644527 ], [ -77.822662353522873, 40.124694824218771 ], [ -77.821128845222063, 40.126789093017607 ], [ -77.819801330573611, 40.128387451171875 ], [ -77.817291259772759, 40.131599426269503 ], [ -77.814842224128199, 40.134857177734361 ], [ -77.813789367682858, 40.137470245361357 ], [ -77.813613891608654, 40.138362884521463 ], [ -77.813446044928909, 40.139068603515625 ], [ -77.813179016120301, 40.139869689941442 ], [ -77.81317138672577, 40.139911651611321 ], [ -77.809783935553895, 40.144420623779311 ], [ -77.804054260260784, 40.15446853637691 ], [ -77.796592712409094, 40.166080474853544 ], [ -77.794853210455898, 40.168941497802763 ], [ -77.79373931885435, 40.170780181884723 ], [ -77.792907714850472, 40.171985626220732 ], [ -77.790580749518341, 40.175457000732379 ], [ -77.789192199713682, 40.177265167236278 ], [ -77.780853271490841, 40.1875 ], [ -77.77686309815094, 40.192272186279297 ], [ -77.775207519537602, 40.194313049316435 ], [ -77.773941040045457, 40.195964813232393 ], [ -77.772354125982872, 40.198467254638665 ], [ -77.771812438971168, 40.199329376220689 ], [ -77.770454406744562, 40.201206207275355 ], [ -77.769187927252332, 40.202960968017564 ], [ -77.768058776861707, 40.203762054443388 ], [ -77.76662445068979, 40.204128265380874 ], [ -77.765228271490599, 40.204254150390589 ], [ -77.764633178717119, 40.20405197143559 ], [ -77.763465881353795, 40.203456878662124 ], [ -77.762596130377233, 40.203189849853551 ], [ -77.761665344244406, 40.202732086181598 ], [ -77.760383605963199, 40.202396392822273 ], [ -77.759101867681878, 40.20214462280277 ], [ -77.75782012940067, 40.201881408691364 ], [ -77.757217407232659, 40.201381683349659 ], [ -77.756614685064648, 40.200855255126946 ], [ -77.756080627447488, 40.200920104980433 ], [ -77.755210876470898, 40.199989318847649 ], [ -77.754669189459207, 40.199737548828139 ], [ -77.754104614263895, 40.199241638183587 ], [ -77.7533874511779, 40.198760986328125 ], [ -77.75225067139273, 40.198474884033196 ], [ -77.75108337402942, 40.19829177856446 ], [ -77.749473571783298, 40.198024749755888 ], [ -77.748397827154378, 40.197841644287145 ], [ -77.747085571294988, 40.197570800781286 ], [ -77.744987487798852, 40.194438934326143 ], [ -77.740165710455088, 40.191272735595746 ], [ -77.731124877935343, 40.187210083007798 ], [ -77.730369567876735, 40.187042236328132 ], [ -77.72960662842361, 40.186199188232436 ], [ -77.728729248052559, 40.185039520263665 ], [ -77.728462219243909, 40.184379577636733 ], [ -77.728187561040798, 40.183738708496151 ], [ -77.727470397954889, 40.182800292968722 ], [ -77.725914001470457, 40.181846618652308 ], [ -77.724777221685301, 40.181217193603516 ], [ -77.72364044190013, 40.180709838867152 ], [ -77.722351074224278, 40.180191040039098 ], [ -77.721130371099278, 40.179626464843786 ], [ -77.719543457036792, 40.178985595703097 ], [ -77.718826293950798, 40.178462982177763 ], [ -77.718048095708667, 40.1777153015137 ], [ -77.717803955083625, 40.177234649658224 ], [ -77.716636657720301, 40.176830291748054 ], [ -77.714492797857048, 40.176628112792962 ], [ -77.712913513189008, 40.176105499267599 ], [ -77.711296081548355, 40.175746917724581 ], [ -77.709747314458539, 40.176116943359332 ], [ -77.708412170415571, 40.176879882812464 ], [ -77.705535888677218, 40.178665161132834 ], [ -77.702713012700571, 40.181056976318395 ], [ -77.698448181157559, 40.185165405273487 ], [ -77.696342468266906, 40.186950683593771 ], [ -77.693878173833298, 40.18909072875973 ], [ -77.690284729009065, 40.191959381103487 ], [ -77.689010620122275, 40.192943572998061 ], [ -77.68847656250513, 40.193675994873033 ], [ -77.688034057622247, 40.194271087646477 ], [ -77.678749084477644, 40.202747344970689 ], [ -77.676574707036153, 40.204418182373068 ], [ -77.674293518071281, 40.206256866455043 ], [ -77.672332763676764, 40.207859039306676 ], [ -77.669662475590783, 40.210109710693366 ], [ -77.66805267334469, 40.211460113525391 ], [ -77.666900634770442, 40.213047027587862 ], [ -77.665061950688369, 40.214855194091783 ], [ -77.662620544438383, 40.2168998718262 ], [ -77.66104888916486, 40.21775054931642 ], [ -77.660041809086763, 40.218463897705057 ], [ -77.658241271977374, 40.220024108886733 ], [ -77.647811889652999, 40.224403381347635 ], [ -77.647537231449874, 40.224121093749993 ], [ -77.647445678715513, 40.223827362060518 ], [ -77.647476196293653, 40.223140716552699 ], [ -77.647979736332672, 40.22218322753902 ], [ -77.648506164555386, 40.220901489257827 ], [ -77.649429321293638, 40.219383239746108 ], [ -77.650138854985101, 40.21830749511718 ], [ -77.651115417485045, 40.216823577880902 ], [ -77.65247344971165, 40.214530944824254 ], [ -77.652915954594519, 40.213432312011705 ], [ -77.652938842778042, 40.212421417236357 ], [ -77.652847290043667, 40.212127685546903 ], [ -77.652755737309292, 40.211299896240277 ], [ -77.652786254887445, 40.211029052734347 ], [ -77.652778625492914, 40.210273742675753 ], [ -77.652244567875755, 40.210113525390632 ], [ -77.650932312016295, 40.210395812988274 ], [ -77.64980316162567, 40.21076583862304 ], [ -77.648788452153028, 40.211219787597628 ], [ -77.647209167484988, 40.212139129638679 ], [ -77.64572906494594, 40.21310806274419 ], [ -77.644836425785755, 40.21366119384767 ], [ -77.62958526611763, 40.224212646484368 ], [ -77.625656127933951, 40.226539611816435 ], [ -77.619613647465187, 40.229873657226591 ], [ -77.611938476566621, 40.234279632568395 ], [ -77.609382629398667, 40.235618591308629 ], [ -77.60643005371503, 40.237037658691442 ], [ -77.605636596683738, 40.237346649169886 ], [ -77.601783752445471, 40.233631134033168 ], [ -77.601921081546976, 40.233062744140604 ], [ -77.603096008304831, 40.231697082519567 ], [ -77.605949401859547, 40.228057861328153 ], [ -77.606979370121252, 40.226268768310575 ], [ -77.608108520511891, 40.225124359130902 ], [ -77.609413146976806, 40.223743438720703 ], [ -77.610900878910371, 40.221252441406243 ], [ -77.611816406254192, 40.219806671142543 ], [ -77.612434387211195, 40.218452453613331 ], [ -77.612464904789348, 40.217971801757855 ], [ -77.611862182621337, 40.217384338378935 ], [ -77.61112213135182, 40.217407226562543 ], [ -77.609390258793184, 40.218322753906271 ], [ -77.607254028324377, 40.219776153564489 ], [ -77.60462188721111, 40.221588134765653 ], [ -77.604782104496238, 40.22093200683598 ], [ -77.599960327152473, 40.220027923583984 ], [ -77.600555419925925, 40.215950012207053 ], [ -77.614379882816721, 40.201427459716804 ], [ -77.617996215824576, 40.200061798095668 ], [ -77.621002197269888, 40.198699951171911 ], [ -77.638435363773951, 40.187347412109418 ], [ -77.643241882328752, 40.183258056640661 ], [ -77.645645141606124, 40.180084228515646 ], [ -77.649246215824917, 40.177810668945327 ], [ -77.652252197270315, 40.175086975097642 ], [ -77.655853271489079, 40.171909332275419 ], [ -77.674476623540045, 40.158733367919943 ], [ -77.684677124028553, 40.147834777832038 ], [ -77.687072753911323, 40.144207000732422 ], [ -77.688873291020798, 40.140575408935533 ], [ -77.695465087895812, 40.134220123291023 ], [ -77.700881958013127, 40.133758544921918 ], [ -77.704528808599079, 40.136497497558601 ], [ -77.704284667974079, 40.136943817138643 ], [ -77.703926086431139, 40.137538909912109 ], [ -77.703727722173312, 40.138126373291037 ], [ -77.703636169438951, 40.138725280761761 ], [ -77.703666687017005, 40.13891220092777 ], [ -77.703941345220215, 40.139095306396513 ], [ -77.704620361333426, 40.139225006103487 ], [ -77.70507049561084, 40.139114379882763 ], [ -77.705665588384235, 40.138946533203104 ], [ -77.706436157231906, 40.138488769531243 ], [ -77.706710815435017, 40.138305664062493 ], [ -77.70723724365773, 40.137954711914091 ], [ -77.708160400395997, 40.137458801269545 ], [ -77.709762573247559, 40.136150360107465 ], [ -77.711151123052318, 40.135223388671847 ], [ -77.712608337407829, 40.134372711181619 ], [ -77.714271545415627, 40.13397979736326 ], [ -77.720024108892304, 40.12892913818358 ], [ -77.726127624517389, 40.123424530029297 ], [ -77.736763000494065, 40.114486694335959 ], [ -77.738777160650343, 40.112396240234411 ], [ -77.743576049810613, 40.108654022216804 ], [ -77.746391296392645, 40.106288909912131 ], [ -77.76019287109996, 40.09412384033201 ], [ -77.76137542725229, 40.09342956542973 ], [ -77.763038635260159, 40.092399597167933 ], [ -77.76490020752577, 40.091175079345696 ], [ -77.766853332525841, 40.089344024658168 ], [ -77.768508911139094, 40.08754730224608 ], [ -77.774787902838497, 40.082172393798857 ], [ -77.776649475104094, 40.080589294433572 ], [ -77.778213500983071, 40.078937530517528 ], [ -77.779747009283881, 40.076828002929716 ], [ -77.78146362305344, 40.074851989746065 ], [ -77.78240966797533, 40.073596954345668 ], [ -77.783058166510472, 40.072887420654297 ], [ -77.784774780280031, 40.071781158447308 ], [ -77.786376953131622, 40.070625305175803 ], [ -77.787887573248796, 40.069480895996122 ], [ -77.788764953619946, 40.067802429199197 ], [ -77.789558410651225, 40.066432952880888 ], [ -77.790740966803554, 40.064918518066364 ], [ -77.792694091803625, 40.063213348388622 ], [ -77.793846130377872, 40.062294006347642 ], [ -77.79639434815131, 40.060638427734339 ], [ -77.798171997077105, 40.059143066406236 ], [ -77.799354553229506, 40.058177947998047 ], [ -77.801010131842858, 40.05705642700196 ], [ -77.803581237799932, 40.054393768310561 ], [ -77.805740356452262, 40.052322387695348 ], [ -77.807662963874193, 40.050628662109332 ], [ -77.809761047370316, 40.048927307128871 ], [ -77.811241149909364, 40.047611236572259 ], [ -77.81289672852273, 40.046031951904332 ], [ -77.814369201667319, 40.044834136962869 ], [ -77.815612792975926, 40.044166564941392 ], [ -77.817070007331353, 40.043842315673771 ], [ -77.818290710456367, 40.043540954589872 ], [ -77.822021484382233, 40.040889739990178 ], [ -77.823143005378398, 40.039630889892599 ], [ -77.826362609870642, 40.037120819091783 ], [ -77.827133178718313, 40.036228179931598 ], [ -77.828880310065941, 40.03510284423826 ], [ -77.838905334480216, 40.024127960205064 ], [ -77.840263366706807, 40.022403717040987 ], [ -77.841354370124847, 40.02100372314451 ], [ -77.842590332038952, 40.019786834716804 ], [ -77.844154357917816, 40.018180847167983 ], [ -77.846580505378853, 40.016319274902322 ], [ -77.847557067878881, 40.015602111816442 ], [ -77.84926605225391, 40.014064788818374 ], [ -77.850746154792958, 40.012733459472678 ], [ -77.852249145515614, 40.011722564697244 ], [ -77.85411834717587, 40.010253906250021 ], [ -77.855445861824322, 40.008983612060533 ], [ -77.856712341316552, 40.007701873779247 ], [ -77.857627868660288, 40.006687164306626 ], [ -77.858718872078342, 40.005401611328153 ], [ -77.85956573487131, 40.004344940185575 ], [ -77.861427307136921, 40.002368927001918 ], [ -77.861747741707262, 40.001434326171839 ], [ -77.86200714112131, 40.000770568847642 ], [ -77.863502502449435, 40.000320434570312 ], [ -77.863769531258114, 39.999980926513622 ], [ -77.864303588875273, 39.999542236328111 ], [ -77.864601135262006, 39.999084472656264 ], [ -77.864952087410444, 39.998344421386747 ], [ -77.865394592293313, 39.997596740722607 ], [ -77.866104125984677, 39.996398925781243 ], [ -77.866790771492532, 39.995597839355433 ], [ -77.867500305183896, 39.99500274658206 ], [ -77.868385314949563, 39.994037628173835 ], [ -77.869094848641012, 39.992938995361285 ], [ -77.870193481453498, 39.991153717041016 ], [ -77.871482849129379, 39.987968444824176 ], [ -77.872817993172362, 39.985839843750014 ], [ -77.873107910164549, 39.983936309814467 ], [ -77.87348937989114, 39.982181549072251 ], [ -77.87380218506685, 39.980327606201108 ], [ -77.873886108406779, 39.97851181030277 ], [ -77.873672485359876, 39.976989746093693 ], [ -77.873733520516097, 39.976097106933601 ], [ -77.873962402352078, 39.975151062011733 ], [ -77.874671936043441, 39.973323822021491 ], [ -77.875762939461481, 39.970935821533196 ], [ -77.877914428719293, 39.966587066650412 ], [ -77.878356933602177, 39.965217590332031 ], [ -77.878677368172433, 39.963912963867209 ], [ -77.87893676758658, 39.963466644287081 ], [ -77.879295349129521, 39.962833404541001 ], [ -77.880035400399066, 39.961921691894467 ], [ -77.880149841317049, 39.960639953613274 ], [ -77.880264282235032, 39.959789276123047 ], [ -77.880561828621779, 39.958740234375007 ], [ -77.88124084473499, 39.957687377929688 ], [ -77.882072448738981, 39.956512451171832 ], [ -77.882865905770188, 39.955322265625014 ], [ -77.883430480965501, 39.954479217529311 ], [ -77.884078979500742, 39.952938079834006 ], [ -77.884841918953882, 39.951335906982365 ], [ -77.884979248055402, 39.94916152954098 ], [ -77.884765625008498, 39.947742462158175 ], [ -77.884521484383541, 39.945850372314432 ], [ -77.884307861336623, 39.944862365722614 ], [ -77.884223937996794, 39.944152832031264 ], [ -77.883979797371836, 39.943653106689446 ], [ -77.883590698250714, 39.942878723144496 ], [ -77.883171081551467, 39.94233322143554 ], [ -77.882308959969407, 39.942398071289027 ], [ -77.879379272469379, 39.944011688232393 ], [ -77.877159118660728, 39.945777893066413 ], [ -77.875640869148953, 39.946807861328118 ], [ -77.873390197762248, 39.948116302490199 ], [ -77.870758056648839, 39.949928283691364 ], [ -77.868949890144904, 39.951351165771449 ], [ -77.86524200440266, 39.954082489013686 ], [ -77.862365722664308, 39.956378936767607 ], [ -77.859886169441594, 39.958854675292997 ], [ -77.858283996590018, 39.960803985595682 ], [ -77.856536865242305, 39.962459564208984 ], [ -77.854934692390714, 39.963947296142543 ], [ -77.853607177742262, 39.96477508544924 ], [ -77.853042602546935, 39.965526580810561 ], [ -77.852188110359435, 39.966972351074247 ], [ -77.851242065437532, 39.968551635742195 ], [ -77.850112915046907, 39.970039367675753 ], [ -77.848129272468753, 39.971675872802706 ], [ -77.846054077156154, 39.973300933837869 ], [ -77.843742370613199, 39.97478866577152 ], [ -77.838973999031083, 39.980014801025405 ], [ -77.837425231941182, 39.981925964355483 ], [ -77.830108642585614, 39.9874877929687 ], [ -77.818786621100941, 39.998321533203139 ], [ -77.817832946784534, 39.997955322265653 ], [ -77.816375732429108, 39.997592926025348 ], [ -77.814620971686836, 39.997688293456989 ], [ -77.812835693366523, 39.997920989990213 ], [ -77.810401916510969, 39.998565673828082 ], [ -77.809364318854705, 39.998996734619155 ], [ -77.808738708503171, 39.999256134033189 ], [ -77.807701110846907, 39.999549865722649 ], [ -77.806274414069463, 40.000469207763651 ], [ -77.80511474610077, 40.001449584960938 ], [ -77.804199218756935, 40.002571105956989 ], [ -77.803489685065571, 40.003326416015589 ], [ -77.802780151374108, 40.004066467285185 ], [ -77.801956176764747, 40.00503158569331 ], [ -77.801277160651452, 40.005649566650376 ], [ -77.800331115729563, 40.00634002685549 ], [ -77.799263000495174, 40.007076263427727 ], [ -77.79855346680371, 40.007553100585945 ], [ -77.797492980963924, 40.00840759277343 ], [ -77.796936035163043, 40.009323120117138 ], [ -77.7959594726631, 40.01074218750005 ], [ -77.795104980475585, 40.011711120605426 ], [ -77.793533325202063, 40.012615203857415 ], [ -77.792175292975486, 40.013233184814403 ], [ -77.790779113776267, 40.014011383056619 ], [ -77.789001464850472, 40.014865875244105 ], [ -77.787551879889492, 40.015541076660135 ], [ -77.786308288580884, 40.016616821289062 ], [ -77.785156250006636, 40.01756286621093 ], [ -77.783386230475301, 40.019989013671896 ], [ -77.782386779791736, 40.021278381347656 ], [ -77.781318664557332, 40.022491455078089 ], [ -77.78052520752604, 40.023220062255874 ], [ -77.779281616217517, 40.024143218994134 ], [ -77.778396606451849, 40.024906158447251 ], [ -77.775283813482986, 40.026924133300781 ], [ -77.773323059088469, 40.027751922607401 ], [ -77.772529602057162, 40.028240203857415 ], [ -77.771347045904875, 40.029163360595668 ], [ -77.76980590820952, 40.03034973144532 ], [ -77.76894378662746, 40.031185150146477 ], [ -77.767883300787588, 40.03211975097652 ], [ -77.766876220709477, 40.033103942871072 ], [ -77.765899658209463, 40.03412246704098 ], [ -77.764038085943753, 40.035797119140632 ], [ -77.758094787603866, 40.040668487548842 ], [ -77.753890991217062, 40.044387817382827 ], [ -77.751525878912361, 40.046226501464794 ], [ -77.749420166021707, 40.048313140869169 ], [ -77.748954772955287, 40.048957824707045 ], [ -77.748207092291153, 40.049278259277287 ], [ -77.746986389166139, 40.049278259277294 ], [ -77.746009826666111, 40.049167633056676 ], [ -77.74541473389273, 40.049037933349602 ], [ -77.744873046880954, 40.048854827880866 ], [ -77.74391937256452, 40.048488616943374 ], [ -77.742996215826253, 40.048015594482443 ], [ -77.742156982427815, 40.047584533691378 ], [ -77.741058349615273, 40.047035217285149 ], [ -77.740516662603568, 40.046768188476584 ], [ -77.739593505865287, 40.045837402343786 ], [ -77.738510131841807, 40.044761657714858 ], [ -77.737380981451182, 40.044166564941385 ], [ -77.735885620123071, 40.042968750000043 ], [ -77.734718322759747, 40.042095184326186 ], [ -77.732986450201096, 40.0408744812012 ], [ -77.731765747076111, 40.040344238281236 ], [ -77.730392456060429, 40.039798736572273 ], [ -77.729141235357275, 40.039028167724609 ], [ -77.728179931646324, 40.038440704345689 ], [ -77.726959228521309, 40.037899017333999 ], [ -77.725646972661934, 40.037254333496122 ], [ -77.72475433350175, 40.037239074707067 ], [ -77.723556518560372, 40.037261962890589 ], [ -77.72338867188067, 40.037265777587855 ], [ -77.722579956060329, 40.037174224853487 ], [ -77.721359252935329, 40.036994934082003 ], [ -77.719604492193071, 40.035957336425774 ], [ -77.718200683599335, 40.035026550292976 ], [ -77.716918945318028, 40.034290313720739 ], [ -77.715515136724292, 40.033790588378913 ], [ -77.713844299321963, 40.033000946044908 ], [ -77.71273803711486, 40.032386779785192 ], [ -77.711814880376593, 40.031589508056641 ], [ -77.711128234868752, 40.030929565429709 ], [ -77.710372924810144, 40.029991149902365 ], [ -77.710075378423426, 40.029586791992195 ], [ -77.70965576172425, 40.0286674499512 ], [ -77.709289550786664, 40.02775573730468 ], [ -77.709403991704647, 40.026981353759723 ], [ -77.709190368657772, 40.025875091552763 ], [ -77.708503723150002, 40.025062561035114 ], [ -77.707550048833596, 40.02435684204103 ], [ -77.706710815435073, 40.023674011230476 ], [ -77.706085205083525, 40.023208618164077 ], [ -77.705444335942914, 40.022830963134794 ], [ -77.705276489263255, 40.022735595703139 ], [ -77.704536437993653, 40.022281646728551 ], [ -77.703308105474122, 40.021511077880902 ], [ -77.701766967778767, 40.021446228027315 ], [ -77.692138671880187, 40.018409729003885 ], [ -77.690917968755187, 40.018096923828089 ], [ -77.689369201665329, 40.017158508300767 ], [ -77.688262939458298, 40.016525268554695 ], [ -77.687133789067673, 40.015617370605426 ], [ -77.68593597412621, 40.01472473144532 ], [ -77.684623718266835, 40.01395416259767 ], [ -77.683517456059832, 40.013179779052734 ], [ -77.682479858403582, 40.012607574462884 ], [ -77.680450439458212, 40.011699676513707 ], [ -77.677619934087105, 40.011028289794972 ], [ -77.673210144047957, 40.009716033935518 ], [ -77.671340942387744, 40.009281158447273 ], [ -77.669548034672871, 40.008945465087848 ], [ -77.667823791508781, 40.008487701416001 ], [ -77.667358398442389, 40.008365631103473 ], [ -77.662696838383752, 40.00458908081054 ], [ -77.658493041996962, 40.004142761230497 ], [ -77.654289245610201, 40.005054473876946 ], [ -77.6333694458053, 40.006618499755874 ], [ -77.633171081547474, 40.006233215332038 ], [ -77.633148193363866, 40.00598526000973 ], [ -77.632995605473198, 40.005619049072251 ], [ -77.632812500004448, 40.004631042480504 ], [ -77.632926940922417, 40.004035949707053 ], [ -77.633605957035741, 40.002956390380831 ], [ -77.633720397953724, 40.002204895019517 ], [ -77.633926391606082, 40.001678466796911 ], [ -77.633979797367743, 40.000720977783224 ], [ -77.634101867680286, 39.999893188476527 ], [ -77.632453918461479, 39.997505187988267 ], [ -77.631263732914647, 39.997016906738239 ], [ -77.630310058598212, 39.996860504150391 ], [ -77.629096984867687, 39.996696472167983 ], [ -77.628051757816891, 39.996585845947259 ], [ -77.627075195316948, 39.996429443359411 ], [ -77.625915527348184, 39.99625015258794 ], [ -77.624992370609817, 39.996063232421839 ], [ -77.624008178715343, 39.995857238769574 ], [ -77.62335205078567, 39.995838165283224 ], [ -77.622879028324718, 39.995765686035192 ], [ -77.621749877934008, 39.995422363281243 ], [ -77.620948791508255, 39.995197296142621 ], [ -77.620170593266039, 39.994853973388672 ], [ -77.619194030766025, 39.994419097900419 ], [ -77.618156433109775, 39.993919372558601 ], [ -77.6168441772504, 39.993614196777337 ], [ -77.614112854008127, 39.993003845214893 ], [ -77.610603332523723, 39.992298126220724 ], [ -77.608665466312829, 39.991863250732472 ], [ -77.604415893558823, 39.991191864013715 ], [ -77.602157592777587, 39.990741729736314 ], [ -77.587974548343865, 39.989391326904261 ], [ -77.586875915531309, 39.989368438720732 ], [ -77.585449218753951, 39.989349365234396 ], [ -77.583755493167999, 39.989440917968764 ], [ -77.58093261719138, 39.989501953124979 ], [ -77.578819274906252, 39.989738464355497 ], [ -77.575996398929604, 39.99005508422848 ], [ -77.574478149417899, 39.990329742431662 ], [ -77.572753906253794, 39.990512847900426 ], [ -77.570495605472544, 39.991249084472656 ], [ -77.570022583011607, 39.991432189941406 ], [ -77.568893432620996, 39.992023468017592 ], [ -77.567611694339689, 39.992977142334013 ], [ -77.565887451175598, 39.994560241699205 ], [ -77.564666748050598, 39.995655059814482 ], [ -77.562789916995925, 39.996986389160178 ], [ -77.561515808109164, 39.997806549072251 ], [ -77.560646057132573, 39.998565673828082 ], [ -77.558158874515357, 40.000026702880874 ], [ -77.55625152588253, 40.00237274169919 ], [ -77.552474975589561, 40.001197814941449 ], [ -77.551910400394249, 40.000576019287102 ], [ -77.550758361820002, 40.000118255615256 ], [ -77.549362182620712, 39.999500274658168 ], [ -77.547874450687146, 39.998836517333949 ], [ -77.545822143558269, 39.998466491699205 ], [ -77.544242858890215, 39.998077392578104 ], [ -77.542518615726138, 39.997741699218764 ], [ -77.541038513187104, 39.997512817382791 ], [ -77.539726257327658, 39.997413635253885 ], [ -77.537940979007359, 39.997386932373075 ], [ -77.537338256839348, 39.997402191162081 ], [ -77.534217834476067, 39.994262695312464 ], [ -77.532417297366692, 39.991996765136712 ], [ -77.518005371097004, 39.979755401611285 ], [ -77.513809204104774, 39.97703933715821 ], [ -77.507804870608638, 39.973865509033196 ], [ -77.506004333499263, 39.971599578857436 ], [ -77.50120544433905, 39.967517852783217 ], [ -77.498207092288283, 39.96570587158206 ], [ -77.495201110842899, 39.964344024658196 ], [ -77.492774963381976, 39.963638305664027 ], [ -77.492607116702317, 39.963466644287102 ], [ -77.491981506350697, 39.962821960449219 ], [ -77.491088867190498, 39.96222686767576 ], [ -77.49047088623351, 39.961864471435554 ], [ -77.489814758303837, 39.961425781250036 ], [ -77.489135742190527, 39.961036682128935 ], [ -77.4884490966827, 39.960556030273466 ], [ -77.487945556643595, 39.96032333374022 ], [ -77.486724853518609, 39.960250854492188 ], [ -77.485267639163112, 39.960327148437486 ], [ -77.484230041506862, 39.960456848144553 ], [ -77.482917785647501, 39.960845947265653 ], [ -77.482208251956123, 39.961120605468778 ], [ -77.480926513674831, 39.961185455322244 ], [ -77.480102539065484, 39.960933685302756 ], [ -77.47938537597949, 39.960544586181648 ], [ -77.478378295901408, 39.960365295410178 ], [ -77.477783203127927, 39.960479736328168 ], [ -77.476379394534192, 39.961551666259737 ], [ -77.475608825686521, 39.962604522705057 ], [ -77.475128173831038, 39.963264465332003 ], [ -77.474472045901379, 39.964595794677706 ], [ -77.474082946780271, 39.965782165527351 ], [ -77.473754882815399, 39.966850280761754 ], [ -77.473281860354447, 39.967742919921832 ], [ -77.472686767580967, 39.968528747558601 ], [ -77.46433258056922, 39.973033905029297 ], [ -77.463752746584831, 39.973045349121115 ], [ -77.462593078616052, 39.972656250000014 ], [ -77.461410522463765, 39.972267150878899 ], [ -77.460281372073069, 39.971832275390661 ], [ -77.459922790530115, 39.971649169921847 ], [ -77.458793640139476, 39.971008300781243 ], [ -77.458175659182501, 39.970733642578125 ], [ -77.456924438479348, 39.970336914062486 ], [ -77.456237792971507, 39.970344543457024 ], [ -77.455261230471478, 39.970451354980476 ], [ -77.454162597659021, 39.970703124999972 ], [ -77.453445434573041, 39.97106552124027 ], [ -77.452400207522246, 39.971656799316371 ], [ -77.4515380859402, 39.972160339355469 ], [ -77.450378417971436, 39.972618103027322 ], [ -77.449073791506606, 39.973171234130916 ], [ -77.448181152346407, 39.973529815673857 ], [ -77.447052001955797, 39.973941802978487 ], [ -77.445114135744902, 39.974586486816442 ], [ -77.44365692138939, 39.975059509277365 ], [ -77.442260742190101, 39.975608825683608 ], [ -77.440773010256549, 39.97647857666017 ], [ -77.439842224123737, 39.97711181640625 ], [ -77.438507080080754, 39.978256225585938 ], [ -77.437522888186194, 39.979080200195362 ], [ -77.436988830569049, 39.979515075683594 ], [ -77.435882568361947, 39.980312347412152 ], [ -77.430130004885413, 39.985404968261705 ], [ -77.427330017092387, 39.987743377685582 ], [ -77.425994873049405, 39.988517761230504 ], [ -77.421463012697842, 39.990821838378864 ], [ -77.420692443850172, 39.991294860839822 ], [ -77.419883728029816, 39.992630004882784 ], [ -77.419166564943907, 39.994041442871122 ], [ -77.418380737307174, 39.995143890380859 ], [ -77.418304443361876, 39.995254516601577 ], [ -77.417228698732927, 39.996322631835973 ], [ -77.415351867678254, 39.998180389404268 ], [ -77.41442108154537, 39.999019622802706 ], [ -77.412788391115654, 39.999847412109411 ], [ -77.409202575685981, 40.001426696777337 ], [ -77.404670715334433, 39.998844146728501 ], [ -77.404167175295356, 39.997936248779332 ], [ -77.403785705568779, 39.996856689453125 ], [ -77.403495788576578, 39.995510101318352 ], [ -77.403366088869518, 39.994915008544972 ], [ -77.40328979492422, 39.994522094726605 ], [ -77.403175354006237, 39.99323654174804 ], [ -77.40328979492422, 39.992458343505838 ], [ -77.403503417971123, 39.991634368896513 ], [ -77.403717041018027, 39.990928649902315 ], [ -77.404014587404674, 39.990158081054666 ], [ -77.404220581057018, 39.989692687988267 ], [ -77.404403686525768, 39.988552093505845 ], [ -77.403961181642998, 39.987617492675803 ], [ -77.403663635256251, 39.987064361572294 ], [ -77.403671264650797, 39.986309051513707 ], [ -77.403732299807018, 39.984661102294915 ], [ -77.403709411623495, 39.983913421630866 ], [ -77.403793334963325, 39.983177185058643 ], [ -77.403808593752402, 39.983158111572287 ], [ -77.404586791994518, 39.981990814208991 ], [ -77.405189514162515, 39.977455139160192 ], [ -77.403388977053154, 39.97382736206059 ], [ -77.391403198244504, 39.963844299316385 ], [ -77.393447875978836, 39.958091735839879 ], [ -77.394195556642885, 39.95776748657228 ], [ -77.394905090334348, 39.957401275634794 ], [ -77.396102905275725, 39.956161499023466 ], [ -77.402595520021876, 39.951206207275419 ], [ -77.408279418947728, 39.947010040283224 ], [ -77.409118652346166, 39.946575164794893 ], [ -77.409713745119646, 39.945823669433572 ], [ -77.410217285158637, 39.945201873779325 ], [ -77.410820007326635, 39.94452285766603 ], [ -77.410995483400825, 39.943836212158196 ], [ -77.411170959475029, 39.943515777587855 ], [ -77.41168212890868, 39.942577362060526 ], [ -77.411926269533723, 39.941974639892628 ], [ -77.413330078127458, 39.938568115234347 ], [ -77.414283752443865, 39.936584472656243 ], [ -77.414794921877416, 39.93542098999022 ], [ -77.415245056154831, 39.934917449951229 ], [ -77.416168212893083, 39.933799743652301 ], [ -77.417091369631351, 39.932533264160185 ], [ -77.418762207033751, 39.930664062499986 ], [ -77.421417236330612, 39.927001953125036 ], [ -77.423324584963467, 39.924674987792976 ], [ -77.424133300783808, 39.923324584960923 ], [ -77.424369812014234, 39.922798156738324 ], [ -77.425262451174447, 39.92181777954103 ], [ -77.426124572756478, 39.920833587646456 ], [ -77.426994323733069, 39.919689178466776 ], [ -77.427497863772061, 39.918617248535206 ], [ -77.42807006836189, 39.917362213134808 ], [ -77.428451538088467, 39.916694641113317 ], [ -77.429115295412686, 39.915718078613303 ], [ -77.42933654785412, 39.915275573730497 ], [ -77.429466247561194, 39.915008544921839 ], [ -77.430213928225243, 39.913928985595732 ], [ -77.430839538576777, 39.91304016113282 ], [ -77.431404113772075, 39.912235260009744 ], [ -77.432121276858069, 39.911483764648423 ], [ -77.432601928713552, 39.910572052001967 ], [ -77.432693481447913, 39.909797668457031 ], [ -77.432548522951777, 39.908626556396463 ], [ -77.432342529299419, 39.908073425292962 ], [ -77.431983947756478, 39.907623291015646 ], [ -77.431274414065101, 39.907188415527315 ], [ -77.430084228518183, 39.906799316406214 ], [ -77.428604125979163, 39.906196594238303 ], [ -77.427680969240797, 39.905872344970696 ], [ -77.42649841308851, 39.905456542968807 ], [ -77.425727844240825, 39.904960632324247 ], [ -77.425399780275939, 39.904335021972642 ], [ -77.423721313479092, 39.901794433593757 ], [ -77.423362731936137, 39.901088714599588 ], [ -77.422798156740853, 39.900535583496087 ], [ -77.422027587893155, 39.900173187255881 ], [ -77.421508789065015, 39.900081634521491 ], [ -77.420845031740797, 39.899963378906236 ], [ -77.419715881350172, 39.899986267089851 ], [ -77.416122436525953, 39.900485992431676 ], [ -77.414367675783708, 39.900478363037131 ], [ -77.412734985354007, 39.900844573974631 ], [ -77.411155700686066, 39.901523590087919 ], [ -77.409820556643083, 39.902210235595746 ], [ -77.406555175783666, 39.902549743652351 ], [ -77.405067443850015, 39.902500152587933 ], [ -77.401657104494547, 39.902038574218722 ], [ -77.399276733400782, 39.901737213134815 ], [ -77.398414611818737, 39.902122497558636 ], [ -77.397552490236691, 39.902652740478523 ], [ -77.396034240724973, 39.903453826904332 ], [ -77.395500183107799, 39.904289245605504 ], [ -77.395027160646876, 39.904888153076229 ], [ -77.394104003908524, 39.905498504638679 ], [ -77.391540527346024, 39.906967163085966 ], [ -77.390350341799177, 39.907966613769524 ], [ -77.388862609865527, 39.909294128417962 ], [ -77.387168884279603, 39.910552978515632 ], [ -77.386390686037402, 39.911281585693324 ], [ -77.385078430178041, 39.912143707275362 ], [ -77.383651733400683, 39.912761688232429 ], [ -77.381782531740541, 39.913032531738281 ], [ -77.380531311037402, 39.913105010986307 ], [ -77.37925720215064, 39.913146972656271 ], [ -77.377624511720953, 39.913162231445341 ], [ -77.37687683105689, 39.913253784179709 ], [ -77.375930786135001, 39.913551330566449 ], [ -77.375091552736578, 39.913982391357422 ], [ -77.374443054201436, 39.914466857910156 ], [ -77.374023437502174, 39.915191650390597 ], [ -77.373481750490484, 39.915699005126953 ], [ -77.372802734377188, 39.916152954101534 ], [ -77.372177124025583, 39.916492462158224 ], [ -77.371345520021691, 39.916637420654276 ], [ -77.370452880861492, 39.916561126708984 ], [ -77.369590759279461, 39.916519165039112 ], [ -77.368553161623211, 39.915889739990227 ], [ -77.367073059084191, 39.915111541748026 ], [ -77.366035461427927, 39.91474533081054 ], [ -77.364669799806805, 39.914970397949233 ], [ -77.363838195802899, 39.915309906005852 ], [ -77.363204956056748, 39.91609191894532 ], [ -77.3628234863302, 39.916431427001925 ], [ -77.36201477050993, 39.917484283447237 ], [ -77.359748840334149, 39.919494628906243 ], [ -77.358322143556791, 39.920223236084027 ], [ -77.354446411134845, 39.922637939453089 ], [ -77.352607727052884, 39.923072814941413 ], [ -77.350433349611379, 39.923477172851605 ], [ -77.34883117675983, 39.923706054687493 ], [ -77.347137451173907, 39.923954010009815 ], [ -77.345886230470754, 39.924152374267628 ], [ -77.344612121584007, 39.924865722656257 ], [ -77.343116760255896, 39.925704956054666 ], [ -77.341392517091805, 39.926208496093764 ], [ -77.339790344240242, 39.926589965820334 ], [ -77.338478088380896, 39.926773071289084 ], [ -77.336463928224632, 39.925533294677741 ], [ -77.335426330568367, 39.925140380859361 ], [ -77.334358215333992, 39.924892425537131 ], [ -77.333587646486293, 39.924404144287131 ], [ -77.332366943361308, 39.924884796142599 ], [ -77.330558776857401, 39.925243377685533 ], [ -77.329460144044859, 39.925609588623033 ], [ -77.328598022462813, 39.925655364990263 ], [ -77.325927734376862, 39.923240661621087 ], [ -77.32519531250189, 39.922649383544915 ], [ -77.323799133302686, 39.921958923339893 ], [ -77.322639465333921, 39.921684265136676 ], [ -77.321426391603381, 39.921401977539041 ], [ -77.321037292482373, 39.921218872070298 ], [ -77.320358276369078, 39.920188903808594 ], [ -77.319648742677614, 39.919708251953139 ], [ -77.319091796876847, 39.919109344482408 ], [ -77.31807708740422, 39.918693542480497 ], [ -77.317008972169816, 39.918743133544922 ], [ -77.316093444826009, 39.918735504150369 ], [ -77.314544677736237, 39.918979644775419 ], [ -77.313621520997884, 39.91918945312505 ], [ -77.312644958497941, 39.919162750244176 ], [ -77.312049865724475, 39.919094085693402 ], [ -77.310859680177558, 39.918540954589815 ], [ -77.305541992189276, 39.913421630859396 ], [ -77.304679870607231, 39.912872314453161 ], [ -77.303260803224418, 39.912387847900412 ], [ -77.302047729493978, 39.911815643310568 ], [ -77.300476074220484, 39.910919189453097 ], [ -77.2988128662127, 39.910160064697244 ], [ -77.297660827638481, 39.909725189208999 ], [ -77.296264648439205, 39.909191131591776 ], [ -77.294990539552529, 39.908477783203146 ], [ -77.294342041017302, 39.90795135498044 ], [ -77.292121887208765, 39.905914306640653 ], [ -77.291526794435299, 39.905700683593764 ], [ -77.290786743165782, 39.905200958251939 ], [ -77.289283752443154, 39.904438018798821 ], [ -77.28788757324385, 39.903797149658217 ], [ -77.286880493165768, 39.903358459472699 ], [ -77.285964965821947, 39.902809143066385 ], [ -77.285255432130597, 39.902439117431641 ], [ -77.284629821778978, 39.90198135375978 ], [ -77.284217834474362, 39.901519775390653 ], [ -77.283424377443069, 39.900211334228572 ], [ -77.283187866212543, 39.899757385253892 ], [ -77.282508850099362, 39.898204803466847 ], [ -77.282096862794631, 39.897537231445355 ], [ -77.281181335450825, 39.896587371826215 ], [ -77.280387878419631, 39.896045684814439 ], [ -77.279052734376663, 39.895515441894567 ], [ -77.277687072755526, 39.895462036132791 ], [ -77.276199340821975, 39.895553588867166 ], [ -77.274444580079731, 39.896144866943359 ], [ -77.272300720216478, 39.897304534912124 ], [ -77.270599365235924, 39.898391723632848 ], [ -77.269050598146151, 39.899169921874957 ], [ -77.267807006837558, 39.899463653564425 ], [ -77.266265869142217, 39.899414062500014 ], [ -77.264747619630498, 39.899227142334013 ], [ -77.263977050782842, 39.898853302001982 ], [ -77.262969970704646, 39.898487091064503 ], [ -77.261932373048396, 39.897869110107415 ], [ -77.261344909669475, 39.897369384765604 ], [ -77.260459899903907, 39.896518707275384 ], [ -77.259391784669518, 39.895961761474616 ], [ -77.257377624513239, 39.89531707763674 ], [ -77.256126403810114, 39.895195007324219 ], [ -77.255058288575697, 39.895309448242209 ], [ -77.253784179689035, 39.895511627197294 ], [ -77.253036499024986, 39.89576339721679 ], [ -77.251731872560072, 39.896076202392592 ], [ -77.250808715821819, 39.896282196044965 ], [ -77.249618530274901, 39.896549224853523 ], [ -77.248550415040583, 39.896938323974638 ], [ -77.248443603517131, 39.896965026855511 ], [ -77.247642517091322, 39.895629882812536 ], [ -77.244064331056194, 39.891540527343722 ], [ -77.242370605470171, 39.892391204834048 ], [ -77.242401123048325, 39.891220092773473 ], [ -77.242622375489759, 39.889621734619183 ], [ -77.242927551271023, 39.88854217529299 ], [ -77.243194580079603, 39.887332916259822 ], [ -77.24343872070456, 39.886310577392564 ], [ -77.243629455567842, 39.885070800781236 ], [ -77.24339294433743, 39.883831024169893 ], [ -77.242843627931109, 39.882183074951222 ], [ -77.242462158204546, 39.881469726562493 ], [ -77.241416931153779, 39.881355285644503 ], [ -77.240409851075682, 39.881908416748004 ], [ -77.239036560060001, 39.882789611816399 ], [ -77.237960815431165, 39.883750915527344 ], [ -77.236709594728026, 39.884960174560518 ], [ -77.2360229492202, 39.885936737060533 ], [ -77.234680175782671, 39.887107849121101 ], [ -77.233665466310043, 39.888038635253892 ], [ -77.232887268067842, 39.888721466064453 ], [ -77.232559204102941, 39.889339447021534 ], [ -77.232704162599092, 39.890281677246143 ], [ -77.232757568360768, 39.891010284423835 ], [ -77.232833862306066, 39.892341613769531 ], [ -77.23265075683733, 39.893093109130852 ], [ -77.232261657716222, 39.894165039062521 ], [ -77.231903076173282, 39.894783020019496 ], [ -77.231216430665441, 39.89560699462892 ], [ -77.228408813477984, 39.897586822509773 ], [ -77.225578308106904, 39.899868011474609 ], [ -77.224769592286549, 39.900478363037131 ], [ -77.223670959474077, 39.900794982910128 ], [ -77.222694396974049, 39.900772094726598 ], [ -77.222366333009177, 39.900615692138651 ], [ -77.221832275392018, 39.900379180908239 ], [ -77.22135925293108, 39.900218963623026 ], [ -77.220413208009205, 39.899921417236364 ], [ -77.21996307373179, 39.899986267089851 ], [ -77.219215393067742, 39.900676727294972 ], [ -77.218200683595114, 39.901836395263729 ], [ -77.217453002931066, 39.90265274047853 ], [ -77.216438293458367, 39.904186248779325 ], [ -77.214942932130242, 39.906055450439439 ], [ -77.213592529298197, 39.907863616943352 ], [ -77.212783813477927, 39.909229278564467 ], [ -77.211822509766961, 39.910465240478537 ], [ -77.208816528321606, 39.912467956542983 ], [ -77.20651245117314, 39.914386749267592 ], [ -77.204872131348992, 39.915527343750021 ], [ -77.203796386720043, 39.916133880615277 ], [ -77.202491760255228, 39.916839599609368 ], [ -77.201080322266876, 39.918479919433601 ], [ -77.200881958009049, 39.918663024902344 ], [ -77.194801330567643, 39.917728424072287 ], [ -77.189430236817685, 39.912727355957024 ], [ -77.181724548341023, 39.891853332519524 ], [ -77.179260253907444, 39.887462615966783 ], [ -77.179191589356677, 39.886714935302727 ], [ -77.17899322509885, 39.885456085205078 ], [ -77.178611755372302, 39.884265899658232 ], [ -77.17840576171993, 39.883926391601548 ], [ -77.177848815919162, 39.88348770141603 ], [ -77.177162170411336, 39.883346557617166 ], [ -77.176521301270725, 39.883419036865291 ], [ -77.176368713380128, 39.883228302001996 ], [ -77.162658691407358, 39.86822891235353 ], [ -77.161483764649603, 39.867034912109339 ], [ -77.161605834962046, 39.866401672363281 ], [ -77.161903381348779, 39.86562347412108 ], [ -77.162300109864418, 39.8648681640625 ], [ -77.162719726563665, 39.864093780517571 ], [ -77.16307830810662, 39.8631591796875 ], [ -77.162971496583168, 39.861694335937486 ], [ -77.162590026856606, 39.861213684081996 ], [ -77.162208557130043, 39.860710144043011 ], [ -77.161849975587089, 39.860336303710973 ], [ -77.160522460938665, 39.859947204589886 ], [ -77.159149169922983, 39.860168457031229 ], [ -77.157936096192543, 39.86048889160157 ], [ -77.156745910645625, 39.861007690429737 ], [ -77.155990600587032, 39.861457824707053 ], [ -77.146560668946378, 39.851863861084027 ], [ -77.146575927735469, 39.847782135009759 ], [ -77.137695312501052, 39.827808380126982 ], [ -77.124618530274432, 39.808731079101577 ], [ -77.120460510254915, 39.803279876709013 ], [ -77.116882324219702, 39.800544738769567 ], [ -77.114395141602515, 39.799404144287159 ], [ -77.114028930665029, 39.798667907714822 ], [ -77.113029479981464, 39.797126770019496 ], [ -77.111534118653282, 39.795047760009759 ], [ -77.110275268555696, 39.793457031250021 ], [ -77.109008789063481, 39.792083740234347 ], [ -77.107177734375966, 39.790538787841854 ], [ -77.105789184571279, 39.78977966308598 ], [ -77.104133605957969, 39.789226531982408 ], [ -77.103248596192316, 39.788665771484368 ], [ -77.102401733399375, 39.78862380981451 ], [ -77.101989746094645, 39.787353515625014 ], [ -77.100807189942358, 39.784629821777393 ], [ -77.097236633301662, 39.7805366516113 ], [ -77.085487365723509, 39.768672943115263 ], [ -77.085327148438381, 39.76831054687505 ], [ -77.084945678711819, 39.767925262451207 ], [ -77.084564208985256, 39.767734527587933 ], [ -77.08414459228608, 39.767532348632855 ], [ -77.083412170411009, 39.767272949218807 ], [ -77.081932067871989, 39.766651153564467 ], [ -77.080718994141463, 39.766422271728501 ], [ -77.079948425293892, 39.765987396240249 ], [ -77.079391479493012, 39.765663146972635 ], [ -77.078475952149319, 39.764923095703118 ], [ -77.077301025391463, 39.763816833496122 ], [ -77.075714111328992, 39.762485504150419 ], [ -77.074714660645341, 39.761520385742209 ], [ -77.073974609375853, 39.761028289794929 ], [ -77.073707580567259, 39.760852813720739 ], [ -77.072204589844617, 39.760269165039084 ], [ -77.070190429688367, 39.759464263915987 ], [ -77.068092346192259, 39.758956909179723 ], [ -77.066436767578935, 39.758190155029325 ], [ -77.064964294434461, 39.757404327392599 ], [ -77.06378173828206, 39.756984710693338 ], [ -77.060394287110213, 39.755001068115227 ], [ -77.057502746582827, 39.753177642822244 ], [ -77.055763244629702, 39.752193450927777 ], [ -77.054374694825057, 39.751316070556662 ], [ -77.052932739258623, 39.750392913818409 ], [ -77.05169677734456, 39.748992919921868 ], [ -77.051002502442174, 39.747753143310554 ], [ -77.050506591797642, 39.746105194091768 ], [ -77.049926757813267, 39.74456405639652 ], [ -77.04976654052814, 39.743053436279268 ], [ -77.049659729004688, 39.741516113281307 ], [ -77.049697875977373, 39.740100860595682 ], [ -77.049621582032088, 39.738929748535199 ], [ -77.049514770508637, 39.73804092407228 ], [ -77.049430847168807, 39.737556457519545 ], [ -77.049018859864091, 39.736705780029318 ], [ -77.048019409180455, 39.735858917236349 ], [ -77.046722412110157, 39.735115051269581 ], [ -77.045272827149205, 39.734474182128885 ], [ -77.043853759766407, 39.733985900878956 ], [ -77.042526245117955, 39.733497619628942 ], [ -77.041641235352301, 39.733081817626967 ], [ -77.040969848633551, 39.732578277587876 ], [ -77.040229797364049, 39.731754302978537 ], [ -77.039474487305455, 39.73060607910157 ], [ -77.039039611817216, 39.729087829589872 ], [ -77.0386657714851, 39.727870941162138 ], [ -77.038108825684333, 39.726978302001982 ], [ -77.037315368653125, 39.726398468017585 ], [ -77.036285400391336, 39.725688934326229 ], [ -77.034667968750725, 39.724651336669901 ], [ -77.033195495606236, 39.723659515380888 ], [ -77.031486511231236, 39.722572326660149 ], [ -77.030250549317174, 39.721721649169929 ], [ -77.029457092285895, 39.721076965332067 ], [ -77.028724670410924, 39.720226287841825 ], [ -77.028015136719489, 39.719902038574205 ], [ -77.026687622071037, 39.719306945800746 ], [ -77.025184631348395, 39.718563079833977 ], [ -77.024414062500739, 39.718147277832081 ], [ -77.023086547852301, 39.717594146728494 ], [ -77.022140502930426, 39.717357635498061 ], [ -77.020576477051478, 39.717124938964844 ], [ -77.020164489746762, 39.716842651367173 ], [ -77.019515991211634, 39.716518402099659 ], [ -77.017700195313182, 39.716770172119155 ], [ -77.016578674317103, 39.716896057128928 ], [ -77.015304565430341, 39.717071533203139 ], [ -77.013221740723324, 39.717681884765675 ], [ -77.012092590332713, 39.718090057373033 ], [ -77.01058197021554, 39.718421936035192 ], [ -77.009567260742912, 39.718666076660156 ], [ -77.00865173339912, 39.718635559082102 ], [ -77.007766723633452, 39.718406677246108 ], [ -77.006790161133509, 39.71826553344723 ], [ -77.006141662598296, 39.717914581298835 ], [ -77.005256652832728, 39.717388153076229 ], [ -77.004463195801449, 39.716953277587891 ], [ -77.003990173340512, 39.716762542724609 ], [ -77.003044128418637, 39.716419219970739 ], [ -77.001564025879532, 39.715660095214879 ], [ -77.000495910645228, 39.715110778808572 ], [ -77.00002288818429, 39.714603424072308 ], [ -76.999671936035796, 39.714153289794972 ], [ -76.999198913574858, 39.713413238525384 ], [ -76.998550415039716, 39.712703704834027 ], [ -76.998168945313154, 39.712017059326193 ], [ -76.99769592285223, 39.711376190185597 ], [ -76.99684143066473, 39.710388183593757 ], [ -76.996101379395213, 39.709583282470682 ], [ -76.995422363281918, 39.708919525146449 ], [ -76.994476318360043, 39.70861816406255 ], [ -76.992668151856137, 39.70868682861331 ], [ -76.988342285156875, 39.708858489990234 ], [ -76.987014770508452, 39.708854675292969 ], [ -76.985351562500597, 39.708972930908232 ], [ -76.983337402344404, 39.709289550781307 ], [ -76.982238769531861, 39.709556579589893 ], [ -76.981704711914716, 39.70972061157228 ], [ -76.981025695801421, 39.709465026855504 ], [ -76.98025512695375, 39.709125518798828 ], [ -76.979515075684247, 39.708793640136761 ], [ -76.97863006591858, 39.708477020263679 ], [ -76.977981567383438, 39.708362579345703 ], [ -76.977058410645114, 39.708332061767642 ], [ -76.976112365723239, 39.708286285400405 ], [ -76.974807739258438, 39.708217620849638 ], [ -76.973983764649077, 39.708141326904361 ], [ -76.972473144531889, 39.707824707031271 ], [ -76.971290588379503, 39.707401275634766 ], [ -76.970489501953693, 39.706947326660178 ], [ -76.969512939453764, 39.706512451171925 ], [ -76.968040466309191, 39.705478668212855 ], [ -76.967300415039688, 39.704696655273487 ], [ -76.966796875000597, 39.703895568847663 ], [ -76.966712951660753, 39.703372955322315 ], [ -76.966743469238907, 39.702865600585952 ], [ -76.966926574707657, 39.702152252197251 ], [ -76.966720581055313, 39.70133590698245 ], [ -76.966163635254532, 39.700733184814439 ], [ -76.965660095215441, 39.700462341308601 ], [ -76.964859008789631, 39.700485229492209 ], [ -76.963760375977159, 39.700775146484411 ], [ -76.962661743164617, 39.701045989990241 ], [ -76.961860656738878, 39.701362609863338 ], [ -76.960823059082642, 39.701705932617202 ], [ -76.959846496582614, 39.702003479003928 ], [ -76.958747863770071, 39.70238876342777 ], [ -76.95780181884821, 39.702686309814489 ], [ -76.957000732422458, 39.702915191650369 ], [ -76.955787658691932, 39.703113555908196 ], [ -76.955162048340426, 39.70332336425782 ], [ -76.954010009766179, 39.703567504882869 ], [ -76.952201843262273, 39.704006195068381 ], [ -76.950599670410739, 39.70417785644532 ], [ -76.949172973633395, 39.704082489013679 ], [ -76.948318481445895, 39.703853607177791 ], [ -76.947166442871648, 39.703304290771484 ], [ -76.946365356445838, 39.702796936035206 ], [ -76.945953369141208, 39.702289581298849 ], [ -76.945281982422458, 39.701309204101562 ], [ -76.94466400146537, 39.700393676757855 ], [ -76.9442214965826, 39.699588775634759 ], [ -76.943748474121662, 39.698848724365249 ], [ -76.943458557129475, 39.698097229003935 ], [ -76.943130493164603, 39.69731903076174 ], [ -76.942398071289631, 39.696582794189489 ], [ -76.941749572754489, 39.696216583251996 ], [ -76.941009521484872, 39.695823669433643 ], [ -76.940353393555199, 39.695499420166016 ], [ -76.939704895020057, 39.695278167724581 ], [ -76.938728332520043, 39.695068359375057 ], [ -76.9377517700201, 39.695201873779283 ], [ -76.937187194824801, 39.695087432861307 ], [ -76.936157226563012, 39.695083618164027 ], [ -76.935676574707543, 39.695102691650384 ], [ -76.93479156494196, 39.695259094238345 ], [ -76.933570861816889, 39.69569396972657 ], [ -76.932655334473182, 39.696258544921868 ], [ -76.930786132813054, 39.697128295898452 ], [ -76.929504394531762, 39.697998046875014 ], [ -76.928588867188054, 39.698471069335952 ], [ -76.927848815918438, 39.698905944824197 ], [ -76.926719665527827, 39.699638366699261 ], [ -76.925735473633353, 39.700157165527337 ], [ -76.925231933594276, 39.70063400268554 ], [ -76.924697875977031, 39.701137542724624 ], [ -76.924407958984929, 39.701538085937536 ], [ -76.923141479492713, 39.697803497314467 ], [ -76.919578552246577, 39.695068359375057 ], [ -76.914207458496548, 39.694133758544886 ], [ -76.910621643066889, 39.693664550781236 ], [ -76.902114868164517, 39.693149566650426 ], [ -76.901809692383253, 39.692913055419908 ], [ -76.901580810547358, 39.69219589233402 ], [ -76.900993347168438, 39.691169738769588 ], [ -76.900344848633296, 39.690315246581989 ], [ -76.899841308594219, 39.689468383789048 ], [ -76.899284362793438, 39.688575744628949 ], [ -76.899261474609816, 39.687656402587869 ], [ -76.899299621582514, 39.686359405517599 ], [ -76.898918151855952, 39.68445587158206 ], [ -76.899284362793438, 39.681934356689446 ], [ -76.899291992187983, 39.681159973144503 ], [ -76.899299621582514, 39.680133819580071 ], [ -76.899177551269972, 39.679439544677791 ], [ -76.899093627930142, 39.678848266601591 ], [ -76.89894866943402, 39.678112030029276 ], [ -76.898475646973083, 39.677650451660142 ], [ -76.898330688477031, 39.677131652832074 ], [ -76.898101806641051, 39.676811218261726 ], [ -76.897743225098097, 39.676509857177727 ], [ -76.897033691406762, 39.676296234130824 ], [ -76.896415710449688, 39.676177978515668 ], [ -76.895912170410583, 39.675910949707088 ], [ -76.895378112793423, 39.675563812255859 ], [ -76.894966125488708, 39.675239562988338 ], [ -76.89431762695358, 39.674663543701222 ], [ -76.894027709961392, 39.674049377441428 ], [ -76.893585205078622, 39.673404693603544 ], [ -76.893798828125412, 39.672698974609382 ], [ -76.894302368164517, 39.672241210937528 ], [ -76.895759582519986, 39.670940399169965 ], [ -76.89646911621135, 39.670116424560526 ], [ -76.896949768066833, 39.669342041015604 ], [ -76.897369384766094, 39.66881561279299 ], [ -76.897544860840284, 39.668449401855518 ], [ -76.897460937500441, 39.667621612548814 ], [ -76.896934509277841, 39.666820526123075 ], [ -76.895690917969247, 39.666156768798864 ], [ -76.895042419434006, 39.665920257568359 ], [ -76.893981933594247, 39.665462493896484 ], [ -76.89297485351608, 39.664936065673878 ], [ -76.891792297363779, 39.664424896240263 ], [ -76.891380310059063, 39.664379119873018 ], [ -76.892356872559091, 39.662750244140675 ], [ -76.89476013183635, 39.660495758056634 ], [ -76.914581298828665, 39.647895812988267 ], [ -76.922973632813054, 39.644306182861357 ], [ -76.929557800293537, 39.642070770263658 ], [ -76.952896118164645, 39.636734008789041 ], [ -76.980461120606108, 39.624610900878885 ], [ -76.98465728759831, 39.621910095214872 ], [ -76.990676879883495, 39.616043090820305 ], [ -76.991882324219404, 39.613327026367223 ], [ -76.991943359375625, 39.613147735595739 ], [ -76.992851257324887, 39.6129150390625 ], [ -76.993469238281889, 39.612731933593757 ], [ -76.994712829590483, 39.612575531005916 ], [ -76.995361328125711, 39.61271667480468 ], [ -76.995925903321009, 39.61285018920902 ], [ -76.996520996094389, 39.612850189209013 ], [ -76.997138977051463, 39.61269378662108 ], [ -76.998237609863907, 39.612468719482457 ], [ -76.998832702637372, 39.611888885498082 ], [ -77.000488281250696, 39.610870361328182 ], [ -77.000991821289688, 39.610458374023459 ], [ -77.00344085693429, 39.606739044189474 ], [ -77.003746032715554, 39.605941772460938 ], [ -77.00357818603581, 39.605258941650369 ], [ -77.003166198731179, 39.604606628417969 ], [ -77.002464294434262, 39.604331970214844 ], [ -77.001548767090554, 39.603824615478494 ], [ -77.001174926758537, 39.603183746337905 ], [ -77.001716613770228, 39.60208511352544 ], [ -77.002494812012429, 39.600852966308643 ], [ -77.003250122071009, 39.599464416503899 ], [ -77.004295349121776, 39.598327636718764 ], [ -77.00510406494206, 39.597366333007834 ], [ -77.005790710449901, 39.596572875976548 ], [ -77.005920410156961, 39.595676422119176 ], [ -77.005485534668637, 39.594665527343736 ], [ -77.005050659180384, 39.593547821044929 ], [ -77.004264831543637, 39.592761993408189 ], [ -77.003593444824887, 39.59191513061522 ], [ -77.003303527832685, 39.591091156005874 ], [ -77.003547668457742, 39.590152740478537 ], [ -77.003562927246819, 39.589050292968729 ], [ -77.003364562988992, 39.587955474853551 ], [ -77.002693176270242, 39.587265014648445 ], [ -77.001838684082742, 39.586963653564446 ], [ -77.001007080078779, 39.587528228759751 ], [ -76.998306274414759, 39.588302612304688 ], [ -76.994468688965526, 39.58940505981451 ], [ -76.993965148926435, 39.589179992675788 ], [ -76.993286132813125, 39.58881378173831 ], [ -76.992904663086563, 39.588397979736328 ], [ -76.992668151856137, 39.588031768798835 ], [ -76.992820739746733, 39.587162017822266 ], [ -76.992973327637429, 39.586540222168026 ], [ -76.993209838867827, 39.585670471191435 ], [ -76.993301391602216, 39.585262298583977 ], [ -76.993392944336577, 39.584342956543004 ], [ -76.993423461914745, 39.583999633789055 ], [ -76.993423461914745, 39.583496093750057 ], [ -76.993339538574915, 39.582973480224624 ], [ -76.99319458007875, 39.582672119140611 ], [ -76.993103027344389, 39.58228302001951 ], [ -76.992721557617827, 39.581626892089844 ], [ -76.992637634277983, 39.581508636474581 ], [ -76.991958618164702, 39.580612182617223 ], [ -76.991516113281918, 39.580219268798857 ], [ -76.991607666016293, 39.579105377197315 ], [ -76.991462707520142, 39.578323364257841 ], [ -76.991409301758466, 39.577495574951143 ], [ -76.991325378418637, 39.57667541503907 ], [ -76.991149902344432, 39.575687408447244 ], [ -76.990943908692074, 39.575321197509744 ], [ -76.99058532714912, 39.574703216552763 ], [ -76.990356445313154, 39.574268341064439 ], [ -76.99008941650456, 39.57396697998044 ], [ -76.989562988281875, 39.573211669921847 ], [ -76.989295959473296, 39.572708129882862 ], [ -76.989120483399091, 39.571929931640646 ], [ -76.989036560059262, 39.570713043212947 ], [ -76.988891601563125, 39.56994247436527 ], [ -76.988899230957657, 39.568752288818359 ], [ -76.988693237305299, 39.568107604980476 ], [ -76.988395690918665, 39.567443847656257 ], [ -76.988189697266307, 39.567096710205121 ], [ -76.987983703613949, 39.566761016845717 ], [ -76.987663269043594, 39.566249847412081 ], [ -76.987342834473338, 39.56572723388674 ], [ -76.986900329590455, 39.565471649169972 ], [ -76.986778259278026, 39.564987182617237 ], [ -76.986129760742799, 39.564323425293018 ], [ -76.985984802246747, 39.563686370849602 ], [ -76.985847473145142, 39.562488555908232 ], [ -76.985610961914716, 39.56130218505858 ], [ -76.985618591309262, 39.560367584228516 ], [ -76.985946655274049, 39.559448242187543 ], [ -76.986541748047514, 39.558441162109368 ], [ -76.986831665039702, 39.558074951171882 ], [ -76.987754821777969, 39.557067871093793 ], [ -76.988288879395213, 39.556529998779297 ], [ -76.988761901856151, 39.555995941162116 ], [ -76.989295959473296, 39.555103302001939 ], [ -76.989837646484986, 39.554347991943352 ], [ -76.990158081055327, 39.553665161132784 ], [ -76.990577697754588, 39.552955627441442 ], [ -76.990875244141321, 39.552322387695291 ], [ -76.990905761719375, 39.551651000976541 ], [ -76.990913391113921, 39.550643920898452 ], [ -76.990821838379546, 39.549800872802749 ], [ -76.99076843261787, 39.548973083496143 ], [ -76.991035461426449, 39.547992706298849 ], [ -76.991333007813168, 39.547439575195362 ], [ -76.991600036621747, 39.54721832275392 ], [ -76.991958618164702, 39.546985626220675 ], [ -76.992729187012358, 39.546669006347685 ], [ -76.993499755860043, 39.546302795410213 ], [ -76.993995666504588, 39.546230316162088 ], [ -76.994972229004603, 39.546096801757855 ], [ -76.995567321777983, 39.546031951904276 ], [ -76.996246337891264, 39.546012878418026 ], [ -76.997131347656918, 39.546077728271513 ], [ -76.997779846192074, 39.546218872070298 ], [ -76.998344421387358, 39.54633712768554 ], [ -76.999168395996804, 39.546474456787138 ], [ -77.000053405762372, 39.546775817871143 ], [ -77.00052642822331, 39.546684265136761 ], [ -77.000305175781961, 39.546951293945341 ], [ -77.001640319824929, 39.546962738037159 ], [ -77.00308990478581, 39.54682922363282 ], [ -77.00465393066473, 39.546333312988267 ], [ -77.006378173828807, 39.545433044433636 ], [ -77.00801849365304, 39.543834686279276 ], [ -77.009513854981165, 39.542495727539027 ], [ -77.010673522949929, 39.541404724121115 ], [ -77.01139068603581, 39.540515899658189 ], [ -77.011604309082713, 39.539829254150362 ], [ -77.011619567871804, 39.538871765136697 ], [ -77.012428283692159, 39.537776947021513 ], [ -77.013504028320995, 39.536090850830135 ], [ -77.014373779297586, 39.535015106201193 ], [ -77.015213012696009, 39.533782958984396 ], [ -77.015724182129617, 39.533168792724602 ], [ -77.016136169434333, 39.532855987548892 ], [ -77.016960144043694, 39.532993316650391 ], [ -77.018119812012458, 39.532932281494176 ], [ -77.019157409668694, 39.532703399658203 ], [ -77.019905090332756, 39.531772613525412 ], [ -77.020980834961676, 39.530132293701172 ], [ -77.022117614746819, 39.528491973876932 ], [ -77.022872924805426, 39.527191162109382 ], [ -77.023803710938211, 39.52549743652348 ], [ -77.024696350098395, 39.524593353271484 ], [ -77.025566101074972, 39.523979187011776 ], [ -77.026390075684319, 39.52398300170902 ], [ -77.027305603028125, 39.523895263671925 ], [ -77.028198242188225, 39.52349472045902 ], [ -77.029678344727344, 39.523132324218807 ], [ -77.030883789063253, 39.523273468017578 ], [ -77.031738281250739, 39.523990631103565 ], [ -77.032226562500753, 39.525115966796918 ], [ -77.032836914063296, 39.526557922363331 ], [ -77.032676696778069, 39.527866363525412 ], [ -77.031860351563267, 39.529457092285149 ], [ -77.031288146973424, 39.530990600585945 ], [ -77.03076934814527, 39.53224182128907 ], [ -77.030609130860128, 39.533477783203132 ], [ -77.03089904785233, 39.53450775146483 ], [ -77.031684875489063, 39.535449981689439 ], [ -77.032714843750767, 39.535877227783232 ], [ -77.03377532959064, 39.536632537841818 ], [ -77.0347595214851, 39.53808212280277 ], [ -77.035552978516378, 39.538906097412116 ], [ -77.03628540039135, 39.539505004882834 ], [ -77.037261962891378, 39.539608001709013 ], [ -77.038513183594532, 39.538837432861349 ], [ -77.040260314942216, 39.53760528564456 ], [ -77.041046142578864, 39.536186218261768 ], [ -77.041381835938282, 39.535003662109382 ], [ -77.041213989258623, 39.533878326416037 ], [ -77.040222167969517, 39.532886505126939 ], [ -77.039367675782017, 39.532016754150362 ], [ -77.038642883301591, 39.531238555908267 ], [ -77.038475036621833, 39.530178070068402 ], [ -77.038841247559404, 39.52899169921875 ], [ -77.039878845215654, 39.52812576293946 ], [ -77.041221618653154, 39.526878356933594 ], [ -77.042266845703935, 39.525806427001918 ], [ -77.042869567871861, 39.524730682373082 ], [ -77.042877197266392, 39.52391052246093 ], [ -77.04347991943439, 39.522521972656278 ], [ -77.044174194336762, 39.52135848999022 ], [ -77.044860839844503, 39.520488739013665 ], [ -77.045631408692159, 39.519737243652351 ], [ -77.0463180542, 39.519535064697244 ], [ -77.04743194580162, 39.519676208496115 ], [ -77.048377990723495, 39.519752502441428 ], [ -77.04924011230554, 39.51939392089848 ], [ -77.049987792969588, 39.518569946289041 ], [ -77.050735473633637, 39.517654418945334 ], [ -77.051567077637515, 39.517227172851541 ], [ -77.053131103516463, 39.517219543457088 ], [ -77.054611206055469, 39.517127990722614 ], [ -77.055877685547699, 39.516906738281286 ], [ -77.057067871094532, 39.516498565673828 ], [ -77.057838439942188, 39.516128540039084 ], [ -77.058464050293821, 39.515827178955078 ], [ -77.058998107910966, 39.515247344970689 ], [ -77.058914184571137, 39.514682769775384 ], [ -77.058540344239105, 39.513923645019531 ], [ -77.058341979981279, 39.513702392578097 ], [ -77.058784484864063, 39.51158142089848 ], [ -77.058807373047671, 39.51091003417973 ], [ -77.059661865235185, 39.51063156127934 ], [ -77.06060791015706, 39.510021209716804 ], [ -77.061332702637571, 39.50909042358402 ], [ -77.062316894532046, 39.508064270019581 ], [ -77.063591003418793, 39.507175445556669 ], [ -77.064842224121932, 39.506362915039041 ], [ -77.065849304200029, 39.505718231201172 ], [ -77.066238403321137, 39.505012512207074 ], [ -77.067108154297713, 39.504077911376932 ], [ -77.067848205567216, 39.503379821777386 ], [ -77.06883239746179, 39.50260543823245 ], [ -77.069107055664887, 39.501796722412102 ], [ -77.069053649903225, 39.500816345214901 ], [ -77.073936462403253, 39.493900299072287 ], [ -77.073997497559475, 39.493602752685533 ], [ -77.073944091797799, 39.493171691894574 ], [ -77.073654174805611, 39.492633819580064 ], [ -77.073570251465668, 39.492042541503949 ], [ -77.073608398438367, 39.491680145263665 ], [ -77.073699951172728, 39.490894317627003 ], [ -77.073768615723509, 39.490516662597713 ], [ -77.073799133301648, 39.490055084228501 ], [ -77.073837280274347, 39.489639282226598 ], [ -77.07395935058679, 39.489116668701158 ], [ -77.074203491211833, 39.488777160644567 ], [ -77.074615478516463, 39.488498687744169 ], [ -77.075035095215711, 39.488304138183629 ], [ -77.07538604736412, 39.488117218017642 ], [ -77.076011657715739, 39.487915039062528 ], [ -77.077041625977444, 39.487953186035135 ], [ -77.07754516601652, 39.48797988891603 ], [ -77.07804870605554, 39.487709045410178 ], [ -77.078231811524375, 39.487525939941428 ], [ -77.07840728759858, 39.487270355224666 ], [ -77.078529357911009, 39.487026214599616 ], [ -77.078445434571179, 39.486721038818331 ], [ -77.07786560058679, 39.485992431640639 ], [ -77.077606201172742, 39.485752105712855 ], [ -77.077278137207955, 39.485435485839886 ], [ -77.074462890625867, 39.481590270996101 ], [ -77.073966979981321, 39.480995178222649 ], [ -77.072196960450114, 39.478698730468736 ], [ -77.07189178466885, 39.478290557861364 ], [ -77.076293945313395, 39.474018096923878 ], [ -77.086509704590767, 39.45909500122071 ], [ -77.086906433106421, 39.457351684570298 ], [ -77.087318420411037, 39.457324981689517 ], [ -77.088150024415015, 39.457057952880831 ], [ -77.088714599610327, 39.456577301025369 ], [ -77.089195251465796, 39.455577850341825 ], [ -77.089385986329077, 39.454711914062521 ], [ -77.089630126954049, 39.454067230224659 ], [ -77.089904785157159, 39.453296661376989 ], [ -77.090385437012642, 39.452358245849652 ], [ -77.090835571289958, 39.451496124267628 ], [ -77.091194152832998, 39.450965881347642 ], [ -77.091766357422827, 39.450489044189439 ], [ -77.093009948731421, 39.450130462646484 ], [ -77.093688964844645, 39.44968032836919 ], [ -77.09413909912206, 39.449050903320305 ], [ -77.094207763672813, 39.44801330566407 ], [ -77.094047546387685, 39.447032928466768 ], [ -77.093940734864248, 39.445934295654311 ], [ -77.093948364258779, 39.445087432861357 ], [ -77.093986511231392, 39.444511413574233 ], [ -77.094650268555597, 39.443508148193345 ], [ -77.095245361329049, 39.443099975585973 ], [ -77.096221923829077, 39.442649841308572 ], [ -77.097732543946265, 39.441974639892635 ], [ -77.099273681641577, 39.441394805908246 ], [ -77.101081848145483, 39.440654754638651 ], [ -77.101585388184589, 39.440132141113317 ], [ -77.102516174317373, 39.439041137695298 ], [ -77.103324890137642, 39.437854766845724 ], [ -77.10388946533304, 39.43725967407228 ], [ -77.104667663575157, 39.436576843261719 ], [ -77.105445861817373, 39.435646057128942 ], [ -77.105804443360313, 39.434963226318366 ], [ -77.106201171875952, 39.433963775634801 ], [ -77.106422424317387, 39.432979583740263 ], [ -77.106956481934546, 39.432384490966818 ], [ -77.107643127442373, 39.431751251220746 ], [ -77.107971191407259, 39.431095123291051 ], [ -77.108184814454077, 39.430587768554695 ], [ -77.108253479004901, 39.429557800293004 ], [ -77.108207702637685, 39.428848266601562 ], [ -77.107948303223637, 39.428184509277344 ], [ -77.107276916504887, 39.427333831787131 ], [ -77.106964111329077, 39.426834106445298 ], [ -77.106529235840839, 39.425956726074183 ], [ -77.106353759766634, 39.425430297851577 ], [ -77.106689453125966, 39.424747467041016 ], [ -77.107215881348665, 39.423885345458984 ], [ -77.107788085938523, 39.423377990722713 ], [ -77.108062744141634, 39.423156738281264 ], [ -77.110168457032273, 39.4219360351563 ], [ -77.110877990723623, 39.421798706054695 ], [ -77.1117095947276, 39.421485900878892 ], [ -77.115478515626009, 39.419334411621122 ], [ -77.1159820556651, 39.419109344482408 ], [ -77.117141723633878, 39.418323516845774 ], [ -77.124183654786236, 39.413223266601584 ], [ -77.124809265137756, 39.412929534912116 ], [ -77.126113891602557, 39.412475585937528 ], [ -77.127182006836961, 39.411735534668026 ], [ -77.128700256348679, 39.410068511962891 ], [ -77.129608154297941, 39.408309936523487 ], [ -77.131210327149503, 39.404640197753906 ], [ -77.131660461426833, 39.404281616210973 ], [ -77.132522583008864, 39.403507232666044 ], [ -77.134124755860412, 39.402057647705071 ], [ -77.136093139649532, 39.400192260742237 ], [ -77.136955261231563, 39.399417877197301 ], [ -77.137672424317458, 39.398487091064503 ], [ -77.1381607055675, 39.396865844726612 ], [ -77.138938903809702, 39.395931243896449 ], [ -77.139175415040199, 39.395690917968771 ], [ -77.155395507813608, 39.38224411010745 ], [ -77.171539306641833, 39.366878509521506 ], [ -77.175727844239489, 39.36099624633794 ], [ -77.180511474610611, 39.35692596435544 ], [ -77.176803588868424, 39.350872039794957 ], [ -77.177940368653594, 39.350681304931662 ], [ -77.178939819337231, 39.350807189941364 ], [ -77.180740356446606, 39.350421905517635 ], [ -77.181800842286464, 39.350044250488267 ], [ -77.183403015137998, 39.349391937255845 ], [ -77.184967041016876, 39.348667144775419 ], [ -77.185623168946549, 39.348331451415987 ], [ -77.186630249024731, 39.347896575927756 ], [ -77.187629699708268, 39.347381591796839 ], [ -77.188346862794248, 39.346767425537131 ], [ -77.189208984376293, 39.346153259277315 ], [ -77.189682006837216, 39.345840454101605 ], [ -77.19036102295054, 39.345268249511768 ], [ -77.191345214845015, 39.344501495361364 ], [ -77.191909790040413, 39.343841552734425 ], [ -77.192481994630256, 39.342975616455121 ], [ -77.192672729493538, 39.34162139892581 ], [ -77.194290161134148, 39.335552215576143 ], [ -77.194656372071634, 39.33477401733402 ], [ -77.194633483888026, 39.334014892578182 ], [ -77.194908142091137, 39.333290100097656 ], [ -77.195251464845114, 39.333000183105462 ], [ -77.195495605470057, 39.332794189453104 ], [ -77.196624755860697, 39.332221984863267 ], [ -77.197624206544319, 39.331958770751967 ], [ -77.198516845704432, 39.331752777099595 ], [ -77.199073791505199, 39.331645965576151 ], [ -77.199638366700597, 39.33141708374027 ], [ -77.200225830079432, 39.331123352050803 ], [ -77.200675964356847, 39.330810546875 ], [ -77.201240539552145, 39.330032348632798 ], [ -77.201507568360725, 39.329463958740227 ], [ -77.20178222656385, 39.328964233398494 ], [ -77.20214080810679, 39.328456878662131 ], [ -77.202407836915384, 39.327705383300817 ], [ -77.202423095704447, 39.326499938964822 ], [ -77.202522277833353, 39.325534820556591 ], [ -77.202705383302103, 39.324855804443402 ], [ -77.202949523927145, 39.323749542236321 ], [ -77.202865600587316, 39.323345184326151 ], [ -77.202545166016975, 39.323108673095717 ], [ -77.201461791993495, 39.322715759277351 ], [ -77.201080322266918, 39.32268905639647 ], [ -77.200256347657586, 39.32263946533206 ], [ -77.199874877931038, 39.322265625000028 ], [ -77.198707580567728, 39.321533203124979 ], [ -77.197532653809958, 39.320655822753963 ], [ -77.196716308595057, 39.320236206054695 ], [ -77.19606781005993, 39.319889068603551 ], [ -77.195869445802117, 39.319507598876996 ], [ -77.195960998536464, 39.318820953369169 ], [ -77.196357727052103, 39.31779479980473 ], [ -77.196868896485753, 39.316719055175795 ], [ -77.197265625001279, 39.315578460693374 ], [ -77.197654724122401, 39.314708709716811 ], [ -77.197952270509134, 39.314186096191378 ], [ -77.198287963868566, 39.313205718994176 ], [ -77.198120117188793, 39.312244415283232 ], [ -77.19768524170054, 39.311458587646491 ], [ -77.197486877442714, 39.311004638671889 ], [ -77.197174072266932, 39.310173034668018 ], [ -77.196998596192714, 39.309654235839858 ], [ -77.196891784669262, 39.308799743652358 ], [ -77.197486877442714, 39.30768966674809 ], [ -77.197822570802145, 39.306999206542976 ], [ -77.197921752931066, 39.305908203124993 ], [ -77.197753906251293, 39.304992675781264 ], [ -77.19763946533331, 39.304252624511761 ], [ -77.19750976562635, 39.30323028564451 ], [ -77.197631835938864, 39.302650451660142 ], [ -77.197967529298211, 39.301696777343729 ], [ -77.198501586915356, 39.301055908203125 ], [ -77.199356079102856, 39.30035781860348 ], [ -77.199470520020839, 39.300296783447266 ], [ -77.200309753419262, 39.299835205078146 ], [ -77.200492858888097, 39.299777984619197 ], [ -77.201133728028708, 39.299583435058629 ], [ -77.201904296876364, 39.299228668212869 ], [ -77.202552795411506, 39.298980712890625 ], [ -77.203407287599006, 39.298820495605511 ], [ -77.204238891602898, 39.298553466796854 ], [ -77.20447540283341, 39.298465728759744 ], [ -77.204917907716194, 39.298034667968786 ], [ -77.20528411865368, 39.297119140624972 ], [ -77.20528411865368, 39.296390533447273 ], [ -77.205322265626364, 39.295837402343778 ], [ -77.205177307130228, 39.295452117919936 ], [ -77.205009460450569, 39.295131683349595 ], [ -77.204948425294347, 39.294826507568324 ], [ -77.204895019532572, 39.294143676757869 ], [ -77.204872131349049, 39.293521881103516 ], [ -77.205032348634177, 39.292770385742202 ], [ -77.205154418946705, 39.292083740234361 ], [ -77.205307006837288, 39.291213989257791 ], [ -77.205116271974006, 39.290096282958984 ], [ -77.204719543458367, 39.289386749267621 ], [ -77.204681396485768, 39.28931808471679 ], [ -77.204307556153751, 39.288810729980518 ], [ -77.203659057618523, 39.288192749023438 ], [ -77.203048706056052, 39.287799835205071 ], [ -77.201789855958395, 39.287174224853558 ], [ -77.200645446778694, 39.28675460815429 ], [ -77.20020294189591, 39.286590576171896 ], [ -77.199676513673211, 39.286285400390632 ], [ -77.198150634766961, 39.286350250244126 ], [ -77.197120666505242, 39.286296844482443 ], [ -77.195678710938836, 39.286308288574247 ], [ -77.194999694825526, 39.286121368408246 ], [ -77.19292449951304, 39.284530639648416 ], [ -77.191673278809915, 39.283725738525419 ], [ -77.190765380860711, 39.283237457275398 ], [ -77.189796447755228, 39.282779693603551 ], [ -77.188705444337231, 39.282859802246115 ], [ -77.187492370606776, 39.283378601074261 ], [ -77.186698913575498, 39.283782958984368 ], [ -77.185958862305966, 39.284149169921854 ], [ -77.185157775880157, 39.28427886962892 ], [ -77.18495178222787, 39.284320831298864 ], [ -77.183860778809873, 39.28451919555669 ], [ -77.183097839356748, 39.284843444824212 ], [ -77.182563781739589, 39.285057067871108 ], [ -77.18221282959108, 39.285083770751996 ], [ -77.181449890137955, 39.284484863281278 ], [ -77.180923461915327, 39.284000396728516 ], [ -77.180107116700455, 39.28319549560544 ], [ -77.17970275879037, 39.282482147216811 ], [ -77.179351806641861, 39.282299041748068 ], [ -77.178558349610668, 39.282104492187521 ], [ -77.17776489257939, 39.282012939453146 ], [ -77.176918029786421, 39.28184890747076 ], [ -77.176094055176989, 39.281566619873104 ], [ -77.175216674805952, 39.281242370605476 ], [ -77.174461364747373, 39.280597686767621 ], [ -77.173614501954319, 39.279747009277386 ], [ -77.172737121583296, 39.279262542724652 ], [ -77.171386718751251, 39.278888702392635 ], [ -77.170295715333239, 39.278720855712855 ], [ -77.16935729980591, 39.278575897216832 ], [ -77.16859436035277, 39.278453826904304 ], [ -77.167449951173097, 39.278404235839879 ], [ -77.166503906251208, 39.278671264648459 ], [ -77.165855407716066, 39.278964996337919 ], [ -77.16464233398554, 39.279277801513729 ], [ -77.164024353028552, 39.27950286865233 ], [ -77.162605285645739, 39.279972076416001 ], [ -77.161247253419148, 39.280212402343793 ], [ -77.160392761231662, 39.280120849609411 ], [ -77.159690856934745, 39.279953002929659 ], [ -77.159225463868339, 39.279834747314496 ], [ -77.158493041993367, 39.279445648193395 ], [ -77.158149719239503, 39.27854919433593 ], [ -77.157829284669148, 39.27769851684571 ], [ -77.15757751464966, 39.276695251464872 ], [ -77.157325744630072, 39.275798797607436 ], [ -77.156623840333253, 39.275287628173828 ], [ -77.155952453614475, 39.27494049072267 ], [ -77.154983520508992, 39.274456024169929 ], [ -77.153991699219901, 39.273670196533196 ], [ -77.153381347657458, 39.272933959960945 ], [ -77.152946472169106, 39.272220611572308 ], [ -77.15263366699331, 39.271217346191406 ], [ -77.152465820313637, 39.270301818847706 ], [ -77.152328491212117, 39.269638061523494 ], [ -77.152252197266719, 39.268676757812543 ], [ -77.152023315430853, 39.268104553222699 ], [ -77.151611328126137, 39.267688751220724 ], [ -77.151123046876123, 39.267021179199233 ], [ -77.150482177735526, 39.266284942626982 ], [ -77.149894714356606, 39.265727996826222 ], [ -77.149459838868367, 39.26532363891603 ], [ -77.149055480958168, 39.264926910400412 ], [ -77.149421691895668, 39.264373779296918 ], [ -77.150627136231577, 39.260753631591825 ], [ -77.151268005372273, 39.251686096191428 ], [ -77.150772094727714, 39.230834960937464 ], [ -77.149597167969873, 39.227661132812521 ], [ -77.144943237305824, 39.208156585693359 ], [ -77.141380310059674, 39.207691192626953 ], [ -77.13855743408314, 39.205757141113253 ], [ -77.13847351074331, 39.205219268798821 ], [ -77.138389587403466, 39.204490661621143 ], [ -77.137901306153466, 39.203887939453132 ], [ -77.137290954590924, 39.202720642089822 ], [ -77.136863708497202, 39.201942443847628 ], [ -77.136169433594844, 39.201000213623026 ], [ -77.135292053223722, 39.200305938720753 ], [ -77.134414672852614, 39.199680328369134 ], [ -77.133071899415199, 39.199058532714886 ], [ -77.132225036622131, 39.198612213134744 ], [ -77.130645751954205, 39.197761535644524 ], [ -77.129943847657302, 39.197475433349595 ], [ -77.128684997559702, 39.197128295898452 ], [ -77.127426147462046, 39.196594238281307 ], [ -77.126724243165114, 39.196109771728565 ], [ -77.125587463379972, 39.195140838623075 ], [ -77.125007629395583, 39.194744110107436 ], [ -77.124252319336989, 39.194099426269574 ], [ -77.123786926270611, 39.193687438964851 ], [ -77.122795104981506, 39.192668914794957 ], [ -77.121986389161222, 39.191799163818395 ], [ -77.120971679688495, 39.190692901611293 ], [ -77.120040893555725, 39.189357757568345 ], [ -77.119201660157302, 39.188163757324233 ], [ -77.118537902833069, 39.187133789062528 ], [ -77.117645263672884, 39.185916900634737 ], [ -77.117179870606492, 39.185245513916072 ], [ -77.115692138672927, 39.184345245361335 ], [ -77.114723205567429, 39.184112548828104 ], [ -77.114105224610356, 39.184032440185533 ], [ -77.112464904786208, 39.183792114257848 ], [ -77.110992431641634, 39.183990478515675 ], [ -77.108833312989319, 39.184406280517564 ], [ -77.091125488282159, 39.170368194580135 ], [ -77.088180541993097, 39.166732788085994 ], [ -77.070472717286037, 39.151260375976577 ], [ -77.067535400391534, 39.150974273681655 ], [ -77.066635131836804, 39.148220062255895 ], [ -77.066390991211847, 39.146301269531278 ], [ -77.065666198731307, 39.145401000976534 ], [ -77.064682006836833, 39.144264221191406 ], [ -77.063339233399333, 39.143463134765682 ], [ -77.062347412110228, 39.143497467040994 ], [ -77.061340332032131, 39.143630981445334 ], [ -77.05985260009848, 39.143070220947315 ], [ -77.058616638184418, 39.142921447753885 ], [ -77.057678222657088, 39.142822265624993 ], [ -77.056327819825043, 39.1428833007813 ], [ -77.055625915528225, 39.142902374267635 ], [ -77.05467987060635, 39.14300918579098 ], [ -77.0540084838876, 39.142749786376967 ], [ -77.052886962891435, 39.143085479736364 ], [ -77.052124023438296, 39.14330673217772 ], [ -77.05126953125081, 39.143482208251932 ], [ -77.050300598145327, 39.143520355224609 ], [ -77.04942321777429, 39.143470764160206 ], [ -77.048568725586804, 39.14332580566407 ], [ -77.04789733886804, 39.143093109130909 ], [ -77.047134399414901, 39.142837524414055 ], [ -77.04640960693439, 39.142509460449283 ], [ -77.04564666748125, 39.141952514648402 ], [ -77.045005798340654, 39.141613006591804 ], [ -77.044654846192259, 39.141609191894531 ], [ -77.043708801270398, 39.141868591308587 ], [ -77.043029785157074, 39.142513275146534 ], [ -77.04219055175858, 39.143463134765675 ], [ -77.041412353516449, 39.144649505615234 ], [ -77.041053771973409, 39.145107269287088 ], [ -77.040817260743012, 39.145740509033232 ], [ -77.040565490723509, 39.146656036376946 ], [ -77.040466308594588, 39.147819519042983 ], [ -77.039718627930455, 39.148777008056648 ], [ -77.038887023926549, 39.14936065673831 ], [ -77.038238525391421, 39.149631500244169 ], [ -77.037147521973424, 39.149967193603494 ], [ -77.036201477051549, 39.1501655578613 ], [ -77.03576660156331, 39.150253295898416 ], [ -77.034996032715625, 39.150798797607479 ], [ -77.034080505371918, 39.151092529296911 ], [ -77.033256530762486, 39.151359558105483 ], [ -77.031982421875824, 39.151641845703153 ], [ -77.030670166016378, 39.151153564453132 ], [ -77.029441833496847, 39.150821685790987 ], [ -77.028678894043722, 39.150428771972706 ], [ -77.027778625489077, 39.150077819824205 ], [ -77.026748657227287, 39.149707794189446 ], [ -77.025726318360128, 39.149356842041051 ], [ -77.024497985840597, 39.149208068847635 ], [ -77.022705078125767, 39.149036407470689 ], [ -77.021499633789773, 39.149066925048857 ], [ -77.020500183106222, 39.149112701416001 ], [ -77.019500732422571, 39.149150848388679 ], [ -77.018302917481208, 39.149143218994141 ], [ -77.017303466797571, 39.148925781249986 ], [ -77.016166687012429, 39.148574829101577 ], [ -77.014991760254659, 39.148262023925753 ], [ -77.014083862305398, 39.148052215576236 ], [ -77.012969970703864, 39.147911071777365 ], [ -77.012123107910895, 39.147537231445341 ], [ -77.010833740235071, 39.147045135498047 ], [ -77.009986877442117, 39.146789550781286 ], [ -77.009048461914773, 39.146572113037124 ], [ -77.008377075196023, 39.146312713623068 ], [ -77.008026123047614, 39.145923614501982 ], [ -77.007568359375753, 39.145256042480497 ], [ -77.007164001465569, 39.144550323486314 ], [ -77.006759643555412, 39.143989562988295 ], [ -77.006034851074972, 39.143596649169929 ], [ -77.002204895020242, 39.143070220947308 ], [ -77.001350402832756, 39.142940521240234 ], [ -77.000701904297628, 39.142578125000021 ], [ -76.999877929688182, 39.142520904541072 ], [ -76.998901367188139, 39.142349243164041 ], [ -76.998519897461577, 39.141979217529304 ], [ -76.99783325195385, 39.141456604003949 ], [ -76.996940612793665, 39.140583038330107 ], [ -76.996253967285838, 39.140007019043004 ], [ -76.995895385742884, 39.139625549316442 ], [ -76.995391845703807, 39.138851165771484 ], [ -76.995292663574872, 39.138122558593793 ], [ -76.995330810547586, 39.137020111083984 ], [ -76.995231628418679, 39.135986328125021 ], [ -76.995101928711591, 39.135215759277344 ], [ -76.995033264160853, 39.134281158447273 ], [ -76.99495697021554, 39.133136749267592 ], [ -76.994796752930327, 39.132282257080107 ], [ -76.994491577149162, 39.131469726562464 ], [ -76.993888854981151, 39.130260467529297 ], [ -76.993293762207685, 39.129669189453111 ], [ -76.992607116699858, 39.128913879394538 ], [ -76.991889953613963, 39.12809753417973 ], [ -76.991134643555384, 39.12701034545897 ], [ -76.990509033203764, 39.126075744628913 ], [ -76.989585876465512, 39.125102996826165 ], [ -76.98854064941473, 39.124172210693381 ], [ -76.987678527832685, 39.123306274414077 ], [ -76.986816406250639, 39.122428894042962 ], [ -76.986099243164759, 39.121925354003878 ], [ -76.984771728516336, 39.121154785156314 ], [ -76.983497619629574, 39.12055587768559 ], [ -76.981964111328779, 39.120174407959006 ], [ -76.981262207031875, 39.120044708251953 ], [ -76.979820251465455, 39.120059967041023 ], [ -76.978736877442074, 39.120204925537145 ], [ -76.977737426758424, 39.1203002929688 ], [ -76.975860595703764, 39.12054824829103 ], [ -76.974891662598282, 39.120304107665994 ], [ -76.973121643067074, 39.120002746582074 ], [ -76.971565246582657, 39.119506835937528 ], [ -76.970497131348253, 39.119125366210966 ], [ -76.969345092774034, 39.118453979492209 ], [ -76.968338012695952, 39.117893218994169 ], [ -76.967391967774077, 39.117324829101605 ], [ -76.966239929199844, 39.116874694824197 ], [ -76.965148925781833, 39.116703033447259 ], [ -76.963836669922472, 39.11698913574218 ], [ -76.962509155274049, 39.116794586181619 ], [ -76.960685729981066, 39.116786956787095 ], [ -76.959457397461534, 39.116638183593757 ], [ -76.957923889160739, 39.116493225097628 ], [ -76.956069946289716, 39.116046905517571 ], [ -76.954238891602188, 39.115371704101562 ], [ -76.953056335449787, 39.114833831787131 ], [ -76.952049255371719, 39.114231109619141 ], [ -76.950744628906818, 39.113368988037102 ], [ -76.949707031250568, 39.112529754638686 ], [ -76.949142456055256, 39.111919403076158 ], [ -76.948570251465426, 39.11096572875973 ], [ -76.947998046875554, 39.109954833984375 ], [ -76.946952819824787, 39.108612060546875 ], [ -76.94602966308652, 39.107734680175767 ], [ -76.944282531738835, 39.106853485107472 ], [ -76.942344665527884, 39.106437683105504 ], [ -76.941192626953722, 39.106033325195305 ], [ -76.940689086914631, 39.105789184570355 ], [ -76.939575195313026, 39.105861663818374 ], [ -76.938049316406776, 39.105895996093807 ], [ -76.936882019043551, 39.106201171875 ], [ -76.936096191406818, 39.106712341308594 ], [ -76.935661315918566, 39.107383728027351 ], [ -76.935356140137287, 39.108715057373061 ], [ -76.934989929199801, 39.109809875488345 ], [ -76.934646606445853, 39.110736846923857 ], [ -76.934249877930213, 39.111309051513707 ], [ -76.933807373047429, 39.111724853515597 ], [ -76.933692932129446, 39.111797332763715 ], [ -76.933135986328679, 39.111732482910142 ], [ -76.924255371094276, 39.109878540039091 ], [ -76.922729492188012, 39.108699798583999 ], [ -76.922584533691975, 39.108474731445384 ], [ -76.922218322754389, 39.107879638671903 ], [ -76.921859741211435, 39.107173919677741 ], [ -76.921417236328665, 39.106792449951179 ], [ -76.920852661133353, 39.106540679931669 ], [ -76.919998168945853, 39.106155395507841 ], [ -76.918785095215327, 39.105827331542955 ], [ -76.91827392578179, 39.105888366699261 ], [ -76.906562805176321, 39.099292755126982 ], [ -76.906723022461435, 39.098899841308608 ], [ -76.907096862793466, 39.098342895507841 ], [ -76.907524108887259, 39.097793579101612 ], [ -76.908424377441904, 39.096870422363274 ], [ -76.908805847168452, 39.096565246582003 ], [ -76.909416198731009, 39.096149444580099 ], [ -76.910316467285639, 39.095478057861357 ], [ -76.911712646484915, 39.094417572021506 ], [ -76.91261291503956, 39.093582153320355 ], [ -76.913421630859915, 39.092910766601605 ], [ -76.913536071777898, 39.092567443847628 ], [ -76.913612365723196, 39.091899871826143 ], [ -76.913345336914617, 39.091724395751953 ], [ -76.912078857422401, 39.091350555419929 ], [ -76.910995483398935, 39.091125488281222 ], [ -76.910346984863793, 39.090942382812486 ], [ -76.909515380859915, 39.090648651123004 ], [ -76.908691406250469, 39.090270996093714 ], [ -76.907447814941875, 39.08966827392581 ], [ -76.906326293945796, 39.089012145996143 ], [ -76.905349731445781, 39.08826065063473 ], [ -76.903816223145, 39.087383270263707 ], [ -76.902061462402855, 39.086322784423871 ], [ -76.899856567383296, 39.085449218750028 ], [ -76.897819519043423, 39.084976196289077 ], [ -76.896057128906762, 39.084655761718743 ], [ -76.893882751465355, 39.084182739257812 ], [ -76.891815185547316, 39.083724975585945 ], [ -76.890319824219219, 39.083530426025391 ], [ -76.88849639892625, 39.083423614501939 ], [ -76.887557983398921, 39.083343505859382 ], [ -76.886474609375441, 39.083259582519545 ], [ -76.885910034180128, 39.083080291748075 ], [ -76.885353088379361, 39.082836151123026 ], [ -76.884788513184048, 39.082538604736293 ], [ -76.883430480957472, 39.081661224365284 ], [ -76.881912231445767, 39.080089569091811 ], [ -76.881401062012131, 39.079433441162109 ], [ -76.881103515625497, 39.078655242919929 ], [ -76.880973815918438, 39.078041076660192 ], [ -76.880950927734816, 39.075889587402351 ], [ -76.880760192871534, 39.074836730957017 ], [ -76.880577087402798, 39.074398040771513 ], [ -76.880012512207486, 39.073833465576215 ], [ -76.879508972168381, 39.07341003417968 ], [ -76.879356384277798, 39.073291778564432 ], [ -76.879066467285597, 39.073043823242202 ], [ -76.8788299560551, 39.072887420654332 ], [ -76.878387451172316, 39.072677612304709 ], [ -76.877738952637188, 39.072544097900376 ], [ -76.876914978027841, 39.072349548339822 ], [ -76.87582397460983, 39.071899414062507 ], [ -76.875228881836364, 39.071556091308643 ], [ -76.874046325684077, 39.070808410644503 ], [ -76.873687744141051, 39.07026672363282 ], [ -76.873207092285554, 39.069446563720739 ], [ -76.872428894043466, 39.068241119384744 ], [ -76.872131347656719, 39.067489624023438 ], [ -76.871818542480923, 39.066368103027351 ], [ -76.871780395508225, 39.065681457519524 ], [ -76.871917724609801, 39.065086364746065 ], [ -76.872146606445796, 39.064216613769581 ], [ -76.872192382812955, 39.063503265380852 ], [ -76.87210083007858, 39.06291198730468 ], [ -76.871978759766037, 39.06245422363282 ], [ -76.87173461914108, 39.062061309814453 ], [ -76.871353149414517, 39.061725616455121 ], [ -76.870788574219205, 39.061382293701165 ], [ -76.870285034180114, 39.061111450195305 ], [ -76.869903564453566, 39.06095504760745 ], [ -76.869400024414475, 39.060756683349638 ], [ -76.869018554687912, 39.060485839843793 ], [ -76.868721008301179, 39.059940338134744 ], [ -76.868476867676208, 39.059230804443381 ], [ -76.868354797363693, 39.058864593505902 ], [ -76.868194580078551, 39.058200836181683 ], [ -76.868072509766037, 39.05756378173826 ], [ -76.867774963379318, 39.05707931518554 ], [ -76.867355346680142, 39.056537628173828 ], [ -76.867118835449631, 39.05635070800782 ], [ -76.866523742676179, 39.05603790283201 ], [ -76.865936279297344, 39.055793762207053 ], [ -76.865493774414475, 39.055610656738295 ], [ -76.86463928222696, 39.05534362792973 ], [ -76.863876342773835, 39.05523300170902 ], [ -76.863204956055085, 39.055244445800824 ], [ -76.862113952637173, 39.055294036865227 ], [ -76.860885620117628, 39.055351257324261 ], [ -76.859855651855852, 39.055286407470689 ], [ -76.858154296875398, 39.055305480957031 ], [ -76.856925964355881, 39.055244445800824 ], [ -76.856040954590227, 39.055202484130859 ], [ -76.854515075683963, 39.055191040039062 ], [ -76.852729797363679, 39.055366516113253 ], [ -76.850883483887088, 39.055355072021534 ], [ -76.849937438965213, 39.055274963378892 ], [ -76.849174499512088, 39.05518722534179 ], [ -76.848678588867628, 39.0550346374512 ], [ -76.848381042480909, 39.054874420166072 ], [ -76.847640991211307, 39.054447174072273 ], [ -76.847084045410526, 39.054149627685547 ], [ -76.846252441406648, 39.053791046142599 ], [ -76.845756530762088, 39.053539276123104 ], [ -76.84492492675821, 39.053199768066413 ], [ -76.844429016113665, 39.053115844726577 ], [ -76.843605041504318, 39.053165435790994 ], [ -76.842933654785568, 39.053123474121115 ], [ -76.84214019775429, 39.053272247314432 ], [ -76.841377258301165, 39.05334472656255 ], [ -76.840675354004347, 39.053276062011705 ], [ -76.840148925781648, 39.053192138671868 ], [ -76.83908843994179, 39.052993774414062 ], [ -76.838615417480838, 39.05285644531255 ], [ -76.836936950684006, 39.052165985107436 ], [ -76.836166381836335, 39.051807403564503 ], [ -76.835083007812869, 39.051445007324283 ], [ -76.834167480469148, 39.051429748535199 ], [ -76.832817077637102, 39.051212310791044 ], [ -76.83199310302777, 39.051052093505902 ], [ -76.831199645996492, 39.050785064697251 ], [ -76.830520629883196, 39.050605773925774 ], [ -76.829818725586279, 39.050384521484418 ], [ -76.829193115234744, 39.04993438720701 ], [ -76.828750610351975, 39.049678802490256 ], [ -76.828125000000369, 39.049049377441449 ], [ -76.827743530273793, 39.048587799072237 ], [ -76.827415466309006, 39.04827499389652 ], [ -76.826698303223012, 39.047744750976555 ], [ -76.825256347656605, 39.043205261230476 ], [ -76.817138671875327, 39.024124145507834 ], [ -76.816825866699602, 39.022064208984418 ], [ -76.816955566406591, 39.022003173828118 ], [ -76.817565917969134, 39.021724700927749 ], [ -76.818183898926108, 39.021308898925831 ], [ -76.818702697754276, 39.020851135253878 ], [ -76.819023132324617, 39.020565032958977 ], [ -76.819168090820668, 39.020339965820355 ], [ -76.819458007812855, 39.019989013671854 ], [ -76.819656372070668, 39.019584655761768 ], [ -76.819824218750341, 39.019073486328146 ], [ -76.819938659668324, 39.018520355224645 ], [ -76.820014953613622, 39.017864227294972 ], [ -76.819984436035483, 39.017288208007841 ], [ -76.819885253906648, 39.016948699951179 ], [ -76.819702148437827, 39.016284942626953 ], [ -76.819519042969077, 39.01570892333983 ], [ -76.8195037841801, 39.015655517578146 ], [ -76.819404602051179, 39.015350341796889 ], [ -76.819099426269901, 39.014572143554695 ], [ -76.818855285644858, 39.013999938964844 ], [ -76.818672180176122, 39.013435363769531 ], [ -76.818405151367543, 39.012744903564439 ], [ -76.818214416504262, 39.011901855468757 ], [ -76.817939758301137, 39.011013031005831 ], [ -76.817787170410554, 39.010368347167962 ], [ -76.817779541016023, 39.009681701660135 ], [ -76.817802429199546, 39.009159088134794 ], [ -76.817764282226932, 39.008312225341811 ], [ -76.817695617676094, 39.007396697998026 ], [ -76.817657470703494, 39.00691604614255 ], [ -76.817710876465171, 39.006252288818338 ], [ -76.817909240722983, 39.005535125732429 ], [ -76.823814392090185, 39.000568389892585 ], [ -76.824424743652727, 39.000171661376953 ], [ -76.825454711914432, 38.999694824218743 ], [ -76.826309204101918, 38.999347686767614 ], [ -76.827919006347997, 38.998756408691406 ], [ -76.829093933105852, 38.998531341552713 ], [ -76.830383300781591, 38.998256683349588 ], [ -76.831115722656648, 38.99803161621098 ], [ -76.83199310302777, 38.997547149658246 ], [ -76.832878112793338, 38.996974945068395 ], [ -76.833610534668381, 38.996406555175817 ], [ -76.834579467773779, 38.995830535888729 ], [ -76.835952758789446, 38.995304107666016 ], [ -76.837684631348068, 38.995239257812521 ], [ -76.839477539062884, 38.995449066162138 ], [ -76.840499877930057, 38.995555877685597 ], [ -76.841758728027727, 38.99565505981451 ], [ -76.843139648437926, 38.995517730712912 ], [ -76.844314575195682, 38.995243072509794 ], [ -76.845397949219148, 38.994693756103558 ], [ -76.846160888672273, 38.994125366211001 ], [ -76.846801757812869, 38.993297576904283 ], [ -76.847480773926179, 38.992427825927727 ], [ -76.848480224609816, 38.991355895996143 ], [ -76.84959411621135, 38.990528106689446 ], [ -76.850769042969191, 38.990188598632848 ], [ -76.85170745849652, 38.990234374999986 ], [ -76.852584838867628, 38.990329742431634 ], [ -76.85390472412152, 38.990505218505909 ], [ -76.855453491211406, 38.990806579589837 ], [ -76.857124328613708, 38.991355895996151 ], [ -76.858360290527742, 38.991771697998033 ], [ -76.859321594238708, 38.992156982421868 ], [ -76.860557556152756, 38.992393493652379 ], [ -76.861610412598068, 38.992393493652372 ], [ -76.862106323242628, 38.99236297607424 ], [ -76.862464904785583, 38.992343902587876 ], [ -76.863220214844176, 38.99211502075201 ], [ -76.863693237305114, 38.991817474365277 ], [ -76.86410522460983, 38.991523742675795 ], [ -76.864631652832443, 38.991199493408196 ], [ -76.864952087402784, 38.990852355957053 ], [ -76.864982604980938, 38.990535736083984 ], [ -76.864952087402784, 38.989807128906278 ], [ -76.864456176758239, 38.989124298095724 ], [ -76.864135742187969, 38.988288879394567 ], [ -76.863883972168395, 38.987998962402386 ], [ -76.865455627441875, 38.985397338867195 ], [ -76.86908721923875, 38.975898742675831 ], [ -76.867935180664531, 38.972721099853523 ], [ -76.859542846680142, 38.957206726074261 ], [ -76.859878540039475, 38.95682144165044 ], [ -76.859680175781648, 38.956138610839865 ], [ -76.85897827148483, 38.955013275146527 ], [ -76.858215332031691, 38.954368591308572 ], [ -76.857215881348068, 38.952728271484418 ], [ -76.856620788574617, 38.951740264892585 ], [ -76.854545593262131, 38.947269439697287 ], [ -76.85458374023483, 38.942890167236364 ], [ -76.855087280273821, 38.942054748535213 ], [ -76.855674743652742, 38.94108963012701 ], [ -76.855659484863665, 38.940132141113324 ], [ -76.855651855469134, 38.939380645752003 ], [ -76.854507446289446, 38.938144683837933 ], [ -76.853950500488679, 38.93814468383794 ], [ -76.852867126465284, 38.938190460205092 ], [ -76.851722717285597, 38.93811798095706 ], [ -76.85049438476608, 38.937911987304688 ], [ -76.849906921387159, 38.937522888183608 ], [ -76.848976135254276, 38.937221527099602 ], [ -76.847976684570725, 38.936374664306641 ], [ -76.846397399902798, 38.932849884033203 ], [ -76.845901489258253, 38.931892395019531 ], [ -76.845230102539475, 38.931335449218778 ], [ -76.844352722168367, 38.930610656738338 ], [ -76.8437957763676, 38.930168151855462 ], [ -76.842918395996492, 38.929416656494134 ], [ -76.842567443848083, 38.928775787353544 ], [ -76.842422485351946, 38.928153991699197 ], [ -76.842918395996492, 38.927265167236371 ], [ -76.843330383301208, 38.927032470703139 ], [ -76.843971252441804, 38.92658233642581 ], [ -76.844856262207458, 38.925918579101591 ], [ -76.84555816650429, 38.925708770751989 ], [ -76.847053527832472, 38.925323486328132 ], [ -76.84834289550821, 38.924934387207038 ], [ -76.848777770996548, 38.924385070800817 ], [ -76.849136352539489, 38.923355102539119 ], [ -76.849746704101932, 38.921703338623068 ], [ -76.850334167480852, 38.921001434326158 ], [ -76.850921630859773, 38.920658111572294 ], [ -76.852302551269972, 38.919689178466804 ], [ -76.85323333740277, 38.919277191162095 ], [ -76.854728698730881, 38.918300628662152 ], [ -76.855667114258196, 38.91724777221684 ], [ -76.855377197266023, 38.91626358032228 ], [ -76.854499816895, 38.915142059326207 ], [ -76.85385894775429, 38.91417694091799 ], [ -76.853385925293352, 38.91298675537108 ], [ -76.853065490723111, 38.912208557128963 ], [ -76.853477478027727, 38.911113739013686 ], [ -76.854766845703566, 38.910263061523459 ], [ -76.85602569580125, 38.909378051757812 ], [ -76.856819152832429, 38.909049987793011 ], [ -76.857200622558992, 38.908252716064474 ], [ -76.857643127441861, 38.907108306884773 ], [ -76.858520507812884, 38.906463623046903 ], [ -76.859458923340313, 38.906330108642564 ], [ -76.860069274902756, 38.906303405761697 ], [ -76.86127471923875, 38.90616607666017 ], [ -76.861740112305156, 38.90612411499022 ], [ -76.86288452148483, 38.906105041503963 ], [ -76.864845275879333, 38.906173706054723 ], [ -76.866073608398864, 38.90605545043946 ], [ -76.8670730590825, 38.905830383300767 ], [ -76.868621826172259, 38.905166625976541 ], [ -76.870056152344162, 38.904754638671911 ], [ -76.871757507324702, 38.904277801513715 ], [ -76.872924804687912, 38.90374755859375 ], [ -76.87398529052777, 38.903018951416037 ], [ -76.874946594238722, 38.902172088623082 ], [ -76.875274658203608, 38.901210784912138 ], [ -76.876213073730952, 38.900314331054688 ], [ -76.876998901367685, 38.900085449218793 ], [ -76.878082275391066, 38.899906158447322 ], [ -76.879135131836378, 38.899700164794965 ], [ -76.880012512207486, 38.899215698242223 ], [ -76.880599975586406, 38.898460388183636 ], [ -76.880599975586406, 38.898414611816406 ], [ -76.880218505859858, 38.897113800048864 ], [ -76.879516601562926, 38.896522521972663 ], [ -76.878814697266108, 38.896080017089908 ], [ -76.877883911133253, 38.895187377929702 ], [ -76.877647399902813, 38.894363403320362 ], [ -76.87758636474652, 38.893291473388693 ], [ -76.877647399902813, 38.892326354980476 ], [ -76.877593994141037, 38.891551971435547 ], [ -76.877708435059034, 38.890495300292969 ], [ -76.877593994141037, 38.889324188232386 ], [ -76.877243041992642, 38.887802124023402 ], [ -76.87686157226608, 38.886581420898438 ], [ -76.876304626465298, 38.885139465332017 ], [ -76.875984191894943, 38.884296417236314 ], [ -76.8761062622075, 38.883106231689489 ], [ -76.876892089844219, 38.882236480712919 ], [ -76.877777099609801, 38.881824493408203 ], [ -76.878738403320725, 38.881160736083984 ], [ -76.879119873047287, 38.880886077880874 ], [ -76.879821777344205, 38.880107879638679 ], [ -76.880142211914546, 38.87946319580081 ], [ -76.880470275879347, 38.878635406494197 ], [ -76.880874633789517, 38.877792358398416 ], [ -76.881553649902827, 38.87689971923831 ], [ -76.882110595703594, 38.876171112060511 ], [ -76.88278198242233, 38.875411987304666 ], [ -76.884124755859844, 38.874408721923864 ], [ -76.885414123535597, 38.873584747314503 ], [ -76.886909484863779, 38.872756958007805 ], [ -76.887962341309091, 38.872192382812507 ], [ -76.888839721680128, 38.871799468994134 ], [ -76.889160156250455, 38.871658325195355 ], [ -76.889747619629389, 38.871520996093743 ], [ -76.890747070312941, 38.871452331543004 ], [ -76.891532897949688, 38.871387481689503 ], [ -76.892234802246591, 38.871231079101562 ], [ -76.892967224121563, 38.871021270751925 ], [ -76.893554687500483, 38.870792388916044 ], [ -76.894523620605966, 38.870410919189489 ], [ -76.895256042480952, 38.869922637939482 ], [ -76.895629882812955, 38.869373321533246 ], [ -76.896133422852046, 38.868659973144538 ], [ -76.896423339844247, 38.868000030517585 ], [ -76.896514892578608, 38.867385864257862 ], [ -76.896537780762216, 38.866493225097685 ], [ -76.896659851074659, 38.866104125976577 ], [ -76.896804809570796, 38.86553192138674 ], [ -76.897094726562983, 38.86518478393559 ], [ -76.897712707519972, 38.865211486816378 ], [ -76.897796630859901, 38.86438369750978 ], [ -76.89806365966848, 38.863719940185561 ], [ -76.898323059082529, 38.863307952880852 ], [ -76.898849487305228, 38.862579345703132 ], [ -76.89923095703179, 38.862213134765646 ], [ -76.899841308594247, 38.861789703369141 ], [ -76.900024414062983, 38.861660003662166 ], [ -76.900314331055185, 38.861457824707081 ], [ -76.900871276855952, 38.861087799072322 ], [ -76.901428222656719, 38.860729217529283 ], [ -76.902252197266137, 38.860290527343778 ], [ -76.902893066406733, 38.859962463378885 ], [ -76.903686523438012, 38.859584808349595 ], [ -76.904708862305185, 38.859142303466818 ], [ -76.905555725098154, 38.858757019042976 ], [ -76.906051635742699, 38.858318328857472 ], [ -76.90663909912162, 38.857769012451151 ], [ -76.906814575195824, 38.857429504394545 ], [ -76.906929016113807, 38.857105255126946 ], [ -76.906990051270029, 38.85660171508794 ], [ -76.907020568848182, 38.856285095214872 ], [ -76.906990051270029, 38.855754852294886 ], [ -76.906906127930199, 38.855529785156264 ], [ -76.90663909912162, 38.855030059814453 ], [ -76.905998229981023, 38.854454040527344 ], [ -76.905494689941932, 38.854129791259808 ], [ -76.904617309570824, 38.853630065918011 ], [ -76.904357910156762, 38.853515625000028 ], [ -76.903358459473125, 38.853290557861321 ], [ -76.902481079102031, 38.853034973144538 ], [ -76.900962829590313, 38.852733612060547 ], [ -76.90008544921929, 38.852577209472685 ], [ -76.89900207519581, 38.852294921875028 ], [ -76.898124694824702, 38.852050781249986 ], [ -76.896987915039546, 38.851661682128871 ], [ -76.896049499512216, 38.851543426513736 ], [ -76.895233154297316, 38.851356506347699 ], [ -76.893676757812997, 38.851177215576129 ], [ -76.892395019531733, 38.851177215576122 ], [ -76.890838623047401, 38.851158142089886 ], [ -76.889053344727017, 38.851360321044972 ], [ -76.887916564941875, 38.851341247558615 ], [ -76.887008666992685, 38.85105895996098 ], [ -76.886131286621577, 38.8506050109863 ], [ -76.885223388672316, 38.849872589111328 ], [ -76.884460449219176, 38.8494873046875 ], [ -76.881393432617685, 38.847419738769553 ], [ -76.879844665527813, 38.846553802490249 ], [ -76.877326965332486, 38.845455169677692 ], [ -76.874961853027798, 38.844306945800838 ], [ -76.870368957519958, 38.841991424560575 ], [ -76.868659973144972, 38.84086990356451 ], [ -76.866119384766094, 38.835021972656271 ], [ -76.866134643555171, 38.834987640380859 ], [ -76.866455078125426, 38.834350585937514 ], [ -76.867187500000497, 38.833454132080064 ], [ -76.867454528809077, 38.8328857421875 ], [ -76.867889404297316, 38.831920623779268 ], [ -76.868385314941861, 38.830966949462862 ], [ -76.868125915527827, 38.828468322753949 ], [ -76.868423461914546, 38.827255249023423 ], [ -76.868392944336392, 38.826202392578111 ], [ -76.867980957031676, 38.824783325195305 ], [ -76.867485046387117, 38.824054718017614 ], [ -76.866584777832472, 38.822830200195362 ], [ -76.865737915039531, 38.822032928466804 ], [ -76.8649139404301, 38.821327209472635 ], [ -76.86392211914108, 38.82004547119142 ], [ -76.863861083984759, 38.819854736328132 ], [ -76.863487243652756, 38.818691253662102 ], [ -76.862518310547273, 38.816814422607457 ], [ -76.860855102539503, 38.814319610595717 ], [ -76.86006927490277, 38.812328338623068 ], [ -76.85916137695358, 38.811641693115241 ], [ -76.853302001953523, 38.804450988769489 ], [ -76.852798461914446, 38.803829193115263 ], [ -76.849266052246463, 38.79854583740233 ], [ -76.848213195801151, 38.797786712646463 ], [ -76.84596252441446, 38.796524047851619 ], [ -76.843482971191804, 38.794967651367216 ], [ -76.841934204101932, 38.793819427490241 ], [ -76.841682434082429, 38.793556213378942 ], [ -76.840354919434006, 38.792133331298878 ], [ -76.838867187500355, 38.790210723876982 ], [ -76.83603668212929, 38.788604736328182 ], [ -76.833816528320654, 38.787506103515632 ], [ -76.831649780273807, 38.787059783935582 ], [ -76.830390930176137, 38.786693572998097 ], [ -76.829811096191747, 38.786102294921896 ], [ -76.82969665527385, 38.785419464111342 ], [ -76.82952117919956, 38.784797668457088 ], [ -76.829635620117543, 38.784275054931648 ], [ -76.82993316650429, 38.783451080322315 ], [ -76.829994201660583, 38.782855987548857 ], [ -76.830047607422259, 38.782165527343757 ], [ -76.830169677734787, 38.78141021728517 ], [ -76.830375671387145, 38.780612945556626 ], [ -76.830665588379247, 38.780105590820355 ], [ -76.8312225341801, 38.779670715332031 ], [ -76.831779479980867, 38.779285430908189 ], [ -76.832595825195668, 38.778621673583977 ], [ -76.833358764648793, 38.777683258056648 ], [ -76.833534240722997, 38.776786804199261 ], [ -76.83324432373081, 38.775669097900376 ], [ -76.832633972168367, 38.774909973144538 ], [ -76.831932067871463, 38.774181365966811 ], [ -76.831344604492543, 38.773540496826222 ], [ -76.830795288086307, 38.773101806640618 ], [ -76.830268859863693, 38.772758483886747 ], [ -76.829307556152756, 38.772304534912159 ], [ -76.828109741211293, 38.771953582763672 ], [ -76.826934814453537, 38.772319793701165 ], [ -76.825477600098054, 38.772598266601534 ], [ -76.824272155762131, 38.772895812988267 ], [ -76.823089599609744, 38.773193359374993 ], [ -76.819564819336335, 38.764873504638651 ], [ -76.819374084473054, 38.764308929443338 ], [ -76.819496154785554, 38.764148712158196 ], [ -76.820137023926165, 38.76336288452147 ], [ -76.820869445801137, 38.762538909912131 ], [ -76.820960998535497, 38.761882781982457 ], [ -76.820701599121477, 38.761238098144595 ], [ -76.820289611816762, 38.760459899902386 ], [ -76.819908142090185, 38.759860992431655 ], [ -76.819419860840171, 38.759498596191435 ], [ -76.818367004394858, 38.759246826171854 ], [ -76.817596435547287, 38.759033203125043 ], [ -76.817268371582401, 38.75806427001956 ], [ -76.822036743164446, 38.75310516357424 ], [ -76.836929321289475, 38.737773895263722 ], [ -76.838142395019915, 38.734153747558658 ], [ -76.840042114258196, 38.719207763671868 ], [ -76.839553833008182, 38.714286804199247 ], [ -76.840454101562912, 38.714054107666009 ], [ -76.842582702637173, 38.713352203369169 ], [ -76.843780517578537, 38.712818145751953 ], [ -76.844543457031662, 38.712230682373018 ], [ -76.844795227051165, 38.711990356445334 ], [ -76.845100402832429, 38.711700439453132 ], [ -76.84568786621135, 38.710582733154347 ], [ -76.845977783203537, 38.70989227294924 ], [ -76.846183776855895, 38.709159851074261 ], [ -76.846214294433963, 38.708457946777358 ], [ -76.846069335937912, 38.707195281982415 ], [ -76.845779418945725, 38.706298828125043 ], [ -76.845222473144958, 38.705451965332095 ], [ -76.844085693359801, 38.704128265380831 ], [ -76.842689514160526, 38.702774047851605 ], [ -76.840675354004347, 38.701534271240284 ], [ -76.838836669922287, 38.700389862060597 ], [ -76.834312438965213, 38.697273254394517 ], [ -76.831748962402713, 38.696311950683572 ], [ -76.830345153808992, 38.695964813232429 ], [ -76.829177856445682, 38.695693969726598 ], [ -76.827163696289432, 38.695438385009822 ], [ -76.826812744141023, 38.695415496826222 ], [ -76.825706481933935, 38.695388793945312 ], [ -76.824653625488708, 38.695278167724609 ], [ -76.823455810547244, 38.695159912109354 ], [ -76.8225555419926, 38.694889068603501 ], [ -76.820915222168367, 38.694057464599616 ], [ -76.819343566894901, 38.692848205566442 ], [ -76.818092346191747, 38.69128799438478 ], [ -76.816604614258182, 38.689682006835973 ], [ -76.812934875488594, 38.683223724365291 ], [ -76.812271118164389, 38.681709289550746 ], [ -76.810813903808977, 38.679248809814453 ], [ -76.809295654297273, 38.677757263183608 ], [ -76.80828094482456, 38.677024841308643 ], [ -76.80728912353554, 38.676425933837919 ], [ -76.805305480957344, 38.675365447998061 ], [ -76.803642272949588, 38.675003051757848 ], [ -76.802238464355852, 38.674179077148416 ], [ -76.800376892090171, 38.673812866210938 ], [ -76.797775268555, 38.673187255859403 ], [ -76.792762756347983, 38.671558380126982 ], [ -76.791244506836293, 38.670680999755859 ], [ -76.790199279785497, 38.669929504394538 ], [ -76.789291381836236, 38.669109344482472 ], [ -76.788536071777642, 38.668533325195355 ], [ -76.787109375000327, 38.667472839355511 ], [ -76.786842346191733, 38.667224884033182 ], [ -76.785797119140966, 38.666305541992209 ], [ -76.785270690918253, 38.665737152099631 ], [ -76.784049987793267, 38.664474487304688 ], [ -76.782882690430057, 38.663330078125 ], [ -76.781517028808935, 38.662204742431662 ], [ -76.780410766601847, 38.661495208740213 ], [ -76.779327392578466, 38.660808563232472 ], [ -76.778892517090142, 38.660507202148473 ], [ -76.778076171875327, 38.660095214843757 ], [ -76.776382446289418, 38.659679412841783 ], [ -76.775741577148722, 38.659519195556641 ], [ -76.775016784668281, 38.659194946289119 ], [ -76.774314880371378, 38.658721923828189 ], [ -76.773612976074546, 38.65807342529294 ], [ -76.772949218750341, 38.657020568847649 ], [ -76.772514343262003, 38.656036376953161 ], [ -76.772254943847969, 38.655120849609375 ], [ -76.772079467773764, 38.654140472412166 ], [ -76.771965026855781, 38.653224945068352 ], [ -76.77208709716831, 38.652149200439425 ], [ -76.772346496582344, 38.651073455810582 ], [ -76.772438049316719, 38.650341033935518 ], [ -76.772293090820668, 38.650108337402372 ], [ -76.771911621094105, 38.649581909179673 ], [ -76.771507263183921, 38.649166107177784 ], [ -76.770980834961222, 38.64847946166995 ], [ -76.770545959472983, 38.647747039794972 ], [ -76.770050048828423, 38.64701843261718 ], [ -76.769561767578409, 38.646076202392585 ], [ -76.768829345703452, 38.645160675048871 ], [ -76.768188476562827, 38.644420623779261 ], [ -76.767784118652671, 38.64397048950196 ], [ -76.767227172851904, 38.643714904785178 ], [ -76.766853332519872, 38.643207550048835 ], [ -76.766563415527685, 38.642662048339872 ], [ -76.766357421875313, 38.642044067382777 ], [ -76.766624450683906, 38.641311645507805 ], [ -76.767089843750298, 38.640941619873068 ], [ -76.767471313476847, 38.640739440917962 ], [ -76.768257141113608, 38.640285491943381 ], [ -76.768875122070583, 38.640125274658267 ], [ -76.7695770263675, 38.639987945556669 ], [ -76.770301818847926, 38.639739990234425 ], [ -76.770538330078438, 38.639530181884808 ], [ -76.770622253418267, 38.639232635498061 ], [ -76.770599365234659, 38.638889312744112 ], [ -76.770477294922216, 38.638458251953139 ], [ -76.770423889160455, 38.637973785400384 ], [ -76.770278930664389, 38.637451171875043 ], [ -76.770164489746421, 38.636741638183608 ], [ -76.770133972168267, 38.635940551757784 ], [ -76.770133972168267, 38.635227203369169 ], [ -76.770370483398779, 38.634632110595696 ], [ -76.770668029785497, 38.634086608886747 ], [ -76.771514892578466, 38.633262634277308 ], [ -76.772445678711236, 38.632968902587947 ], [ -76.773437500000355, 38.63280868530272 ], [ -76.774520874023736, 38.63280868530272 ], [ -76.775543212890909, 38.632831573486349 ], [ -76.776123046875284, 38.632877349853572 ], [ -76.777000427246406, 38.632854461669957 ], [ -76.777900695801122, 38.632720947265625 ], [ -76.778717041015938, 38.632423400878892 ], [ -76.779945373535455, 38.63169097900392 ], [ -76.780647277832344, 38.630962371826229 ], [ -76.780944824219091, 38.630271911621129 ], [ -76.781616210937827, 38.628513336181626 ], [ -76.782180786133154, 38.625034332275419 ], [ -76.781944274902642, 38.624164581298849 ], [ -76.782386779785512, 38.622859954834041 ], [ -76.783027648926108, 38.621807098388722 ], [ -76.783645629883168, 38.620460510253942 ], [ -76.783737182617557, 38.619911193847628 ], [ -76.783790588379233, 38.619106292724631 ], [ -76.783706665039404, 38.618072509765661 ], [ -76.783332824707372, 38.617248535156214 ], [ -76.782661437988622, 38.616283416748104 ], [ -76.781990051269872, 38.615421295166072 ], [ -76.781326293945654, 38.614505767822251 ], [ -76.781120300293281, 38.613929748535149 ], [ -76.780799865722955, 38.613033294677784 ], [ -76.780654907226904, 38.612693786621094 ], [ -76.780250549316719, 38.612125396728523 ], [ -76.779991149902685, 38.611568450927763 ], [ -76.778739929199546, 38.610992431640646 ], [ -76.777427673340199, 38.609897613525355 ], [ -76.776840209961264, 38.609142303466783 ], [ -76.784584045410497, 38.601055145263665 ], [ -76.78546905517608, 38.599605560302699 ], [ -76.786315917969119, 38.599449157714851 ], [ -76.790222167969134, 38.598419189453153 ], [ -76.791305541992514, 38.597717285156243 ], [ -76.791740417480838, 38.597694396972621 ], [ -76.792587280273779, 38.597183227539098 ], [ -76.792968750000355, 38.596546173095682 ], [ -76.793350219726918, 38.596065521240284 ], [ -76.79381561279331, 38.595497131347628 ], [ -76.794075012207358, 38.594738006591776 ], [ -76.794250488281563, 38.594211578369155 ], [ -76.794136047363665, 38.593647003173864 ], [ -76.794021606445682, 38.593296051025447 ], [ -76.793647766113637, 38.592769622802741 ], [ -76.793266296387088, 38.592426300048871 ], [ -76.792800903320696, 38.592178344726562 ], [ -76.792335510254205, 38.591926574707053 ], [ -76.791488647461236, 38.591533660888679 ], [ -76.790664672851904, 38.591106414794986 ], [ -76.795349121094105, 38.583442687988288 ], [ -76.797508239746421, 38.577793121337884 ], [ -76.797668457031563, 38.577640533447308 ], [ -76.798019409180043, 38.577053070068388 ], [ -76.798255920410483, 38.57625579833983 ], [ -76.798370361328452, 38.57580947875978 ], [ -76.798423767090227, 38.575389862060533 ], [ -76.800178527832358, 38.570777893066449 ], [ -76.799964904785455, 38.569183349609354 ], [ -76.800949096680029, 38.568832397460938 ], [ -76.801910400390966, 38.56853866577147 ], [ -76.802551269531563, 38.568401336669965 ], [ -76.803749084473054, 38.568149566650384 ], [ -76.804649353027671, 38.567947387695298 ], [ -76.805496215820625, 38.567554473876925 ], [ -76.806198120117557, 38.566967010498097 ], [ -76.806632995605781, 38.566467285156271 ], [ -76.806961059570668, 38.566001892089858 ], [ -76.807487487793367, 38.565063476562543 ], [ -76.807632446289418, 38.564582824707081 ], [ -76.807807922363637, 38.563896179199254 ], [ -76.807518005371435, 38.563163757324268 ], [ -76.806907653808977, 38.562316894531229 ], [ -76.8064422607425, 38.561626434326215 ], [ -76.805915832519887, 38.560970306396548 ], [ -76.805130004883139, 38.560009002685604 ], [ -76.804580688476918, 38.559520721435575 ], [ -76.803825378418324, 38.558994293212876 ], [ -76.802917480469063, 38.558448791503928 ], [ -76.802192687988637, 38.557548522949197 ], [ -76.802108764648793, 38.556911468505866 ], [ -76.802139282226946, 38.556064605712926 ], [ -76.802108764648793, 38.555198669433594 ], [ -76.802085876465185, 38.554576873779361 ], [ -76.802085876465185, 38.553611755371151 ], [ -76.801795959472983, 38.552833557128942 ], [ -76.801094055176165, 38.551872253418004 ], [ -76.800140380859773, 38.551029205322308 ], [ -76.798889160156634, 38.550334930419929 ], [ -76.797897338867514, 38.54942321777348 ], [ -76.796676635742543, 38.547630310058572 ], [ -76.795661926269929, 38.54619598388669 ], [ -76.794586181640994, 38.54520416259767 ], [ -76.793479919433878, 38.544265747070355 ], [ -76.792808532715142, 38.542182922363324 ], [ -76.789314270019844, 38.538082122802784 ], [ -76.780662536621435, 38.520809173584034 ], [ -76.779365539551051, 38.512668609619141 ], [ -76.779510498047216, 38.51200103759767 ], [ -76.779479980469048, 38.511108398437493 ], [ -76.779304504394858, 38.510211944580107 ], [ -76.779006958008111, 38.509895324707024 ], [ -76.778610229492486, 38.509483337402322 ], [ -76.777709960937841, 38.508422851562557 ], [ -76.777130126953466, 38.50725936889652 ], [ -76.775970458984702, 38.506568908691413 ], [ -76.774337768554986, 38.505241394042997 ], [ -76.773529052734716, 38.503955841064439 ], [ -76.773269653320611, 38.503383636474595 ], [ -76.773094177246392, 38.502674102783232 ], [ -76.777595520019858, 38.499225616455099 ], [ -76.777526855469091, 38.49864959716799 ], [ -76.777503967285469, 38.497920989990284 ], [ -76.777587890625313, 38.497665405273438 ], [ -76.77733612060581, 38.496986389160114 ], [ -76.777290344238594, 38.496273040771499 ], [ -76.777320861816747, 38.495246887207067 ], [ -76.77725219726598, 38.494770050048864 ], [ -76.776908874512031, 38.49401855468755 ], [ -76.776733398437827, 38.492832183837891 ], [ -76.776367187500327, 38.490818023681655 ], [ -76.776527404785469, 38.490203857421932 ], [ -76.77689361572294, 38.489898681640653 ], [ -76.777374267578423, 38.489360809326158 ], [ -76.77743530273473, 38.489299774169936 ], [ -76.777748107910455, 38.489040374755895 ], [ -76.778030395508083, 38.488712310791009 ], [ -76.77909088134794, 38.488014221191463 ], [ -76.779571533203423, 38.487617492675817 ], [ -76.780067443847983, 38.487419128418004 ], [ -76.780830383301108, 38.486545562744141 ], [ -76.781570434570611, 38.486026763915994 ], [ -76.782310485840199, 38.485260009765597 ], [ -76.782417297363565, 38.484825134277358 ], [ -76.782592773437869, 38.483856201171889 ], [ -76.782516479492486, 38.483200073242209 ], [ -76.782318115234645, 38.482032775878892 ], [ -76.782211303711307, 38.481349945068331 ], [ -76.78165435791044, 38.480052947998061 ], [ -76.781631469726918, 38.479320526123097 ], [ -76.781364440918253, 38.477973937988317 ], [ -76.780639648437827, 38.476886749267564 ], [ -76.780151367187813, 38.475864410400405 ], [ -76.779281616211222, 38.472698211669929 ], [ -76.779029846191719, 38.471744537353537 ], [ -76.778442382812813, 38.470493316650376 ], [ -76.778152465820625, 38.469280242919957 ], [ -76.777160644531619, 38.468250274658224 ], [ -76.776924133301094, 38.467887878418033 ], [ -76.776275634765966, 38.467643737792976 ], [ -76.775741577148722, 38.467147827148416 ], [ -76.772254943847969, 38.465309143066456 ], [ -76.770545959472983, 38.464351654052777 ], [ -76.769775390625298, 38.463722229003906 ], [ -76.767204284668281, 38.462039947509794 ], [ -76.765594482422202, 38.460533142089886 ], [ -76.765373229980767, 38.460029602050795 ], [ -76.764595031738565, 38.459270477294943 ], [ -76.764152526855781, 38.458766937255866 ], [ -76.76351928710973, 38.458091735839844 ], [ -76.763046264648793, 38.457668304443395 ], [ -76.762359619140952, 38.456832885742159 ], [ -76.761642456054958, 38.456115722656257 ], [ -76.761222839355796, 38.455749511718778 ], [ -76.760658264160497, 38.455299377441463 ], [ -76.75974273681669, 38.454608917236357 ], [ -76.759178161621378, 38.454116821289091 ], [ -76.758232116699517, 38.453506469726541 ], [ -76.757240295410412, 38.452476501464844 ], [ -76.756172180176108, 38.451499938964808 ], [ -76.755310058594077, 38.450721740722713 ], [ -76.754776000976833, 38.4501953125 ], [ -76.7539520263675, 38.448955535888686 ], [ -76.753372192383111, 38.447731018066428 ], [ -76.753753662109673, 38.446643829345682 ], [ -76.754104614258083, 38.445629119873061 ], [ -76.754203796386989, 38.444808959961001 ], [ -76.754180908203381, 38.444049835205135 ], [ -76.753929138183878, 38.443325042724616 ], [ -76.753547668457315, 38.443061828613288 ], [ -76.753250122070583, 38.442874908447294 ], [ -76.752288818359645, 38.442802429199268 ], [ -76.75124359130885, 38.442813873290987 ], [ -76.7505722045901, 38.442764282226577 ], [ -76.749519348144787, 38.442569732666023 ], [ -76.749015808105781, 38.442146301269503 ], [ -76.748985290527628, 38.442146301269503 ], [ -76.748077392578367, 38.441925048828146 ], [ -76.747375488281548, 38.441772460937464 ], [ -76.746795654297159, 38.441856384277393 ], [ -76.746162414551108, 38.441978454589837 ], [ -76.745780944824546, 38.442050933837855 ], [ -76.745117187500327, 38.442070007324212 ], [ -76.744445800781577, 38.442169189453111 ], [ -76.743698120117429, 38.442432403564418 ], [ -76.742774963379176, 38.442718505859354 ], [ -76.742630004883125, 38.442756652832031 ], [ -76.740898132324517, 38.441249847412131 ], [ -76.729888916015881, 38.434188842773452 ], [ -76.729286193847969, 38.433589935302727 ], [ -76.728607177734673, 38.433094024658189 ], [ -76.728126525879205, 38.432712554931619 ], [ -76.727859497070526, 38.432510375976612 ], [ -76.72735595703152, 38.431968688964837 ], [ -76.727111816406492, 38.431655883789034 ], [ -76.72660064697294, 38.43095016479495 ], [ -76.726303100586208, 38.430568695068381 ], [ -76.725639343261989, 38.429615020751974 ], [ -76.72524261474635, 38.428981781005916 ], [ -76.725151062012003, 38.428714752197259 ], [ -76.724502563476847, 38.428173065185561 ], [ -76.723731994629176, 38.427635192871136 ], [ -76.723083496094048, 38.427318572998075 ], [ -76.722496032715128, 38.426986694335916 ], [ -76.721328735351818, 38.426940917968778 ], [ -76.72053527832054, 38.426761627197301 ], [ -76.719604492187756, 38.426712036132791 ], [ -76.718521118164276, 38.426429748535142 ], [ -76.717468261718963, 38.426239013671868 ], [ -76.716567993164333, 38.426044464111307 ], [ -76.715713500976833, 38.425594329833999 ], [ -76.715141296386989, 38.424922943115234 ], [ -76.715263366699503, 38.423965454101555 ], [ -76.715454101562798, 38.4233207702637 ], [ -76.715988159179943, 38.42261886596679 ], [ -76.71662902832054, 38.421421051025426 ], [ -76.716667175293239, 38.420528411865234 ], [ -76.71659088134794, 38.420051574707038 ], [ -76.716438293457259, 38.419754028320298 ], [ -76.716018676758097, 38.41918563842772 ], [ -76.715744018554986, 38.418758392334027 ], [ -76.714828491211179, 38.418128967285142 ], [ -76.714004516601833, 38.417594909667976 ], [ -76.713119506836193, 38.417083740234368 ], [ -76.71218109130885, 38.416816711425795 ], [ -76.711334228515895, 38.416786193847635 ], [ -76.710449218750256, 38.417240142822315 ], [ -76.709526062011989, 38.417732238769496 ], [ -76.708427429199432, 38.419025421142607 ], [ -76.707763671875227, 38.419380187988267 ], [ -76.707077026367386, 38.419757843017578 ], [ -76.706703186035384, 38.419788360595732 ], [ -76.705825805664347, 38.419776916503913 ], [ -76.705131530761975, 38.419769287109382 ], [ -76.704162597656492, 38.419506072998068 ], [ -76.703727722168253, 38.419418334960966 ], [ -76.702964782715128, 38.419311523437536 ], [ -76.70267486572294, 38.419273376464837 ], [ -76.702148437500227, 38.419307708740256 ], [ -76.701721191406534, 38.41949462890625 ], [ -76.700965881347841, 38.419666290283203 ], [ -76.700416564941619, 38.419837951660142 ], [ -76.69929504394554, 38.42016983032228 ], [ -76.698989868164276, 38.420207977294965 ], [ -76.696044921875213, 38.418640136718764 ], [ -76.696029663086151, 38.418621063232415 ], [ -76.695678710937727, 38.417346954345753 ], [ -76.69508361816429, 38.41682434082032 ], [ -76.693458557129119, 38.415863037109389 ], [ -76.69296264648456, 38.415645599365213 ], [ -76.691932678222869, 38.415111541748061 ], [ -76.690795898437713, 38.414749145507848 ], [ -76.690750122070568, 38.414749145507848 ], [ -76.690315246582244, 38.41461181640625 ], [ -76.689353942871307, 38.41448211669929 ], [ -76.688514709472884, 38.414642333984396 ], [ -76.680725097656492, 38.410499572753899 ], [ -76.661483764648608, 38.398132324218757 ], [ -76.640480041504119, 38.387107849121136 ], [ -76.633911132812713, 38.38451766967777 ], [ -76.633842468261875, 38.384403228759787 ], [ -76.633453369140767, 38.38399505615233 ], [ -76.632575988769744, 38.383666992187543 ], [ -76.631698608398636, 38.383380889892614 ], [ -76.630760192871293, 38.383121490478487 ], [ -76.630500793457188, 38.383167266845732 ], [ -76.626045227050938, 38.381408691406229 ], [ -76.62580108642598, 38.38097381591799 ], [ -76.625358581543111, 38.38072967529294 ], [ -76.624885559082173, 38.380435943603565 ], [ -76.624244689941577, 38.380374908447266 ], [ -76.623519897461151, 38.38038253784179 ], [ -76.623474121093921, 38.380393981933615 ], [ -76.618270874023636, 38.378341674804737 ], [ -76.609733581543125, 38.374401092529318 ], [ -76.609542846679844, 38.374015808105497 ], [ -76.609085083007983, 38.37336349487309 ], [ -76.608764648437642, 38.373027801513672 ], [ -76.607933044433764, 38.372531890869119 ], [ -76.607177734375156, 38.372291564941428 ], [ -76.606498718261875, 38.372001647949226 ], [ -76.605850219726733, 38.371643066406278 ], [ -76.604827880859574, 38.371387481689432 ], [ -76.603424072265753, 38.370903015136776 ], [ -76.603073120117344, 38.37070083618169 ], [ -76.602539062500199, 38.370319366455128 ], [ -76.601806640625128, 38.370101928710952 ], [ -76.601425170898565, 38.369873046874979 ], [ -76.601013183593949, 38.369682312011697 ], [ -76.600631713867386, 38.369525909423849 ], [ -76.600097656250142, 38.369232177734382 ], [ -76.599456787109546, 38.36891937255858 ], [ -76.598869323730625, 38.368675231933615 ], [ -76.597991943359503, 38.368370056152344 ], [ -76.596992492675966, 38.367835998535192 ], [ -76.59474182128919, 38.367252349853544 ], [ -76.59415435791027, 38.367073059082067 ], [ -76.593963623046989, 38.367061614990263 ], [ -76.589714050293125, 38.36445617675782 ], [ -76.589401245117301, 38.363864898681612 ], [ -76.589294433593864, 38.363090515136705 ], [ -76.588844299316534, 38.36236953735353 ], [ -76.588340759277443, 38.361984252929702 ], [ -76.587692260742301, 38.361553192138729 ], [ -76.587158203125156, 38.360919952392571 ], [ -76.586769104004048, 38.360431671142564 ], [ -76.586174011230597, 38.35986328125 ], [ -76.585754394531435, 38.35929870605468 ], [ -76.585189819336037, 38.358642578125014 ], [ -76.584648132324347, 38.357982635498075 ], [ -76.584434509277443, 38.357551574707081 ], [ -76.584243774414162, 38.356822967529283 ], [ -76.583847045898622, 38.356025695800845 ], [ -76.58341979980483, 38.355121612548814 ], [ -76.583099365234474, 38.354827880859389 ], [ -76.582534790039176, 38.354351043701179 ], [ -76.581794738769659, 38.353973388671889 ], [ -76.58103942871108, 38.353668212890611 ], [ -76.580360412597784, 38.353488922119148 ], [ -76.579566955566506, 38.352886199951143 ], [ -76.578918457031364, 38.352462768554716 ], [ -76.578063964843878, 38.352058410644545 ], [ -76.577629089355625, 38.351902008056676 ], [ -76.576713562011832, 38.351455688476534 ], [ -76.575630187988452, 38.351020812988295 ], [ -76.574867248535327, 38.35074996948245 ], [ -76.573966979980597, 38.350494384765668 ], [ -76.573257446289233, 38.350025177001925 ], [ -76.572753906250156, 38.349662780761705 ], [ -76.571868896484503, 38.349079132080064 ], [ -76.570571899414219, 38.348041534423814 ], [ -76.569831848144716, 38.347457885742166 ], [ -76.569168090820412, 38.346618652343736 ], [ -76.568771362304844, 38.345478057861342 ], [ -76.568260192871222, 38.344963073730526 ], [ -76.567642211914162, 38.344379425048878 ], [ -76.566925048828253, 38.343494415283217 ], [ -76.566436767578253, 38.342769622802798 ], [ -76.565925598144617, 38.341838836669915 ], [ -76.56564331054696, 38.341014862060568 ], [ -76.565193176269645, 38.340175628662138 ], [ -76.564888000488381, 38.339492797851591 ], [ -76.564285278320469, 38.338638305664105 ], [ -76.56407165527358, 38.337997436523487 ], [ -76.563766479492315, 38.337543487548807 ], [ -76.563171386718849, 38.336822509765639 ], [ -76.56254577636733, 38.335983276367237 ], [ -76.56192016601571, 38.335304260253942 ], [ -76.561378479004034, 38.334671020507791 ], [ -76.561027526855611, 38.334281921386776 ], [ -76.560562133789219, 38.333736419677734 ], [ -76.56039428710946, 38.333541870117188 ], [ -76.559974670410298, 38.332973480224602 ], [ -76.559387207031378, 38.332386016845675 ], [ -76.558586120605554, 38.331871032714886 ], [ -76.557846069336051, 38.331199645996122 ], [ -76.556976318359474, 38.330596923828125 ], [ -76.556465148925938, 38.330413818359382 ], [ -76.555999755859546, 38.330257415771527 ], [ -76.555175781250114, 38.329971313476605 ], [ -76.554977416992287, 38.329936981201172 ], [ -76.55136871337902, 38.328517913818388 ], [ -76.550659179687671, 38.328094482421854 ], [ -76.54988861084, 38.327110290527379 ], [ -76.549018859863423, 38.325782775878956 ], [ -76.548828125000142, 38.325325012207017 ], [ -76.548171997070469, 38.324531555175817 ], [ -76.547523498535242, 38.323871612548864 ], [ -76.54684448242206, 38.323448181152351 ], [ -76.54611206054696, 38.323070526123061 ], [ -76.545433044433707, 38.322559356689425 ], [ -76.544692993164162, 38.322124481201186 ], [ -76.544181823730554, 38.321430206298814 ], [ -76.543792724609531, 38.32072448730473 ], [ -76.543197631836065, 38.320045471191442 ], [ -76.542045593261847, 38.319240570068359 ], [ -76.54180145263679, 38.318874359130874 ], [ -76.540840148925952, 38.318515777587926 ], [ -76.540367126464915, 38.318344116210994 ], [ -76.539848327636832, 38.31821441650392 ], [ -76.539085388183707, 38.317855834960966 ], [ -76.538551330566563, 38.317562103271513 ], [ -76.537849426269659, 38.317348480224602 ], [ -76.537467956543097, 38.316986083984396 ], [ -76.536964416504006, 38.316719055175817 ], [ -76.536323547363409, 38.316429138183629 ], [ -76.53561401367196, 38.31591796875 ], [ -76.53525543212902, 38.31534576416017 ], [ -76.535041809082131, 38.315006256103565 ], [ -76.534736633300938, 38.314277648925781 ], [ -76.534187316894617, 38.313232421874993 ], [ -76.533851623535284, 38.31246185302733 ], [ -76.533599853515696, 38.311500549316378 ], [ -76.533409118652415, 38.310729980468722 ], [ -76.533020019531406, 38.310184478759759 ], [ -76.532867431640739, 38.309707641601555 ], [ -76.532241821289205, 38.309169769287145 ], [ -76.53129577636733, 38.308189392089844 ], [ -76.530525207519673, 38.307765960693416 ], [ -76.529304504394602, 38.307674407959027 ], [ -76.527999877929787, 38.307643890380895 ], [ -76.526725769043139, 38.30766296386723 ], [ -76.525184631347798, 38.307815551757827 ], [ -76.524085998535256, 38.307857513427791 ], [ -76.523155212402457, 38.30766296386723 ], [ -76.521972656250085, 38.306991577148487 ], [ -76.521209716796946, 38.30651855468755 ], [ -76.520355224609446, 38.305934906005895 ], [ -76.519668579101719, 38.305168151855504 ], [ -76.518981933593878, 38.304214477539091 ], [ -76.518089294433693, 38.303268432617223 ], [ -76.517410278320398, 38.302608489990284 ], [ -76.516868591308707, 38.301841735839893 ], [ -76.515853881836094, 38.30057525634767 ], [ -76.514953613281349, 38.300380706787109 ], [ -76.513572692871151, 38.299758911132869 ], [ -76.512718200683665, 38.299190521240199 ], [ -76.511665344238352, 38.298816680908175 ], [ -76.510353088378992, 38.298446655273452 ], [ -76.509292602539134, 38.298007965087926 ], [ -76.50809478759777, 38.297569274902308 ], [ -76.506896972656307, 38.297237396240263 ], [ -76.506134033203196, 38.296905517578104 ], [ -76.50517272949233, 38.296730041503892 ], [ -76.504211425781392, 38.296443939208984 ], [ -76.502952575683707, 38.296073913574219 ], [ -76.501953125000071, 38.295536041259794 ], [ -76.500373840332145, 38.294692993164105 ], [ -76.499366760253963, 38.293930053710987 ], [ -76.498451232910256, 38.293182373046839 ], [ -76.497360229492259, 38.29228973388674 ], [ -76.496360778808693, 38.291679382324205 ], [ -76.495292663574304, 38.290546417236335 ], [ -76.494293212890753, 38.289993286132834 ], [ -76.493438720703281, 38.289337158203161 ], [ -76.492614746093821, 38.288845062255874 ], [ -76.492073059082145, 38.287895202636754 ], [ -76.490951538086051, 38.287124633789062 ], [ -76.49027252197277, 38.286792755126918 ], [ -76.48951721191419, 38.286693572998118 ], [ -76.488357543945426, 38.286754608154318 ], [ -76.486846923828253, 38.286655426025398 ], [ -76.484870910644574, 38.286380767822294 ], [ -76.483528137207088, 38.286308288574254 ], [ -76.482192993164119, 38.286163330078125 ], [ -76.481399536132926, 38.285900115966818 ], [ -76.480735778808707, 38.285747528076151 ], [ -76.479850769043068, 38.285354614257862 ], [ -76.479095458984474, 38.285114288330085 ], [ -76.478363037109489, 38.284778594970753 ], [ -76.47716522216804, 38.284542083740241 ], [ -76.476638793945426, 38.284503936767557 ], [ -76.476028442382884, 38.284393310546925 ], [ -76.475769042968864, 38.284351348876953 ], [ -76.474769592285227, 38.283950805664055 ], [ -76.473777770996207, 38.283599853515646 ], [ -76.473190307617287, 38.283222198486342 ], [ -76.472366333007955, 38.282745361328132 ], [ -76.471984863281392, 38.282524108886705 ], [ -76.471366882324304, 38.282100677490277 ], [ -76.470779418945384, 38.281784057617202 ], [ -76.470108032226634, 38.28156661987304 ], [ -76.469192504882912, 38.280891418457017 ], [ -76.468605041503992, 38.280647277832038 ], [ -76.467872619629034, 38.280059814453125 ], [ -76.467628479003992, 38.279560089111307 ], [ -76.467178344726662, 38.278854370117244 ], [ -76.46685028076179, 38.278381347656307 ], [ -76.466659545898509, 38.277698516845739 ], [ -76.466567993164134, 38.277286529541023 ], [ -76.466499328613367, 38.276943206787145 ], [ -76.466262817382955, 38.276691436767557 ], [ -76.46549224853527, 38.276088714599652 ], [ -76.46293640136723, 38.274517059326179 ], [ -76.459121704101605, 38.272365570068388 ], [ -76.45858764648446, 38.271850585937514 ], [ -76.458290100097727, 38.271438598632777 ], [ -76.457809448242259, 38.270626068115256 ], [ -76.457557678222756, 38.269943237304688 ], [ -76.456985473632912, 38.268894195556634 ], [ -76.456718444824332, 38.268379211425831 ], [ -76.456405639648523, 38.267417907714886 ], [ -76.455963134765739, 38.266899108886726 ], [ -76.455429077148509, 38.266490936279276 ], [ -76.455154418945398, 38.266036987304695 ], [ -76.454650878906307, 38.265583038330099 ], [ -76.454124450683693, 38.265228271484418 ], [ -76.452949523925852, 38.264602661132812 ], [ -76.451950073242301, 38.263931274414048 ], [ -76.451187133789176, 38.263362884521477 ], [ -76.450508117675895, 38.26305770874022 ], [ -76.449516296386776, 38.262626647949233 ], [ -76.448432922363324, 38.262325286865249 ], [ -76.447532653808679, 38.262157440185575 ], [ -76.446891784668082, 38.261974334716847 ], [ -76.446220397949332, 38.261890411377003 ], [ -76.445556640625114, 38.262092590332003 ], [ -76.445007324218793, 38.262142181396506 ], [ -76.444511413574318, 38.262004852294893 ], [ -76.443870544433651, 38.261875152587926 ], [ -76.443405151367244, 38.261657714843764 ], [ -76.44255828857429, 38.261386871337919 ], [ -76.442176818847727, 38.26123809814451 ], [ -76.441268920898551, 38.260971069335916 ], [ -76.440650939941463, 38.260681152343736 ], [ -76.440040588378949, 38.260536193847685 ], [ -76.439308166503977, 38.260265350341854 ], [ -76.438606262207159, 38.25984191894532 ], [ -76.437522888183693, 38.259376525878935 ], [ -76.43730926513679, 38.258964538574226 ], [ -76.437011718750043, 38.258598327636726 ], [ -76.436775207519645, 38.258377075195298 ], [ -76.436424255371136, 38.258102416992166 ], [ -76.435913085937599, 38.257316589355526 ], [ -76.435165405273551, 38.256240844726591 ], [ -76.434844970703196, 38.256019592285156 ], [ -76.434242248535199, 38.255046844482422 ], [ -76.434150695800824, 38.254859924316399 ], [ -76.433670043945369, 38.254089355468729 ], [ -76.433311462402429, 38.253616333007805 ], [ -76.432571411132898, 38.252750396728494 ], [ -76.431892395019617, 38.252216339111342 ], [ -76.431098937988324, 38.251632690429695 ], [ -76.43053436279304, 38.251091003418004 ], [ -76.430030822753949, 38.250499725341811 ], [ -76.42926788330081, 38.250007629394531 ], [ -76.428680419921974, 38.249671936035178 ], [ -76.425842285156293, 38.248592376708999 ], [ -76.424133300781293, 38.245803833007805 ], [ -76.416191101074332, 38.228057861328111 ], [ -76.40534210205081, 38.209377288818338 ], [ -76.398460388183622, 38.199344635009751 ], [ -76.39591979980473, 38.19714736938473 ], [ -76.395942687988367, 38.196830749511754 ], [ -76.395759582519617, 38.19609451293951 ], [ -76.395683288574318, 38.195392608642607 ], [ -76.395706176757855, 38.194976806640625 ], [ -76.395759582519617, 38.194606781005874 ], [ -76.39566040039071, 38.194221496582024 ], [ -76.395568847656335, 38.193950653076179 ], [ -76.395614624023466, 38.193328857421939 ], [ -76.395469665527429, 38.193058013915994 ], [ -76.395454406738352, 38.192390441894517 ], [ -76.394920349121193, 38.191875457763707 ], [ -76.394790649414134, 38.191238403320305 ], [ -76.394699096679759, 38.190940856933651 ], [ -76.394462585449247, 38.190555572509808 ], [ -76.394195556640668, 38.190235137939474 ], [ -76.393867492675881, 38.189826965332017 ], [ -76.393600463867216, 38.189579010009787 ], [ -76.393005371093849, 38.189060211181634 ], [ -76.392601013183665, 38.188838958740277 ], [ -76.392333984375085, 38.188636779785199 ], [ -76.39183807373054, 38.188301086425781 ], [ -76.391365051269617, 38.187934875488295 ], [ -76.390838623046903, 38.187553405761726 ], [ -76.39054107666027, 38.187397003173864 ], [ -76.389945983886804, 38.186645507812557 ], [ -76.389442443847727, 38.186176300048871 ], [ -76.389091491699318, 38.18579101562505 ], [ -76.388793945312585, 38.185470581054702 ], [ -76.388496398925838, 38.185066223144531 ], [ -76.388259887695341, 38.184684753417969 ], [ -76.388137817382898, 38.184432983398466 ], [ -76.387718200683651, 38.18379592895505 ], [ -76.387443542480511, 38.183338165283182 ], [ -76.387237548828168, 38.183017730712947 ], [ -76.38681030273446, 38.181995391845682 ], [ -76.386596679687585, 38.181243896484368 ], [ -76.386344909668068, 38.180332183837933 ], [ -76.385917663574276, 38.179302215576222 ], [ -76.385673522949318, 38.178668975830071 ], [ -76.385314941406278, 38.17803192138674 ], [ -76.384918212890625, 38.177215576171832 ], [ -76.384712219238367, 38.176994323730497 ], [ -76.384269714355497, 38.176555633544893 ], [ -76.383682250976577, 38.176174163818338 ], [ -76.382980346679759, 38.175823211669929 ], [ -76.382362365722685, 38.175251007080092 ], [ -76.381889343261747, 38.174709320068402 ], [ -76.381553649902415, 38.174190521240234 ], [ -76.381141662597699, 38.173465728759801 ], [ -76.380455017089872, 38.172733306884744 ], [ -76.380180358886761, 38.172080993652337 ], [ -76.380004882812557, 38.171783447265604 ], [ -76.37998962402348, 38.171253204345724 ], [ -76.379928588867259, 38.17084884643554 ], [ -76.379875183105497, 38.169837951660185 ], [ -76.379920959472727, 38.169216156005838 ], [ -76.379913330078182, 38.168666839599609 ], [ -76.379898071289105, 38.168071746826151 ], [ -76.379798889160199, 38.167343139648452 ], [ -76.37967681884767, 38.166957855224624 ], [ -76.379463195800867, 38.166393280029311 ], [ -76.379219055175795, 38.165954589843807 ], [ -76.378799438476648, 38.165229797363281 ], [ -76.378471374511761, 38.164638519287088 ], [ -76.378143310546974, 38.164180755615241 ], [ -76.377815246582088, 38.163619995117202 ], [ -76.377388000488295, 38.163208007812486 ], [ -76.375946044921974, 38.15837860107424 ], [ -76.375801086425824, 38.156909942626932 ], [ -76.375343322753977, 38.156368255615234 ], [ -76.375122070312543, 38.155616760253928 ], [ -76.367256164550867, 38.134243011474616 ], [ -76.365570068359403, 38.130264282226591 ], [ -76.365798950195369, 38.129848480224624 ], [ -76.366111755371179, 38.1292724609375 ], [ -76.366638183593793, 38.12846374511723 ], [ -76.366920471191449, 38.128047943115249 ], [ -76.367492675781293, 38.127651214599588 ], [ -76.367691040039105, 38.127487182617209 ], [ -76.368392944336009, 38.126247406005888 ], [ -76.368652343750057, 38.12592697143554 ], [ -76.368927001953168, 38.125392913818381 ], [ -76.369148254394602, 38.124912261962926 ], [ -76.369293212890653, 38.124614715576193 ], [ -76.369560241699318, 38.123630523681626 ], [ -76.369659423828139, 38.122940063476612 ], [ -76.369758605957045, 38.121768951416037 ], [ -76.369743347168054, 38.121082305908196 ], [ -76.369873046875028, 38.120189666748018 ], [ -76.370147705078153, 38.119564056396491 ], [ -76.370346069335966, 38.11926651000978 ], [ -76.370574951171932, 38.119102478027372 ], [ -76.371086120605568, 38.118778228759766 ], [ -76.371315002441449, 38.118598937988288 ], [ -76.371604919433636, 38.118404388427727 ], [ -76.371826171875071, 38.118175506591854 ], [ -76.372085571289119, 38.117877960205114 ], [ -76.372283935546932, 38.117736816406236 ], [ -76.372482299804759, 38.117485046386754 ], [ -76.372589111328196, 38.117229461669886 ], [ -76.372558593750043, 38.116844177246158 ], [ -76.372459411621136, 38.116176605224666 ], [ -76.372421264648537, 38.115806579589815 ], [ -76.372329711914062, 38.115539550781243 ], [ -76.372116088867273, 38.115173339843764 ], [ -76.371971130371122, 38.114902496337919 ], [ -76.371643066406335, 38.114582061767578 ], [ -76.371292114257841, 38.114425659179716 ], [ -76.370910644531278, 38.114204406738288 ], [ -76.370498657226648, 38.113952636718786 ], [ -76.369888305664105, 38.113647460937521 ], [ -76.369361877441492, 38.113422393798807 ], [ -76.369041442871151, 38.113269805908217 ], [ -76.368545532226605, 38.1131591796875 ], [ -76.368255615234418, 38.112998962402372 ], [ -76.367637634277429, 38.112754821777322 ], [ -76.366966247558679, 38.112358093261776 ], [ -76.366668701171946, 38.111965179443402 ], [ -76.366287231445384, 38.111419677734361 ], [ -76.365951538085966, 38.110809326171911 ], [ -76.365676879882841, 38.110057830810582 ], [ -76.365516662597699, 38.109283447265675 ], [ -76.365325927734432, 38.108303070068366 ], [ -76.365310668945355, 38.107471466064496 ], [ -76.365356445312585, 38.106903076171911 ], [ -76.365516662597699, 38.106075286865213 ], [ -76.365562438964858, 38.105670928955121 ], [ -76.36548614501956, 38.104732513427784 ], [ -76.365493774414091, 38.103588104248097 ], [ -76.365509033203182, 38.102828979492159 ], [ -76.365577697753935, 38.1020698547363 ], [ -76.36563110351571, 38.101612091064453 ], [ -76.365501403808636, 38.101135253906229 ], [ -76.365432739257869, 38.100513458251982 ], [ -76.365249633789148, 38.100131988525426 ], [ -76.364738464355511, 38.099109649658175 ], [ -76.364524841308622, 38.098190307617188 ], [ -76.363891601562557, 38.097198486328175 ], [ -76.363342285156335, 38.095691680908189 ], [ -76.362739562988338, 38.094444274902337 ], [ -76.361862182617216, 38.092510223388722 ], [ -76.359786987304744, 38.088573455810568 ], [ -76.358436584472699, 38.086002349853523 ], [ -76.358009338378992, 38.0848388671875 ], [ -76.357742309570312, 38.084453582763672 ], [ -76.357589721679744, 38.084022521972699 ], [ -76.357406616210994, 38.083683013916001 ], [ -76.357170104980483, 38.083316802978516 ], [ -76.356811523437543, 38.082660675048857 ], [ -76.356544494628949, 38.082271575927749 ], [ -76.356155395507841, 38.081794738769553 ], [ -76.355712890625085, 38.081275939941378 ], [ -76.355239868164148, 38.080661773681669 ], [ -76.354736328125043, 38.079982757568381 ], [ -76.354141235351605, 38.079124450683601 ], [ -76.353431701660242, 38.078392028808629 ], [ -76.352691650390639, 38.077880859375 ], [ -76.351547241210952, 38.077072143554744 ], [ -76.35104370117196, 38.07645416259767 ], [ -76.350631713867244, 38.075954437255852 ], [ -76.350364685058665, 38.075645446777401 ], [ -76.349891662597727, 38.075008392333984 ], [ -76.349563598632855, 38.074615478515597 ], [ -76.349090576171918, 38.074214935302798 ], [ -76.348625183105511, 38.073970794677741 ], [ -76.348152160644574, 38.073471069335923 ], [ -76.347656250000028, 38.072998046874993 ], [ -76.347152709960952, 38.072662353515661 ], [ -76.346885681152372, 38.072383880615277 ], [ -76.346450805664134, 38.072029113769517 ], [ -76.346061706543026, 38.071548461914041 ], [ -76.345527648925881, 38.070987701416009 ], [ -76.345207214355526, 38.070602416992159 ], [ -76.344787597656278, 38.070163726806655 ], [ -76.344551086425852, 38.069869995117188 ], [ -76.344230651855511, 38.069484710693366 ], [ -76.34372711181642, 38.069107055664055 ], [ -76.343437194824233, 38.068855285644574 ], [ -76.342674255371108, 38.068252563476584 ], [ -76.342483520507827, 38.067749023437486 ], [ -76.342163085937571, 38.067474365234375 ], [ -76.341804504394631, 38.066982269287074 ], [ -76.341514587402429, 38.066822052001967 ], [ -76.341163635253935, 38.066440582275398 ], [ -76.340805053710994, 38.066028594970696 ], [ -76.340507507324261, 38.065689086914084 ], [ -76.340126037597699, 38.065395355224616 ], [ -76.339660644531307, 38.065177917480455 ], [ -76.339225769043054, 38.064975738525376 ], [ -76.338897705078182, 38.064697265624979 ], [ -76.338340759277415, 38.064479827880909 ], [ -76.337875366211009, 38.064052581787109 ], [ -76.337493896484446, 38.063716888427784 ], [ -76.337051391601577, 38.063514709472706 ], [ -76.336700439453153, 38.063426971435597 ], [ -76.336441040039119, 38.063266754150369 ], [ -76.336059570312557, 38.063198089599631 ], [ -76.335540771484389, 38.06309890747071 ], [ -76.335075378417997, 38.062938690185575 ], [ -76.334609985351605, 38.062782287597635 ], [ -76.334403991699247, 38.062740325927763 ], [ -76.33411407470706, 38.062606811523438 ], [ -76.333793640136804, 38.062541961669936 ], [ -76.333389282226619, 38.062454223632827 ], [ -76.332977294921903, 38.062438964843778 ], [ -76.332695007324247, 38.062416076660149 ], [ -76.332199096679702, 38.062404632568338 ], [ -76.332054138183651, 38.062404632568352 ], [ -76.331535339355483, 38.062313079833963 ], [ -76.331214904785227, 38.062297821044893 ], [ -76.330780029296903, 38.062274932861378 ], [ -76.330284118652358, 38.062309265136719 ], [ -76.329879760742259, 38.062385559082095 ], [ -76.329566955566463, 38.062408447265611 ], [ -76.329132080078125, 38.062412261962884 ], [ -76.32872772216804, 38.062397003173807 ], [ -76.328208923339872, 38.062450408935561 ], [ -76.327682495117259, 38.062454223632827 ], [ -76.327339172363295, 38.062416076660142 ], [ -76.327095031738338, 38.061840057373033 ], [ -76.326942443847656, 38.061569213867195 ], [ -76.326736450195398, 38.061229705810582 ], [ -76.326522827148494, 38.060775756835909 ], [ -76.326141357421932, 38.060184478759815 ], [ -76.325668334960994, 38.059803009033239 ], [ -76.325332641601577, 38.058841705322308 ], [ -76.324966430664091, 38.057792663574261 ], [ -76.324661254882827, 38.056858062744205 ], [ -76.324348449707102, 38.055858612060561 ], [ -76.323526642546398, 38.048560322342368 ], [ -76.324385085706709, 38.050285799828927 ] ] ], [ [ [ -76.47203658820446, 38.107819128412025 ], [ -76.474325409509703, 38.111465974692535 ], [ -76.478933565062107, 38.116489924153257 ], [ -76.482992398167184, 38.118790184760059 ], [ -76.489385824724835, 38.122471366539727 ], [ -76.488767849385169, 38.125183608776489 ], [ -76.483495948613452, 38.125141643484369 ], [ -76.478254562135888, 38.12328388288217 ], [ -76.47067858547193, 38.1214070480789 ], [ -76.46541431250597, 38.120911132919893 ], [ -76.464262275444199, 38.11999178995044 ], [ -76.465467711842535, 38.117283363166976 ], [ -76.468412649243774, 38.11594822670645 ], [ -76.466116199254174, 38.112755329675181 ], [ -76.461515672927021, 38.107277432237403 ], [ -76.46153855799875, 38.105465455136986 ], [ -76.465673678, 38.102779919051493 ], [ -76.469160304900612, 38.104168470539669 ], [ -76.47203658820446, 38.107819128412025 ] ] ], [ [ [ -76.735501422654465, 38.146244179742332 ], [ -76.73849212514736, 38.144497041597411 ], [ -76.742734095736211, 38.156379835452363 ], [ -76.74784578414102, 38.160576002104193 ], [ -76.753026133370753, 38.162960187410839 ], [ -76.757054447015221, 38.164863722177444 ], [ -76.757519854733857, 38.168048998660232 ], [ -76.754613060237517, 38.167530202189077 ], [ -76.743580988023993, 38.165016320893209 ], [ -76.738621872475406, 38.156742236646927 ], [ -76.737019690669257, 38.152626175130322 ], [ -76.735501422654465, 38.146244179742332 ] ] ], [ [ [ -76.854352319847351, 38.266800088809411 ], [ -76.852002473549888, 38.267696544037179 ], [ -76.848492956236086, 38.266773390857082 ], [ -76.844991065445541, 38.2649385252165 ], [ -76.843236305825471, 38.264930898315143 ], [ -76.840298998225322, 38.265819724184105 ], [ -76.838551866531944, 38.264450251230762 ], [ -76.836827614444928, 38.26036471560591 ], [ -76.836850495233605, 38.258098785498788 ], [ -76.838040672750708, 38.256290618935502 ], [ -76.844472244610884, 38.25768297642481 ], [ -76.850308728291779, 38.260437181660137 ], [ -76.852635694783757, 38.262260602666274 ], [ -76.854375201030237, 38.264988108796096 ], [ -76.854352319847351, 38.266800088809411 ] ] ] ] } }
]
}
